event_id,rig_id,sensor_id,sensor_type,value,unit,event_timestamp
E000001,RIG_06,SEN_04,temperature,70.97,C,2025-02-01 00:00:00
E000002,RIG_02,SEN_10,flow,286.22,l/min,2025-02-01 00:00:30
E000003,RIG_07,SEN_17,vibration,4.34,mm/s,2025-02-01 00:01:00
E000004,RIG_02,SEN_13,temperature,72.33,C,2025-02-01 00:01:30
E000005,RIG_04,SEN_17,flow,118.35,l/min,2025-02-01 00:02:00
E000006,RIG_08,SEN_19,pressure,2061.25,psi,2025-02-01 00:02:30
E000007,RIG_07,SEN_14,vibration,1.99,mm/s,2025-02-01 00:03:00
E000008,RIG_03,SEN_15,vibration,4.57,mm/s,2025-02-01 00:03:30
E000009,RIG_02,SEN_02,pressure,2959.57,psi,2025-02-01 00:04:00
E000010,RIG_07,SEN_04,vibration,2.14,mm/s,2025-02-01 00:04:30
E000011,RIG_03,SEN_02,pressure,2242.28,psi,2025-02-01 00:05:00
E000012,RIG_08,SEN_15,flow,121.13,l/min,2025-02-01 00:05:30
E000013,RIG_07,SEN_05,flow,99.38,l/min,2025-02-01 00:06:00
E000014,RIG_10,SEN_01,flow,295.67,l/min,2025-02-01 00:06:30
E000015,RIG_05,SEN_12,pressure,2675.68,psi,2025-02-01 00:07:00
E000016,RIG_03,SEN_20,flow,129.21,l/min,2025-02-01 00:07:30
E000017,RIG_09,SEN_02,vibration,2.19,mm/s,2025-02-01 00:08:00
E000018,RIG_08,SEN_20,flow,92.71,l/min,2025-02-01 00:08:30
E000019,RIG_02,SEN_19,pressure,2464.14,psi,2025-02-01 00:09:00
E000020,RIG_02,SEN_05,pressure,2494.43,psi,2025-02-01 00:09:30
E000021,RIG_02,SEN_04,flow,109.67,l/min,2025-02-01 00:10:00
E000022,RIG_09,SEN_07,pressure,2229.47,psi,2025-02-01 00:10:30
E000023,RIG_04,SEN_14,vibration,1.75,mm/s,2025-02-01 00:11:00
E000024,RIG_03,SEN_03,vibration,3.08,mm/s,2025-02-01 00:11:30
E000025,RIG_08,SEN_14,temperature,77.4,C,2025-02-01 00:12:00
E000026,RIG_03,SEN_11,pressure,2734.14,psi,2025-02-01 00:12:30
E000027,RIG_05,SEN_16,temperature,78.3,C,2025-02-01 00:13:00
E000028,RIG_09,SEN_14,vibration,1.47,mm/s,2025-02-01 00:13:30
E000029,RIG_09,SEN_05,flow,94.3,l/min,2025-02-01 00:14:00
E000030,RIG_09,SEN_01,temperature,73.82,C,2025-02-01 00:14:30
E000031,RIG_08,SEN_08,flow,117.71,l/min,2025-02-01 00:15:00
E000032,RIG_05,SEN_16,vibration,4.26,mm/s,2025-02-01 00:15:30
E000033,RIG_07,SEN_05,flow,111.2,l/min,2025-02-01 00:16:00
E000034,RIG_08,SEN_09,flow,253.93,l/min,2025-02-01 00:16:30
E000035,RIG_01,SEN_17,temperature,195.72,C,2025-02-01 00:17:00
E000036,RIG_10,SEN_10,flow,230.45,l/min,2025-02-01 00:17:30
E000037,RIG_05,SEN_04,flow,224.85,l/min,2025-02-01 00:18:00
E000038,RIG_09,SEN_10,vibration,2.3,mm/s,2025-02-01 00:18:30
E000039,RIG_03,SEN_05,pressure,2796.49,psi,2025-02-01 00:19:00
E000040,RIG_04,SEN_13,temperature,70.89,C,2025-02-01 00:19:30
E000041,RIG_05,SEN_03,temperature,87.87,C,2025-02-01 00:20:00
E000042,RIG_07,SEN_18,flow,110.29,l/min,2025-02-01 00:20:30
E000043,RIG_01,SEN_11,flow,286.64,l/min,2025-02-01 00:21:00
E000044,RIG_07,SEN_09,flow,109.8,l/min,2025-02-01 00:21:30
E000045,RIG_01,SEN_01,flow,120.72,l/min,2025-02-01 00:22:00
E000046,RIG_09,SEN_14,flow,121.31,l/min,2025-02-01 00:22:30
E000047,RIG_07,SEN_07,vibration,3.82,mm/s,2025-02-01 00:23:00
E000048,RIG_08,SEN_16,pressure,2213.14,psi,2025-02-01 00:23:30
E000049,RIG_08,SEN_11,flow,109.32,l/min,2025-02-01 00:24:00
E000050,RIG_08,SEN_15,temperature,86.44,C,2025-02-01 00:24:30
E000051,RIG_01,SEN_02,pressure,2556.0,psi,2025-02-01 00:25:00
E000052,RIG_10,SEN_06,pressure,2670.48,psi,2025-02-01 00:25:30
E000053,RIG_02,SEN_06,pressure,2332.52,psi,2025-02-01 00:26:00
E000054,RIG_09,SEN_15,vibration,1.8,mm/s,2025-02-01 00:26:30
E000055,RIG_04,SEN_03,temperature,87.09,C,2025-02-01 00:27:00
E000056,RIG_03,SEN_04,vibration,3.91,mm/s,2025-02-01 00:27:30
E000057,RIG_02,SEN_10,vibration,2.5,mm/s,2025-02-01 00:28:00
E000058,RIG_04,SEN_17,vibration,1.71,mm/s,2025-02-01 00:28:30
E000059,RIG_05,SEN_03,pressure,2084.94,psi,2025-02-01 00:29:00
E000060,RIG_07,SEN_12,pressure,2790.84,psi,2025-02-01 00:29:30
E000061,RIG_09,SEN_03,vibration,1.8,mm/s,2025-02-01 00:30:00
E000062,RIG_08,SEN_15,flow,114.18,l/min,2025-02-01 00:30:30
E000063,RIG_08,SEN_14,flow,122.94,l/min,2025-02-01 00:31:00
E000064,RIG_03,SEN_09,temperature,71.5,C,2025-02-01 00:31:30
E000065,RIG_01,SEN_07,vibration,2.28,mm/s,2025-02-01 00:32:00
E000066,RIG_02,SEN_01,temperature,85.59,C,2025-02-01 00:32:30
E000067,RIG_06,SEN_04,temperature,85.66,C,2025-02-01 00:33:00
E000068,RIG_02,SEN_08,flow,92.17,l/min,2025-02-01 00:33:30
E000069,RIG_06,SEN_09,flow,105.11,l/min,2025-02-01 00:34:00
E000070,RIG_06,SEN_04,vibration,1.53,mm/s,2025-02-01 00:34:30
E000071,RIG_01,SEN_02,flow,114.2,l/min,2025-02-01 00:35:00
E000072,RIG_07,SEN_12,pressure,2271.08,psi,2025-02-01 00:35:30
E000073,RIG_01,SEN_03,pressure,6141.42,psi,2025-02-01 00:36:00
E000074,RIG_06,SEN_05,pressure,2287.03,psi,2025-02-01 00:36:30
E000075,RIG_07,SEN_10,vibration,2.49,mm/s,2025-02-01 00:37:00
E000076,RIG_03,SEN_15,flow,112.01,l/min,2025-02-01 00:37:30
E000077,RIG_06,SEN_03,flow,105.71,l/min,2025-02-01 00:38:00
E000078,RIG_09,SEN_07,vibration,4.1,mm/s,2025-02-01 00:38:30
E000079,RIG_05,SEN_04,temperature,74.31,C,2025-02-01 00:39:00
E000080,RIG_05,SEN_09,temperature,77.16,C,2025-02-01 00:39:30
E000081,RIG_10,SEN_06,flow,90.43,l/min,2025-02-01 00:40:00
E000082,RIG_02,SEN_04,vibration,2.94,mm/s,2025-02-01 00:40:30
E000083,RIG_02,SEN_19,pressure,2188.38,psi,2025-02-01 00:41:00
E000084,RIG_10,SEN_20,temperature,76.94,C,2025-02-01 00:41:30
E000085,RIG_07,SEN_17,vibration,1.58,mm/s,2025-02-01 00:42:00
E000086,RIG_04,SEN_15,pressure,2030.55,psi,2025-02-01 00:42:30
E000087,RIG_06,SEN_14,vibration,2.69,mm/s,2025-02-01 00:43:00
E000088,RIG_10,SEN_11,flow,117.85,l/min,2025-02-01 00:43:30
E000089,RIG_10,SEN_01,pressure,2227.37,psi,2025-02-01 00:44:00
E000090,RIG_04,SEN_06,vibration,9.56,mm/s,2025-02-01 00:44:30
E000091,RIG_09,SEN_05,flow,104.96,l/min,2025-02-01 00:45:00
E000092,RIG_07,SEN_02,vibration,1.59,mm/s,2025-02-01 00:45:30
E000093,RIG_08,SEN_19,vibration,4.23,mm/s,2025-02-01 00:46:00
E000094,RIG_01,SEN_18,pressure,2977.13,psi,2025-02-01 00:46:30
E000095,RIG_02,SEN_10,vibration,1.17,mm/s,2025-02-01 00:47:00
E000096,RIG_01,SEN_08,flow,130.19,l/min,2025-02-01 00:47:30
E000097,RIG_08,SEN_04,temperature,78.17,C,2025-02-01 00:48:00
E000098,RIG_01,SEN_03,flow,119.49,l/min,2025-02-01 00:48:30
E000099,RIG_03,SEN_05,temperature,88.64,C,2025-02-01 00:49:00
E000100,RIG_09,SEN_09,temperature,207.06,C,2025-02-01 00:49:30
E000101,RIG_07,SEN_02,pressure,2469.17,psi,2025-02-01 00:50:00
E000102,RIG_09,SEN_15,pressure,2170.85,psi,2025-02-01 00:50:30
E000103,RIG_10,SEN_08,pressure,2654.9,psi,2025-02-01 00:51:00
E000104,RIG_06,SEN_07,flow,126.65,l/min,2025-02-01 00:51:30
E000105,RIG_08,SEN_16,flow,91.51,l/min,2025-02-01 00:52:00
E000106,RIG_10,SEN_07,temperature,81.0,C,2025-02-01 00:52:30
E000107,RIG_06,SEN_02,vibration,2.33,mm/s,2025-02-01 00:53:00
E000108,RIG_06,SEN_12,flow,127.72,l/min,2025-02-01 00:53:30
E000109,RIG_08,SEN_02,vibration,4.49,mm/s,2025-02-01 00:54:00
E000110,RIG_09,SEN_08,temperature,70.39,C,2025-02-01 00:54:30
E000111,RIG_01,SEN_17,vibration,4.54,mm/s,2025-02-01 00:55:00
E000112,RIG_08,SEN_14,flow,117.6,l/min,2025-02-01 00:55:30
E000113,RIG_07,SEN_14,temperature,76.34,C,2025-02-01 00:56:00
E000114,RIG_07,SEN_15,temperature,74.76,C,2025-02-01 00:56:30
E000115,RIG_08,SEN_09,flow,263.28,l/min,2025-02-01 00:57:00
E000116,RIG_01,SEN_04,flow,112.32,l/min,2025-02-01 00:57:30
E000117,RIG_01,SEN_07,temperature,76.89,C,2025-02-01 00:58:00
E000118,RIG_04,SEN_01,pressure,2657.35,psi,2025-02-01 00:58:30
E000119,RIG_08,SEN_13,vibration,2.12,mm/s,2025-02-01 00:59:00
E000120,RIG_10,SEN_03,flow,90.76,l/min,2025-02-01 00:59:30
E000121,RIG_06,SEN_12,pressure,2591.31,psi,2025-02-01 01:00:00
E000122,RIG_03,SEN_12,pressure,5185.45,psi,2025-02-01 01:00:30
E000123,RIG_07,SEN_20,pressure,2880.08,psi,2025-02-01 01:01:00
E000124,RIG_04,SEN_18,pressure,2473.54,psi,2025-02-01 01:01:30
E000125,RIG_09,SEN_20,pressure,2512.25,psi,2025-02-01 01:02:00
E000126,RIG_02,SEN_17,vibration,2.3,mm/s,2025-02-01 01:02:30
E000127,RIG_09,SEN_20,vibration,5.0,mm/s,2025-02-01 01:03:00
E000128,RIG_02,SEN_03,flow,107.66,l/min,2025-02-01 01:03:30
E000129,RIG_01,SEN_18,temperature,83.29,C,2025-02-01 01:04:00
E000130,RIG_04,SEN_12,pressure,2324.06,psi,2025-02-01 01:04:30
E000131,RIG_04,SEN_16,pressure,2103.84,psi,2025-02-01 01:05:00
E000132,RIG_10,SEN_07,vibration,1.8,mm/s,2025-02-01 01:05:30
E000133,RIG_07,SEN_08,pressure,2402.22,psi,2025-02-01 01:06:00
E000134,RIG_07,SEN_12,flow,102.87,l/min,2025-02-01 01:06:30
E000135,RIG_02,SEN_19,temperature,72.97,C,2025-02-01 01:07:00
E000136,RIG_01,SEN_03,vibration,3.39,mm/s,2025-02-01 01:07:30
E000137,RIG_07,SEN_06,pressure,2235.17,psi,2025-02-01 01:08:00
E000138,RIG_07,SEN_18,pressure,2734.66,psi,2025-02-01 01:08:30
E000139,RIG_02,SEN_07,pressure,2983.93,psi,2025-02-01 01:09:00
E000140,RIG_02,SEN_01,flow,109.11,l/min,2025-02-01 01:09:30
E000141,RIG_07,SEN_05,vibration,10.83,mm/s,2025-02-01 01:10:00
E000142,RIG_07,SEN_10,flow,123.92,l/min,2025-02-01 01:10:30
E000143,RIG_02,SEN_01,temperature,79.9,C,2025-02-01 01:11:00
E000144,RIG_04,SEN_09,flow,105.17,l/min,2025-02-01 01:11:30
E000145,RIG_07,SEN_10,vibration,1.48,mm/s,2025-02-01 01:12:00
E000146,RIG_06,SEN_06,flow,128.55,l/min,2025-02-01 01:12:30
E000147,RIG_06,SEN_02,flow,115.55,l/min,2025-02-01 01:13:00
E000148,RIG_02,SEN_05,flow,106.52,l/min,2025-02-01 01:13:30
E000149,RIG_09,SEN_07,vibration,1.07,mm/s,2025-02-01 01:14:00
E000150,RIG_01,SEN_14,vibration,2.47,mm/s,2025-02-01 01:14:30
E000151,RIG_02,SEN_07,flow,116.0,l/min,2025-02-01 01:15:00
E000152,RIG_03,SEN_15,flow,118.59,l/min,2025-02-01 01:15:30
E000153,RIG_08,SEN_20,vibration,7.58,mm/s,2025-02-01 01:16:00
E000154,RIG_05,SEN_03,temperature,82.54,C,2025-02-01 01:16:30
E000155,RIG_01,SEN_12,pressure,2296.57,psi,2025-02-01 01:17:00
E000156,RIG_09,SEN_15,pressure,2069.72,psi,2025-02-01 01:17:30
E000157,RIG_06,SEN_12,vibration,2.94,mm/s,2025-02-01 01:18:00
E000158,RIG_03,SEN_11,pressure,5135.16,psi,2025-02-01 01:18:30
E000159,RIG_04,SEN_20,vibration,3.93,mm/s,2025-02-01 01:19:00
E000160,RIG_03,SEN_12,vibration,3.39,mm/s,2025-02-01 01:19:30
E000161,RIG_09,SEN_15,flow,125.84,l/min,2025-02-01 01:20:00
E000162,RIG_09,SEN_13,pressure,5742.78,psi,2025-02-01 01:20:30
E000163,RIG_10,SEN_01,pressure,2941.75,psi,2025-02-01 01:21:00
E000164,RIG_08,SEN_18,temperature,72.87,C,2025-02-01 01:21:30
E000165,RIG_03,SEN_06,vibration,4.76,mm/s,2025-02-01 01:22:00
E000166,RIG_08,SEN_12,temperature,72.47,C,2025-02-01 01:22:30
E000167,RIG_08,SEN_02,vibration,2.21,mm/s,2025-02-01 01:23:00
E000168,RIG_10,SEN_18,vibration,5.04,mm/s,2025-02-01 01:23:30
E000169,RIG_02,SEN_04,flow,126.61,l/min,2025-02-01 01:24:00
E000170,RIG_03,SEN_09,flow,142.78,l/min,2025-02-01 01:24:30
E000171,RIG_08,SEN_19,temperature,85.51,C,2025-02-01 01:25:00
E000172,RIG_08,SEN_10,temperature,79.08,C,2025-02-01 01:25:30
E000173,RIG_04,SEN_13,temperature,80.34,C,2025-02-01 01:26:00
E000174,RIG_03,SEN_11,temperature,72.1,C,2025-02-01 01:26:30
E000175,RIG_07,SEN_01,vibration,1.91,mm/s,2025-02-01 01:27:00
E000176,RIG_03,SEN_14,vibration,1.2,mm/s,2025-02-01 01:27:30
E000177,RIG_10,SEN_09,pressure,2796.95,psi,2025-02-01 01:28:00
E000178,RIG_02,SEN_13,flow,98.91,l/min,2025-02-01 01:28:30
E000179,RIG_01,SEN_11,vibration,1.24,mm/s,2025-02-01 01:29:00
E000180,RIG_02,SEN_11,pressure,2267.28,psi,2025-02-01 01:29:30
E000181,RIG_05,SEN_09,pressure,2289.76,psi,2025-02-01 01:30:00
E000182,RIG_04,SEN_12,pressure,2330.31,psi,2025-02-01 01:30:30
E000183,RIG_01,SEN_04,pressure,2606.12,psi,2025-02-01 01:31:00
E000184,RIG_02,SEN_08,vibration,3.22,mm/s,2025-02-01 01:31:30
E000185,RIG_02,SEN_03,pressure,2639.53,psi,2025-02-01 01:32:00
E000186,RIG_06,SEN_06,pressure,2388.25,psi,2025-02-01 01:32:30
E000187,RIG_03,SEN_13,vibration,4.54,mm/s,2025-02-01 01:33:00
E000188,RIG_07,SEN_08,flow,120.87,l/min,2025-02-01 01:33:30
E000189,RIG_07,SEN_11,temperature,81.04,C,2025-02-01 01:34:00
E000190,RIG_08,SEN_03,pressure,2432.79,psi,2025-02-01 01:34:30
E000191,RIG_05,SEN_15,flow,111.25,l/min,2025-02-01 01:35:00
E000192,RIG_08,SEN_18,temperature,81.86,C,2025-02-01 01:35:30
E000193,RIG_08,SEN_13,vibration,2.23,mm/s,2025-02-01 01:36:00
E000194,RIG_04,SEN_16,temperature,84.34,C,2025-02-01 01:36:30
E000195,RIG_10,SEN_11,temperature,78.49,C,2025-02-01 01:37:00
E000196,RIG_01,SEN_05,flow,115.47,l/min,2025-02-01 01:37:30
E000197,RIG_07,SEN_01,temperature,78.45,C,2025-02-01 01:38:00
E000198,RIG_08,SEN_08,temperature,90.05,C,2025-02-01 01:38:30
E000199,RIG_05,SEN_07,vibration,4.17,mm/s,2025-02-01 01:39:00
E000200,RIG_08,SEN_13,temperature,81.09,C,2025-02-01 01:39:30
E000201,RIG_10,SEN_11,vibration,2.17,mm/s,2025-02-01 01:40:00
E000202,RIG_01,SEN_10,pressure,2988.3,psi,2025-02-01 01:40:30
E000203,RIG_05,SEN_19,flow,103.02,l/min,2025-02-01 01:41:00
E000204,RIG_05,SEN_04,temperature,89.76,C,2025-02-01 01:41:30
E000205,RIG_06,SEN_01,temperature,77.62,C,2025-02-01 01:42:00
E000206,RIG_06,SEN_20,temperature,73.8,C,2025-02-01 01:42:30
E000207,RIG_06,SEN_05,pressure,2827.7,psi,2025-02-01 01:43:00
E000208,RIG_06,SEN_13,pressure,2658.89,psi,2025-02-01 01:43:30
E000209,RIG_01,SEN_01,vibration,2.92,mm/s,2025-02-01 01:44:00
E000210,RIG_09,SEN_11,pressure,2287.44,psi,2025-02-01 01:44:30
E000211,RIG_01,SEN_12,vibration,3.39,mm/s,2025-02-01 01:45:00
E000212,RIG_05,SEN_07,flow,112.78,l/min,2025-02-01 01:45:30
E000213,RIG_05,SEN_15,pressure,3001.83,psi,2025-02-01 01:46:00
E000214,RIG_02,SEN_11,pressure,2817.62,psi,2025-02-01 01:46:30
E000215,RIG_01,SEN_18,vibration,1.26,mm/s,2025-02-01 01:47:00
E000216,RIG_09,SEN_14,pressure,2682.6,psi,2025-02-01 01:47:30
E000217,RIG_05,SEN_15,flow,109.49,l/min,2025-02-01 01:48:00
E000218,RIG_10,SEN_10,pressure,2141.26,psi,2025-02-01 01:48:30
E000219,RIG_02,SEN_19,flow,123.53,l/min,2025-02-01 01:49:00
E000220,RIG_08,SEN_08,temperature,88.09,C,2025-02-01 01:49:30
E000221,RIG_06,SEN_10,vibration,3.98,mm/s,2025-02-01 01:50:00
E000222,RIG_02,SEN_07,flow,126.53,l/min,2025-02-01 01:50:30
E000223,RIG_05,SEN_15,flow,104.99,l/min,2025-02-01 01:51:00
E000224,RIG_08,SEN_06,flow,115.77,l/min,2025-02-01 01:51:30
E000225,RIG_10,SEN_08,flow,127.13,l/min,2025-02-01 01:52:00
E000226,RIG_10,SEN_06,flow,98.19,l/min,2025-02-01 01:52:30
E000227,RIG_03,SEN_01,pressure,2313.84,psi,2025-02-01 01:53:00
E000228,RIG_06,SEN_08,temperature,77.93,C,2025-02-01 01:53:30
E000229,RIG_08,SEN_02,pressure,2571.25,psi,2025-02-01 01:54:00
E000230,RIG_01,SEN_16,pressure,2182.79,psi,2025-02-01 01:54:30
E000231,RIG_09,SEN_19,temperature,84.61,C,2025-02-01 01:55:00
E000232,RIG_03,SEN_18,temperature,202.47,C,2025-02-01 01:55:30
E000233,RIG_01,SEN_05,flow,114.61,l/min,2025-02-01 01:56:00
E000234,RIG_10,SEN_01,flow,114.29,l/min,2025-02-01 01:56:30
E000235,RIG_10,SEN_12,temperature,84.7,C,2025-02-01 01:57:00
E000236,RIG_01,SEN_18,vibration,4.93,mm/s,2025-02-01 01:57:30
E000237,RIG_05,SEN_08,temperature,84.71,C,2025-02-01 01:58:00
E000238,RIG_05,SEN_20,vibration,1.4,mm/s,2025-02-01 01:58:30
E000239,RIG_06,SEN_19,vibration,4.23,mm/s,2025-02-01 01:59:00
E000240,RIG_07,SEN_06,temperature,79.81,C,2025-02-01 01:59:30
E000241,RIG_10,SEN_02,pressure,2105.28,psi,2025-02-01 02:00:00
E000242,RIG_09,SEN_03,temperature,77.76,C,2025-02-01 02:00:30
E000243,RIG_09,SEN_11,pressure,2039.6,psi,2025-02-01 02:01:00
E000244,RIG_05,SEN_18,vibration,4.44,mm/s,2025-02-01 02:01:30
E000245,RIG_06,SEN_05,pressure,2119.68,psi,2025-02-01 02:02:00
E000246,RIG_01,SEN_07,temperature,85.03,C,2025-02-01 02:02:30
E000247,RIG_04,SEN_05,vibration,1.55,mm/s,2025-02-01 02:03:00
E000248,RIG_09,SEN_03,temperature,78.41,C,2025-02-01 02:03:30
E000249,RIG_04,SEN_18,flow,112.58,l/min,2025-02-01 02:04:00
E000250,RIG_08,SEN_14,flow,124.6,l/min,2025-02-01 02:04:30
E000251,RIG_04,SEN_04,pressure,2555.59,psi,2025-02-01 02:05:00
E000252,RIG_03,SEN_04,vibration,4.66,mm/s,2025-02-01 02:05:30
E000253,RIG_04,SEN_12,temperature,76.7,C,2025-02-01 02:06:00
E000254,RIG_01,SEN_01,vibration,4.99,mm/s,2025-02-01 02:06:30
E000255,RIG_09,SEN_07,pressure,2870.88,psi,2025-02-01 02:07:00
E000256,RIG_08,SEN_06,pressure,2736.43,psi,2025-02-01 02:07:30
E000257,RIG_07,SEN_07,vibration,1.68,mm/s,2025-02-01 02:08:00
E000258,RIG_10,SEN_15,pressure,2908.57,psi,2025-02-01 02:08:30
E000259,RIG_03,SEN_18,temperature,76.59,C,2025-02-01 02:09:00
E000260,RIG_03,SEN_20,flow,125.45,l/min,2025-02-01 02:09:30
E000261,RIG_10,SEN_06,vibration,4.35,mm/s,2025-02-01 02:10:00
E000262,RIG_03,SEN_07,temperature,74.91,C,2025-02-01 02:10:30
E000263,RIG_01,SEN_18,temperature,80.92,C,2025-02-01 02:11:00
E000264,RIG_08,SEN_12,pressure,2225.73,psi,2025-02-01 02:11:30
E000265,RIG_10,SEN_19,flow,94.62,l/min,2025-02-01 02:12:00
E000266,RIG_07,SEN_07,flow,128.76,l/min,2025-02-01 02:12:30
E000267,RIG_06,SEN_08,flow,121.58,l/min,2025-02-01 02:13:00
E000268,RIG_04,SEN_01,pressure,2845.95,psi,2025-02-01 02:13:30
E000269,RIG_05,SEN_09,vibration,1.37,mm/s,2025-02-01 02:14:00
E000270,RIG_09,SEN_16,flow,129.79,l/min,2025-02-01 02:14:30
E000271,RIG_08,SEN_04,flow,130.02,l/min,2025-02-01 02:15:00
E000272,RIG_09,SEN_13,flow,110.03,l/min,2025-02-01 02:15:30
E000273,RIG_02,SEN_13,pressure,2826.82,psi,2025-02-01 02:16:00
E000274,RIG_09,SEN_12,flow,104.78,l/min,2025-02-01 02:16:30
E000275,RIG_10,SEN_08,pressure,2871.53,psi,2025-02-01 02:17:00
E000276,RIG_10,SEN_11,vibration,3.49,mm/s,2025-02-01 02:17:30
E000277,RIG_10,SEN_13,flow,129.52,l/min,2025-02-01 02:18:00
E000278,RIG_02,SEN_16,vibration,1.95,mm/s,2025-02-01 02:18:30
E000279,RIG_04,SEN_07,vibration,3.63,mm/s,2025-02-01 02:19:00
E000280,RIG_02,SEN_08,flow,107.14,l/min,2025-02-01 02:19:30
E000281,RIG_10,SEN_10,flow,127.79,l/min,2025-02-01 02:20:00
E000282,RIG_08,SEN_18,flow,112.67,l/min,2025-02-01 02:20:30
E000283,RIG_02,SEN_20,vibration,1.72,mm/s,2025-02-01 02:21:00
E000284,RIG_01,SEN_10,vibration,4.5,mm/s,2025-02-01 02:21:30
E000285,RIG_05,SEN_19,temperature,73.76,C,2025-02-01 02:22:00
E000286,RIG_07,SEN_10,vibration,2.73,mm/s,2025-02-01 02:22:30
E000287,RIG_09,SEN_06,vibration,1.56,mm/s,2025-02-01 02:23:00
E000288,RIG_08,SEN_01,temperature,83.23,C,2025-02-01 02:23:30
E000289,RIG_08,SEN_07,vibration,2.74,mm/s,2025-02-01 02:24:00
E000290,RIG_10,SEN_17,vibration,2.37,mm/s,2025-02-01 02:24:30
E000291,RIG_06,SEN_18,temperature,88.77,C,2025-02-01 02:25:00
E000292,RIG_05,SEN_16,vibration,5.85,mm/s,2025-02-01 02:25:30
E000293,RIG_04,SEN_10,pressure,3027.56,psi,2025-02-01 02:26:00
E000294,RIG_05,SEN_13,vibration,7.99,mm/s,2025-02-01 02:26:30
E000295,RIG_01,SEN_06,vibration,1.24,mm/s,2025-02-01 02:27:00
E000296,RIG_09,SEN_05,pressure,2527.92,psi,2025-02-01 02:27:30
E000297,RIG_09,SEN_12,pressure,2640.97,psi,2025-02-01 02:28:00
E000298,RIG_04,SEN_02,flow,109.35,l/min,2025-02-01 02:28:30
E000299,RIG_05,SEN_19,temperature,81.5,C,2025-02-01 02:29:00
E000300,RIG_03,SEN_04,pressure,2846.59,psi,2025-02-01 02:29:30
E000301,RIG_08,SEN_07,pressure,2377.56,psi,2025-02-01 02:30:00
E000302,RIG_08,SEN_03,pressure,5406.01,psi,2025-02-01 02:30:30
E000303,RIG_01,SEN_09,temperature,73.9,C,2025-02-01 02:31:00
E000304,RIG_04,SEN_14,pressure,2875.0,psi,2025-02-01 02:31:30
E000305,RIG_03,SEN_16,vibration,4.28,mm/s,2025-02-01 02:32:00
E000306,RIG_08,SEN_17,vibration,3.89,mm/s,2025-02-01 02:32:30
E000307,RIG_05,SEN_19,vibration,4.03,mm/s,2025-02-01 02:33:00
E000308,RIG_08,SEN_02,flow,106.6,l/min,2025-02-01 02:33:30
E000309,RIG_03,SEN_05,pressure,5532.22,psi,2025-02-01 02:34:00
E000310,RIG_04,SEN_04,pressure,3010.59,psi,2025-02-01 02:34:30
E000311,RIG_04,SEN_07,vibration,2.09,mm/s,2025-02-01 02:35:00
E000312,RIG_08,SEN_15,vibration,3.84,mm/s,2025-02-01 02:35:30
E000313,RIG_08,SEN_15,vibration,4.84,mm/s,2025-02-01 02:36:00
E000314,RIG_04,SEN_18,pressure,2275.64,psi,2025-02-01 02:36:30
E000315,RIG_06,SEN_07,temperature,203.3,C,2025-02-01 02:37:00
E000316,RIG_09,SEN_15,pressure,2764.52,psi,2025-02-01 02:37:30
E000317,RIG_02,SEN_10,vibration,2.95,mm/s,2025-02-01 02:38:00
E000318,RIG_04,SEN_04,pressure,2436.19,psi,2025-02-01 02:38:30
E000319,RIG_02,SEN_09,flow,97.75,l/min,2025-02-01 02:39:00
E000320,RIG_01,SEN_04,pressure,2339.76,psi,2025-02-01 02:39:30
E000321,RIG_10,SEN_19,temperature,88.98,C,2025-02-01 02:40:00
E000322,RIG_10,SEN_16,vibration,3.61,mm/s,2025-02-01 02:40:30
E000323,RIG_06,SEN_08,flow,100.2,l/min,2025-02-01 02:41:00
E000324,RIG_07,SEN_05,flow,127.1,l/min,2025-02-01 02:41:30
E000325,RIG_08,SEN_16,pressure,2756.72,psi,2025-02-01 02:42:00
E000326,RIG_04,SEN_01,vibration,4.57,mm/s,2025-02-01 02:42:30
E000327,RIG_08,SEN_13,temperature,73.78,C,2025-02-01 02:43:00
E000328,RIG_04,SEN_02,pressure,2067.04,psi,2025-02-01 02:43:30
E000329,RIG_01,SEN_11,flow,92.01,l/min,2025-02-01 02:44:00
E000330,RIG_03,SEN_04,pressure,3005.82,psi,2025-02-01 02:44:30
E000331,RIG_09,SEN_02,temperature,73.49,C,2025-02-01 02:45:00
E000332,RIG_07,SEN_09,vibration,2.62,mm/s,2025-02-01 02:45:30
E000333,RIG_01,SEN_06,temperature,77.63,C,2025-02-01 02:46:00
E000334,RIG_10,SEN_08,temperature,72.72,C,2025-02-01 02:46:30
E000335,RIG_07,SEN_16,vibration,3.51,mm/s,2025-02-01 02:47:00
E000336,RIG_06,SEN_11,temperature,77.36,C,2025-02-01 02:47:30
E000337,RIG_06,SEN_20,vibration,2.06,mm/s,2025-02-01 02:48:00
E000338,RIG_07,SEN_11,temperature,78.71,C,2025-02-01 02:48:30
E000339,RIG_03,SEN_10,vibration,10.2,mm/s,2025-02-01 02:49:00
E000340,RIG_04,SEN_18,flow,119.03,l/min,2025-02-01 02:49:30
E000341,RIG_09,SEN_12,flow,102.69,l/min,2025-02-01 02:50:00
E000342,RIG_01,SEN_02,vibration,2.26,mm/s,2025-02-01 02:50:30
E000343,RIG_10,SEN_06,vibration,5.04,mm/s,2025-02-01 02:51:00
E000344,RIG_06,SEN_12,vibration,2.89,mm/s,2025-02-01 02:51:30
E000345,RIG_01,SEN_19,vibration,1.37,mm/s,2025-02-01 02:52:00
E000346,RIG_10,SEN_17,flow,98.18,l/min,2025-02-01 02:52:30
E000347,RIG_08,SEN_19,temperature,79.55,C,2025-02-01 02:53:00
E000348,RIG_07,SEN_13,temperature,83.48,C,2025-02-01 02:53:30
E000349,RIG_02,SEN_13,temperature,81.11,C,2025-02-01 02:54:00
E000350,RIG_02,SEN_07,temperature,78.93,C,2025-02-01 02:54:30
E000351,RIG_06,SEN_19,temperature,80.38,C,2025-02-01 02:55:00
E000352,RIG_09,SEN_13,vibration,3.13,mm/s,2025-02-01 02:55:30
E000353,RIG_01,SEN_16,flow,125.57,l/min,2025-02-01 02:56:00
E000354,RIG_07,SEN_13,flow,128.49,l/min,2025-02-01 02:56:30
E000355,RIG_02,SEN_14,pressure,2187.33,psi,2025-02-01 02:57:00
E000356,RIG_04,SEN_12,temperature,79.67,C,2025-02-01 02:57:30
E000357,RIG_09,SEN_19,vibration,2.89,mm/s,2025-02-01 02:58:00
E000358,RIG_03,SEN_01,temperature,85.55,C,2025-02-01 02:58:30
E000359,RIG_06,SEN_05,pressure,2640.46,psi,2025-02-01 02:59:00
E000360,RIG_01,SEN_20,vibration,3.06,mm/s,2025-02-01 02:59:30
E000361,RIG_06,SEN_10,pressure,2224.83,psi,2025-02-01 03:00:00
E000362,RIG_02,SEN_09,flow,119.22,l/min,2025-02-01 03:00:30
E000363,RIG_01,SEN_18,vibration,2.28,mm/s,2025-02-01 03:01:00
E000364,RIG_07,SEN_19,temperature,79.36,C,2025-02-01 03:01:30
E000365,RIG_10,SEN_04,flow,97.05,l/min,2025-02-01 03:02:00
E000366,RIG_07,SEN_01,flow,92.99,l/min,2025-02-01 03:02:30
E000367,RIG_09,SEN_07,pressure,2330.46,psi,2025-02-01 03:03:00
E000368,RIG_05,SEN_16,flow,110.68,l/min,2025-02-01 03:03:30
E000369,RIG_06,SEN_08,pressure,2544.89,psi,2025-02-01 03:04:00
E000370,RIG_08,SEN_20,flow,206.66,l/min,2025-02-01 03:04:30
E000371,RIG_03,SEN_09,flow,120.15,l/min,2025-02-01 03:05:00
E000372,RIG_10,SEN_16,temperature,85.61,C,2025-02-01 03:05:30
E000373,RIG_08,SEN_20,pressure,2359.22,psi,2025-02-01 03:06:00
E000374,RIG_01,SEN_14,pressure,2120.87,psi,2025-02-01 03:06:30
E000375,RIG_01,SEN_20,flow,175.16,l/min,2025-02-01 03:07:00
E000376,RIG_02,SEN_18,temperature,74.69,C,2025-02-01 03:07:30
E000377,RIG_01,SEN_03,vibration,3.76,mm/s,2025-02-01 03:08:00
E000378,RIG_03,SEN_11,temperature,158.76,C,2025-02-01 03:08:30
E000379,RIG_01,SEN_15,vibration,6.03,mm/s,2025-02-01 03:09:00
E000380,RIG_02,SEN_13,flow,102.14,l/min,2025-02-01 03:09:30
E000381,RIG_05,SEN_13,pressure,2910.62,psi,2025-02-01 03:10:00
E000382,RIG_07,SEN_05,vibration,4.08,mm/s,2025-02-01 03:10:30
E000383,RIG_10,SEN_02,temperature,78.49,C,2025-02-01 03:11:00
E000384,RIG_06,SEN_05,flow,110.08,l/min,2025-02-01 03:11:30
E000385,RIG_07,SEN_10,pressure,2105.26,psi,2025-02-01 03:12:00
E000386,RIG_09,SEN_19,vibration,11.77,mm/s,2025-02-01 03:12:30
E000387,RIG_05,SEN_16,pressure,2752.78,psi,2025-02-01 03:13:00
E000388,RIG_04,SEN_19,pressure,2266.76,psi,2025-02-01 03:13:30
E000389,RIG_08,SEN_08,temperature,90.47,C,2025-02-01 03:14:00
E000390,RIG_03,SEN_09,temperature,78.65,C,2025-02-01 03:14:30
E000391,RIG_07,SEN_04,temperature,89.29,C,2025-02-01 03:15:00
E000392,RIG_09,SEN_05,pressure,5677.58,psi,2025-02-01 03:15:30
E000393,RIG_06,SEN_03,vibration,5.26,mm/s,2025-02-01 03:16:00
E000394,RIG_10,SEN_09,temperature,82.39,C,2025-02-01 03:16:30
E000395,RIG_07,SEN_11,flow,99.7,l/min,2025-02-01 03:17:00
E000396,RIG_04,SEN_06,vibration,2.84,mm/s,2025-02-01 03:17:30
E000397,RIG_08,SEN_04,flow,122.54,l/min,2025-02-01 03:18:00
E000398,RIG_04,SEN_02,flow,118.65,l/min,2025-02-01 03:18:30
E000399,RIG_08,SEN_06,flow,124.06,l/min,2025-02-01 03:19:00
E000400,RIG_10,SEN_18,flow,113.4,l/min,2025-02-01 03:19:30
E000401,RIG_06,SEN_19,temperature,90.7,C,2025-02-01 03:20:00
E000402,RIG_07,SEN_19,pressure,2327.62,psi,2025-02-01 03:20:30
E000403,RIG_01,SEN_20,pressure,2443.76,psi,2025-02-01 03:21:00
E000404,RIG_03,SEN_02,flow,167.11,l/min,2025-02-01 03:21:30
E000405,RIG_03,SEN_07,flow,114.6,l/min,2025-02-01 03:22:00
E000406,RIG_06,SEN_08,temperature,78.36,C,2025-02-01 03:22:30
E000407,RIG_10,SEN_18,pressure,2447.25,psi,2025-02-01 03:23:00
E000408,RIG_05,SEN_06,vibration,4.96,mm/s,2025-02-01 03:23:30
E000409,RIG_01,SEN_09,pressure,3024.2,psi,2025-02-01 03:24:00
E000410,RIG_04,SEN_04,flow,106.74,l/min,2025-02-01 03:24:30
E000411,RIG_04,SEN_08,flow,115.05,l/min,2025-02-01 03:25:00
E000412,RIG_10,SEN_13,vibration,1.56,mm/s,2025-02-01 03:25:30
E000413,RIG_01,SEN_09,vibration,12.0,mm/s,2025-02-01 03:26:00
E000414,RIG_06,SEN_11,vibration,4.77,mm/s,2025-02-01 03:26:30
E000415,RIG_04,SEN_02,pressure,2350.53,psi,2025-02-01 03:27:00
E000416,RIG_01,SEN_12,pressure,2176.25,psi,2025-02-01 03:27:30
E000417,RIG_04,SEN_09,temperature,87.46,C,2025-02-01 03:28:00
E000418,RIG_07,SEN_17,vibration,3.92,mm/s,2025-02-01 03:28:30
E000419,RIG_06,SEN_06,temperature,81.44,C,2025-02-01 03:29:00
E000420,RIG_04,SEN_16,flow,125.2,l/min,2025-02-01 03:29:30
E000421,RIG_08,SEN_14,temperature,75.68,C,2025-02-01 03:30:00
E000422,RIG_09,SEN_02,flow,125.92,l/min,2025-02-01 03:30:30
E000423,RIG_05,SEN_15,pressure,2580.17,psi,2025-02-01 03:31:00
E000424,RIG_03,SEN_07,flow,95.48,l/min,2025-02-01 03:31:30
E000425,RIG_03,SEN_16,flow,110.83,l/min,2025-02-01 03:32:00
E000426,RIG_07,SEN_15,flow,126.76,l/min,2025-02-01 03:32:30
E000427,RIG_04,SEN_16,flow,105.91,l/min,2025-02-01 03:33:00
E000428,RIG_02,SEN_06,pressure,3000.82,psi,2025-02-01 03:33:30
E000429,RIG_08,SEN_08,flow,124.96,l/min,2025-02-01 03:34:00
E000430,RIG_08,SEN_15,vibration,5.07,mm/s,2025-02-01 03:34:30
E000431,RIG_09,SEN_13,flow,94.29,l/min,2025-02-01 03:35:00
E000432,RIG_02,SEN_18,vibration,3.1,mm/s,2025-02-01 03:35:30
E000433,RIG_07,SEN_12,vibration,1.23,mm/s,2025-02-01 03:36:00
E000434,RIG_08,SEN_18,temperature,76.66,C,2025-02-01 03:36:30
E000435,RIG_02,SEN_20,pressure,4598.14,psi,2025-02-01 03:37:00
E000436,RIG_02,SEN_11,pressure,2090.75,psi,2025-02-01 03:37:30
E000437,RIG_08,SEN_19,vibration,1.46,mm/s,2025-02-01 03:38:00
E000438,RIG_06,SEN_04,vibration,4.4,mm/s,2025-02-01 03:38:30
E000439,RIG_04,SEN_11,temperature,87.13,C,2025-02-01 03:39:00
E000440,RIG_07,SEN_10,vibration,3.93,mm/s,2025-02-01 03:39:30
E000441,RIG_08,SEN_03,temperature,79.13,C,2025-02-01 03:40:00
E000442,RIG_09,SEN_02,temperature,90.01,C,2025-02-01 03:40:30
E000443,RIG_02,SEN_11,temperature,76.38,C,2025-02-01 03:41:00
E000444,RIG_01,SEN_06,pressure,2767.29,psi,2025-02-01 03:41:30
E000445,RIG_08,SEN_19,temperature,78.96,C,2025-02-01 03:42:00
E000446,RIG_03,SEN_08,pressure,2506.16,psi,2025-02-01 03:42:30
E000447,RIG_03,SEN_17,flow,118.88,l/min,2025-02-01 03:43:00
E000448,RIG_05,SEN_09,pressure,2999.89,psi,2025-02-01 03:43:30
E000449,RIG_08,SEN_20,vibration,2.36,mm/s,2025-02-01 03:44:00
E000450,RIG_09,SEN_05,vibration,1.78,mm/s,2025-02-01 03:44:30
E000451,RIG_03,SEN_11,vibration,2.37,mm/s,2025-02-01 03:45:00
E000452,RIG_03,SEN_10,vibration,3.26,mm/s,2025-02-01 03:45:30
E000453,RIG_08,SEN_15,temperature,88.05,C,2025-02-01 03:46:00
E000454,RIG_06,SEN_05,vibration,2.92,mm/s,2025-02-01 03:46:30
E000455,RIG_01,SEN_17,vibration,2.74,mm/s,2025-02-01 03:47:00
E000456,RIG_01,SEN_06,pressure,2668.49,psi,2025-02-01 03:47:30
E000457,RIG_01,SEN_06,flow,96.31,l/min,2025-02-01 03:48:00
E000458,RIG_10,SEN_15,flow,101.07,l/min,2025-02-01 03:48:30
E000459,RIG_01,SEN_09,pressure,2498.83,psi,2025-02-01 03:49:00
E000460,RIG_09,SEN_08,vibration,6.04,mm/s,2025-02-01 03:49:30
E000461,RIG_06,SEN_07,flow,108.04,l/min,2025-02-01 03:50:00
E000462,RIG_10,SEN_01,temperature,81.76,C,2025-02-01 03:50:30
E000463,RIG_03,SEN_15,flow,117.75,l/min,2025-02-01 03:51:00
E000464,RIG_08,SEN_05,flow,106.96,l/min,2025-02-01 03:51:30
E000465,RIG_10,SEN_11,temperature,80.65,C,2025-02-01 03:52:00
E000466,RIG_10,SEN_18,pressure,2405.88,psi,2025-02-01 03:52:30
E000467,RIG_09,SEN_09,vibration,4.92,mm/s,2025-02-01 03:53:00
E000468,RIG_05,SEN_18,pressure,2256.42,psi,2025-02-01 03:53:30
E000469,RIG_02,SEN_06,temperature,83.82,C,2025-02-01 03:54:00
E000470,RIG_03,SEN_17,temperature,72.4,C,2025-02-01 03:54:30
E000471,RIG_05,SEN_03,flow,101.29,l/min,2025-02-01 03:55:00
E000472,RIG_10,SEN_09,temperature,75.28,C,2025-02-01 03:55:30
E000473,RIG_04,SEN_05,flow,93.88,l/min,2025-02-01 03:56:00
E000474,RIG_01,SEN_17,vibration,1.28,mm/s,2025-02-01 03:56:30
E000475,RIG_08,SEN_14,vibration,2.21,mm/s,2025-02-01 03:57:00
E000476,RIG_07,SEN_17,pressure,2191.55,psi,2025-02-01 03:57:30
E000477,RIG_05,SEN_18,flow,115.4,l/min,2025-02-01 03:58:00
E000478,RIG_03,SEN_13,temperature,75.09,C,2025-02-01 03:58:30
E000479,RIG_03,SEN_09,flow,114.89,l/min,2025-02-01 03:59:00
E000480,RIG_04,SEN_06,flow,94.77,l/min,2025-02-01 03:59:30
E000481,RIG_01,SEN_16,pressure,2362.71,psi,2025-02-01 04:00:00
E000482,RIG_07,SEN_20,pressure,2537.65,psi,2025-02-01 04:00:30
E000483,RIG_03,SEN_07,temperature,75.88,C,2025-02-01 04:01:00
E000484,RIG_01,SEN_13,pressure,2636.9,psi,2025-02-01 04:01:30
E000485,RIG_04,SEN_06,pressure,2439.51,psi,2025-02-01 04:02:00
E000486,RIG_10,SEN_03,pressure,2167.11,psi,2025-02-01 04:02:30
E000487,RIG_04,SEN_18,pressure,2224.57,psi,2025-02-01 04:03:00
E000488,RIG_03,SEN_20,pressure,2695.09,psi,2025-02-01 04:03:30
E000489,RIG_06,SEN_02,flow,119.76,l/min,2025-02-01 04:04:00
E000490,RIG_04,SEN_05,temperature,90.55,C,2025-02-01 04:04:30
E000491,RIG_10,SEN_18,temperature,199.39,C,2025-02-01 04:05:00
E000492,RIG_02,SEN_15,flow,116.49,l/min,2025-02-01 04:05:30
E000493,RIG_04,SEN_19,flow,121.82,l/min,2025-02-01 04:06:00
E000494,RIG_08,SEN_18,vibration,4.41,mm/s,2025-02-01 04:06:30
E000495,RIG_07,SEN_19,flow,102.43,l/min,2025-02-01 04:07:00
E000496,RIG_04,SEN_16,vibration,1.7,mm/s,2025-02-01 04:07:30
E000497,RIG_05,SEN_20,vibration,2.73,mm/s,2025-02-01 04:08:00
E000498,RIG_04,SEN_13,temperature,73.57,C,2025-02-01 04:08:30
E000499,RIG_04,SEN_15,flow,123.21,l/min,2025-02-01 04:09:00
E000500,RIG_04,SEN_04,flow,108.48,l/min,2025-02-01 04:09:30
E000501,RIG_06,SEN_14,temperature,77.17,C,2025-02-01 04:10:00
E000502,RIG_01,SEN_11,temperature,80.67,C,2025-02-01 04:10:30
E000503,RIG_04,SEN_03,flow,125.43,l/min,2025-02-01 04:11:00
E000504,RIG_08,SEN_03,vibration,2.16,mm/s,2025-02-01 04:11:30
E000505,RIG_02,SEN_02,flow,98.7,l/min,2025-02-01 04:12:00
E000506,RIG_07,SEN_05,temperature,86.62,C,2025-02-01 04:12:30
E000507,RIG_05,SEN_16,vibration,1.37,mm/s,2025-02-01 04:13:00
E000508,RIG_04,SEN_16,vibration,4.04,mm/s,2025-02-01 04:13:30
E000509,RIG_01,SEN_16,flow,92.65,l/min,2025-02-01 04:14:00
E000510,RIG_04,SEN_05,pressure,3000.81,psi,2025-02-01 04:14:30
E000511,RIG_05,SEN_18,flow,103.3,l/min,2025-02-01 04:15:00
E000512,RIG_03,SEN_05,vibration,1.91,mm/s,2025-02-01 04:15:30
E000513,RIG_06,SEN_11,pressure,2760.42,psi,2025-02-01 04:16:00
E000514,RIG_07,SEN_18,pressure,2215.35,psi,2025-02-01 04:16:30
E000515,RIG_06,SEN_09,pressure,2402.61,psi,2025-02-01 04:17:00
E000516,RIG_03,SEN_16,pressure,2156.09,psi,2025-02-01 04:17:30
E000517,RIG_07,SEN_01,vibration,1.68,mm/s,2025-02-01 04:18:00
E000518,RIG_02,SEN_01,temperature,78.01,C,2025-02-01 04:18:30
E000519,RIG_04,SEN_04,pressure,2394.43,psi,2025-02-01 04:19:00
E000520,RIG_07,SEN_18,temperature,88.74,C,2025-02-01 04:19:30
E000521,RIG_03,SEN_12,flow,96.98,l/min,2025-02-01 04:20:00
E000522,RIG_02,SEN_20,temperature,88.11,C,2025-02-01 04:20:30
E000523,RIG_02,SEN_12,temperature,74.84,C,2025-02-01 04:21:00
E000524,RIG_09,SEN_19,temperature,81.96,C,2025-02-01 04:21:30
E000525,RIG_04,SEN_04,vibration,2.62,mm/s,2025-02-01 04:22:00
E000526,RIG_03,SEN_16,pressure,2757.55,psi,2025-02-01 04:22:30
E000527,RIG_01,SEN_01,pressure,2703.51,psi,2025-02-01 04:23:00
E000528,RIG_05,SEN_10,flow,249.22,l/min,2025-02-01 04:23:30
E000529,RIG_06,SEN_16,pressure,2557.99,psi,2025-02-01 04:24:00
E000530,RIG_03,SEN_09,vibration,2.76,mm/s,2025-02-01 04:24:30
E000531,RIG_05,SEN_11,flow,103.62,l/min,2025-02-01 04:25:00
E000532,RIG_07,SEN_02,pressure,2653.3,psi,2025-02-01 04:25:30
E000533,RIG_04,SEN_07,flow,99.97,l/min,2025-02-01 04:26:00
E000534,RIG_09,SEN_12,flow,110.47,l/min,2025-02-01 04:26:30
E000535,RIG_09,SEN_02,temperature,81.81,C,2025-02-01 04:27:00
E000536,RIG_10,SEN_10,temperature,76.15,C,2025-02-01 04:27:30
E000537,RIG_08,SEN_08,flow,115.6,l/min,2025-02-01 04:28:00
E000538,RIG_08,SEN_03,vibration,5.17,mm/s,2025-02-01 04:28:30
E000539,RIG_04,SEN_20,pressure,2909.36,psi,2025-02-01 04:29:00
E000540,RIG_08,SEN_13,temperature,72.18,C,2025-02-01 04:29:30
E000541,RIG_08,SEN_10,pressure,2285.69,psi,2025-02-01 04:30:00
E000542,RIG_04,SEN_13,flow,125.07,l/min,2025-02-01 04:30:30
E000543,RIG_08,SEN_19,pressure,2790.27,psi,2025-02-01 04:31:00
E000544,RIG_05,SEN_14,pressure,2943.62,psi,2025-02-01 04:31:30
E000545,RIG_04,SEN_06,temperature,75.04,C,2025-02-01 04:32:00
E000546,RIG_08,SEN_16,flow,107.21,l/min,2025-02-01 04:32:30
E000547,RIG_06,SEN_11,pressure,2429.43,psi,2025-02-01 04:33:00
E000548,RIG_06,SEN_20,vibration,1.98,mm/s,2025-02-01 04:33:30
E000549,RIG_02,SEN_05,pressure,2662.41,psi,2025-02-01 04:34:00
E000550,RIG_02,SEN_19,vibration,1.74,mm/s,2025-02-01 04:34:30
E000551,RIG_05,SEN_10,pressure,3019.68,psi,2025-02-01 04:35:00
E000552,RIG_09,SEN_19,flow,118.57,l/min,2025-02-01 04:35:30
E000553,RIG_08,SEN_17,pressure,2330.47,psi,2025-02-01 04:36:00
E000554,RIG_03,SEN_14,vibration,2.94,mm/s,2025-02-01 04:36:30
E000555,RIG_05,SEN_17,flow,112.81,l/min,2025-02-01 04:37:00
E000556,RIG_03,SEN_18,pressure,2115.5,psi,2025-02-01 04:37:30
E000557,RIG_05,SEN_01,vibration,2.37,mm/s,2025-02-01 04:38:00
E000558,RIG_05,SEN_03,temperature,88.66,C,2025-02-01 04:38:30
E000559,RIG_03,SEN_04,temperature,71.81,C,2025-02-01 04:39:00
E000560,RIG_01,SEN_05,temperature,88.13,C,2025-02-01 04:39:30
E000561,RIG_01,SEN_19,flow,122.86,l/min,2025-02-01 04:40:00
E000562,RIG_05,SEN_08,temperature,84.15,C,2025-02-01 04:40:30
E000563,RIG_06,SEN_09,flow,95.32,l/min,2025-02-01 04:41:00
E000564,RIG_06,SEN_07,flow,119.74,l/min,2025-02-01 04:41:30
E000565,RIG_10,SEN_20,temperature,90.35,C,2025-02-01 04:42:00
E000566,RIG_08,SEN_08,pressure,2125.86,psi,2025-02-01 04:42:30
E000567,RIG_09,SEN_09,flow,121.74,l/min,2025-02-01 04:43:00
E000568,RIG_01,SEN_03,pressure,2144.68,psi,2025-02-01 04:43:30
E000569,RIG_03,SEN_15,flow,106.71,l/min,2025-02-01 04:44:00
E000570,RIG_03,SEN_07,vibration,4.1,mm/s,2025-02-01 04:44:30
E000571,RIG_05,SEN_13,vibration,2.47,mm/s,2025-02-01 04:45:00
E000572,RIG_06,SEN_16,temperature,75.04,C,2025-02-01 04:45:30
E000573,RIG_03,SEN_12,vibration,3.63,mm/s,2025-02-01 04:46:00
E000574,RIG_05,SEN_13,pressure,2058.65,psi,2025-02-01 04:46:30
E000575,RIG_06,SEN_04,vibration,4.3,mm/s,2025-02-01 04:47:00
E000576,RIG_03,SEN_07,temperature,71.39,C,2025-02-01 04:47:30
E000577,RIG_01,SEN_03,pressure,2674.36,psi,2025-02-01 04:48:00
E000578,RIG_03,SEN_08,temperature,75.39,C,2025-02-01 04:48:30
E000579,RIG_04,SEN_18,pressure,2719.3,psi,2025-02-01 04:49:00
E000580,RIG_02,SEN_18,temperature,84.27,C,2025-02-01 04:49:30
E000581,RIG_09,SEN_12,flow,102.91,l/min,2025-02-01 04:50:00
E000582,RIG_07,SEN_17,temperature,86.84,C,2025-02-01 04:50:30
E000583,RIG_10,SEN_10,pressure,2172.25,psi,2025-02-01 04:51:00
E000584,RIG_08,SEN_15,flow,112.95,l/min,2025-02-01 04:51:30
E000585,RIG_08,SEN_13,vibration,2.34,mm/s,2025-02-01 04:52:00
E000586,RIG_02,SEN_10,vibration,2.48,mm/s,2025-02-01 04:52:30
E000587,RIG_03,SEN_17,temperature,85.22,C,2025-02-01 04:53:00
E000588,RIG_04,SEN_11,vibration,4.01,mm/s,2025-02-01 04:53:30
E000589,RIG_03,SEN_03,temperature,89.55,C,2025-02-01 04:54:00
E000590,RIG_03,SEN_07,flow,123.3,l/min,2025-02-01 04:54:30
E000591,RIG_04,SEN_07,temperature,89.87,C,2025-02-01 04:55:00
E000592,RIG_09,SEN_20,vibration,1.62,mm/s,2025-02-01 04:55:30
E000593,RIG_07,SEN_17,vibration,2.31,mm/s,2025-02-01 04:56:00
E000594,RIG_02,SEN_03,flow,108.17,l/min,2025-02-01 04:56:30
E000595,RIG_03,SEN_17,flow,105.68,l/min,2025-02-01 04:57:00
E000596,RIG_01,SEN_07,pressure,2308.62,psi,2025-02-01 04:57:30
E000597,RIG_09,SEN_08,pressure,2535.51,psi,2025-02-01 04:58:00
E000598,RIG_04,SEN_12,pressure,2244.32,psi,2025-02-01 04:58:30
E000599,RIG_08,SEN_09,vibration,4.28,mm/s,2025-02-01 04:59:00
E000600,RIG_09,SEN_09,temperature,77.2,C,2025-02-01 04:59:30
E000601,RIG_04,SEN_02,flow,127.85,l/min,2025-02-01 05:00:00
E000602,RIG_04,SEN_03,pressure,2478.85,psi,2025-02-01 05:00:30
E000603,RIG_01,SEN_14,temperature,84.33,C,2025-02-01 05:01:00
E000604,RIG_10,SEN_19,vibration,2.69,mm/s,2025-02-01 05:01:30
E000605,RIG_02,SEN_03,pressure,2237.41,psi,2025-02-01 05:02:00
E000606,RIG_10,SEN_05,temperature,74.0,C,2025-02-01 05:02:30
E000607,RIG_10,SEN_11,temperature,77.95,C,2025-02-01 05:03:00
E000608,RIG_04,SEN_02,flow,118.81,l/min,2025-02-01 05:03:30
E000609,RIG_09,SEN_12,temperature,85.62,C,2025-02-01 05:04:00
E000610,RIG_10,SEN_10,temperature,80.45,C,2025-02-01 05:04:30
E000611,RIG_05,SEN_20,pressure,2747.96,psi,2025-02-01 05:05:00
E000612,RIG_02,SEN_08,temperature,79.42,C,2025-02-01 05:05:30
E000613,RIG_01,SEN_05,vibration,3.63,mm/s,2025-02-01 05:06:00
E000614,RIG_08,SEN_16,vibration,2.21,mm/s,2025-02-01 05:06:30
E000615,RIG_08,SEN_14,pressure,2993.36,psi,2025-02-01 05:07:00
E000616,RIG_09,SEN_13,flow,118.69,l/min,2025-02-01 05:07:30
E000617,RIG_01,SEN_12,pressure,2483.92,psi,2025-02-01 05:08:00
E000618,RIG_05,SEN_14,temperature,89.78,C,2025-02-01 05:08:30
E000619,RIG_10,SEN_09,flow,98.36,l/min,2025-02-01 05:09:00
E000620,RIG_02,SEN_08,vibration,1.54,mm/s,2025-02-01 05:09:30
E000621,RIG_04,SEN_16,vibration,2.77,mm/s,2025-02-01 05:10:00
E000622,RIG_06,SEN_01,pressure,2317.35,psi,2025-02-01 05:10:30
E000623,RIG_03,SEN_05,vibration,4.76,mm/s,2025-02-01 05:11:00
E000624,RIG_01,SEN_18,flow,104.34,l/min,2025-02-01 05:11:30
E000625,RIG_03,SEN_19,flow,128.12,l/min,2025-02-01 05:12:00
E000626,RIG_03,SEN_08,vibration,2.46,mm/s,2025-02-01 05:12:30
E000627,RIG_06,SEN_10,flow,103.29,l/min,2025-02-01 05:13:00
E000628,RIG_02,SEN_13,vibration,3.82,mm/s,2025-02-01 05:13:30
E000629,RIG_06,SEN_10,pressure,2781.97,psi,2025-02-01 05:14:00
E000630,RIG_08,SEN_03,vibration,3.17,mm/s,2025-02-01 05:14:30
E000631,RIG_07,SEN_13,vibration,4.98,mm/s,2025-02-01 05:15:00
E000632,RIG_02,SEN_16,vibration,2.35,mm/s,2025-02-01 05:15:30
E000633,RIG_10,SEN_16,pressure,2455.25,psi,2025-02-01 05:16:00
E000634,RIG_10,SEN_07,pressure,2917.77,psi,2025-02-01 05:16:30
E000635,RIG_10,SEN_11,pressure,3042.38,psi,2025-02-01 05:17:00
E000636,RIG_02,SEN_12,temperature,79.29,C,2025-02-01 05:17:30
E000637,RIG_09,SEN_02,flow,131.14,l/min,2025-02-01 05:18:00
E000638,RIG_10,SEN_03,pressure,2813.44,psi,2025-02-01 05:18:30
E000639,RIG_04,SEN_20,flow,130.47,l/min,2025-02-01 05:19:00
E000640,RIG_02,SEN_10,pressure,2620.01,psi,2025-02-01 05:19:30
E000641,RIG_10,SEN_17,vibration,3.32,mm/s,2025-02-01 05:20:00
E000642,RIG_04,SEN_02,vibration,5.07,mm/s,2025-02-01 05:20:30
E000643,RIG_04,SEN_01,flow,122.94,l/min,2025-02-01 05:21:00
E000644,RIG_01,SEN_05,temperature,85.38,C,2025-02-01 05:21:30
E000645,RIG_04,SEN_03,temperature,80.48,C,2025-02-01 05:22:00
E000646,RIG_03,SEN_16,vibration,2.63,mm/s,2025-02-01 05:22:30
E000647,RIG_04,SEN_20,pressure,3042.45,psi,2025-02-01 05:23:00
E000648,RIG_09,SEN_05,pressure,2893.53,psi,2025-02-01 05:23:30
E000649,RIG_07,SEN_04,flow,122.29,l/min,2025-02-01 05:24:00
E000650,RIG_10,SEN_03,flow,123.84,l/min,2025-02-01 05:24:30
E000651,RIG_05,SEN_13,pressure,2601.9,psi,2025-02-01 05:25:00
E000652,RIG_08,SEN_17,temperature,71.37,C,2025-02-01 05:25:30
E000653,RIG_10,SEN_01,flow,108.98,l/min,2025-02-01 05:26:00
E000654,RIG_06,SEN_02,temperature,80.82,C,2025-02-01 05:26:30
E000655,RIG_06,SEN_07,pressure,2159.27,psi,2025-02-01 05:27:00
E000656,RIG_09,SEN_03,flow,96.25,l/min,2025-02-01 05:27:30
E000657,RIG_08,SEN_07,flow,101.29,l/min,2025-02-01 05:28:00
E000658,RIG_04,SEN_19,pressure,2422.44,psi,2025-02-01 05:28:30
E000659,RIG_09,SEN_12,temperature,81.33,C,2025-02-01 05:29:00
E000660,RIG_02,SEN_02,flow,94.54,l/min,2025-02-01 05:29:30
E000661,RIG_07,SEN_07,flow,118.61,l/min,2025-02-01 05:30:00
E000662,RIG_07,SEN_07,vibration,3.75,mm/s,2025-02-01 05:30:30
E000663,RIG_01,SEN_19,temperature,82.89,C,2025-02-01 05:31:00
E000664,RIG_08,SEN_02,temperature,78.94,C,2025-02-01 05:31:30
E000665,RIG_10,SEN_11,pressure,2380.86,psi,2025-02-01 05:32:00
E000666,RIG_03,SEN_01,flow,127.37,l/min,2025-02-01 05:32:30
E000667,RIG_09,SEN_08,pressure,2507.25,psi,2025-02-01 05:33:00
E000668,RIG_07,SEN_20,pressure,2387.31,psi,2025-02-01 05:33:30
E000669,RIG_05,SEN_02,vibration,4.4,mm/s,2025-02-01 05:34:00
E000670,RIG_05,SEN_02,pressure,2857.61,psi,2025-02-01 05:34:30
E000671,RIG_09,SEN_08,pressure,2669.27,psi,2025-02-01 05:35:00
E000672,RIG_02,SEN_08,temperature,75.15,C,2025-02-01 05:35:30
E000673,RIG_04,SEN_06,vibration,2.16,mm/s,2025-02-01 05:36:00
E000674,RIG_08,SEN_11,flow,113.4,l/min,2025-02-01 05:36:30
E000675,RIG_06,SEN_07,temperature,79.65,C,2025-02-01 05:37:00
E000676,RIG_03,SEN_15,temperature,82.14,C,2025-02-01 05:37:30
E000677,RIG_06,SEN_14,temperature,72.04,C,2025-02-01 05:38:00
E000678,RIG_01,SEN_18,temperature,71.59,C,2025-02-01 05:38:30
E000679,RIG_07,SEN_14,flow,126.3,l/min,2025-02-01 05:39:00
E000680,RIG_01,SEN_15,vibration,3.0,mm/s,2025-02-01 05:39:30
E000681,RIG_08,SEN_07,flow,104.83,l/min,2025-02-01 05:40:00
E000682,RIG_09,SEN_19,temperature,79.01,C,2025-02-01 05:40:30
E000683,RIG_07,SEN_19,flow,126.44,l/min,2025-02-01 05:41:00
E000684,RIG_03,SEN_20,temperature,165.35,C,2025-02-01 05:41:30
E000685,RIG_07,SEN_04,flow,127.13,l/min,2025-02-01 05:42:00
E000686,RIG_01,SEN_14,pressure,2368.68,psi,2025-02-01 05:42:30
E000687,RIG_09,SEN_16,pressure,2333.56,psi,2025-02-01 05:43:00
E000688,RIG_09,SEN_05,temperature,76.74,C,2025-02-01 05:43:30
E000689,RIG_10,SEN_02,pressure,2233.29,psi,2025-02-01 05:44:00
E000690,RIG_08,SEN_11,vibration,3.5,mm/s,2025-02-01 05:44:30
E000691,RIG_09,SEN_04,temperature,88.23,C,2025-02-01 05:45:00
E000692,RIG_03,SEN_09,flow,115.99,l/min,2025-02-01 05:45:30
E000693,RIG_10,SEN_11,vibration,1.76,mm/s,2025-02-01 05:46:00
E000694,RIG_02,SEN_14,vibration,5.35,mm/s,2025-02-01 05:46:30
E000695,RIG_05,SEN_13,pressure,2493.66,psi,2025-02-01 05:47:00
E000696,RIG_08,SEN_05,pressure,2352.96,psi,2025-02-01 05:47:30
E000697,RIG_01,SEN_03,pressure,3054.28,psi,2025-02-01 05:48:00
E000698,RIG_03,SEN_19,temperature,87.53,C,2025-02-01 05:48:30
E000699,RIG_05,SEN_17,flow,111.94,l/min,2025-02-01 05:49:00
E000700,RIG_01,SEN_08,flow,93.47,l/min,2025-02-01 05:49:30
E000701,RIG_10,SEN_17,vibration,4.81,mm/s,2025-02-01 05:50:00
E000702,RIG_05,SEN_18,temperature,84.07,C,2025-02-01 05:50:30
E000703,RIG_09,SEN_07,vibration,6.91,mm/s,2025-02-01 05:51:00
E000704,RIG_09,SEN_06,flow,110.66,l/min,2025-02-01 05:51:30
E000705,RIG_03,SEN_10,flow,132.09,l/min,2025-02-01 05:52:00
E000706,RIG_02,SEN_16,flow,113.86,l/min,2025-02-01 05:52:30
E000707,RIG_07,SEN_11,flow,125.56,l/min,2025-02-01 05:53:00
E000708,RIG_04,SEN_20,temperature,76.81,C,2025-02-01 05:53:30
E000709,RIG_08,SEN_02,pressure,4460.21,psi,2025-02-01 05:54:00
E000710,RIG_08,SEN_19,temperature,87.8,C,2025-02-01 05:54:30
E000711,RIG_01,SEN_18,flow,131.05,l/min,2025-02-01 05:55:00
E000712,RIG_09,SEN_18,temperature,74.65,C,2025-02-01 05:55:30
E000713,RIG_07,SEN_20,flow,101.73,l/min,2025-02-01 05:56:00
E000714,RIG_06,SEN_18,vibration,4.54,mm/s,2025-02-01 05:56:30
E000715,RIG_06,SEN_08,vibration,1.46,mm/s,2025-02-01 05:57:00
E000716,RIG_08,SEN_05,pressure,2083.71,psi,2025-02-01 05:57:30
E000717,RIG_06,SEN_06,pressure,2773.05,psi,2025-02-01 05:58:00
E000718,RIG_02,SEN_05,flow,94.46,l/min,2025-02-01 05:58:30
E000719,RIG_07,SEN_09,flow,124.05,l/min,2025-02-01 05:59:00
E000720,RIG_04,SEN_06,vibration,2.6,mm/s,2025-02-01 05:59:30
E000721,RIG_02,SEN_02,temperature,84.11,C,2025-02-01 06:00:00
E000722,RIG_03,SEN_15,temperature,90.14,C,2025-02-01 06:00:30
E000723,RIG_10,SEN_10,pressure,2118.63,psi,2025-02-01 06:01:00
E000724,RIG_04,SEN_15,temperature,73.93,C,2025-02-01 06:01:30
E000725,RIG_02,SEN_13,flow,118.94,l/min,2025-02-01 06:02:00
E000726,RIG_09,SEN_13,temperature,71.84,C,2025-02-01 06:02:30
E000727,RIG_07,SEN_04,vibration,3.85,mm/s,2025-02-01 06:03:00
E000728,RIG_02,SEN_02,flow,116.46,l/min,2025-02-01 06:03:30
E000729,RIG_09,SEN_06,pressure,2575.19,psi,2025-02-01 06:04:00
E000730,RIG_06,SEN_13,vibration,2.78,mm/s,2025-02-01 06:04:30
E000731,RIG_07,SEN_12,vibration,2.3,mm/s,2025-02-01 06:05:00
E000732,RIG_10,SEN_09,vibration,5.14,mm/s,2025-02-01 06:05:30
E000733,RIG_02,SEN_10,vibration,4.21,mm/s,2025-02-01 06:06:00
E000734,RIG_02,SEN_20,vibration,3.61,mm/s,2025-02-01 06:06:30
E000735,RIG_04,SEN_01,flow,107.61,l/min,2025-02-01 06:07:00
E000736,RIG_02,SEN_04,vibration,3.88,mm/s,2025-02-01 06:07:30
E000737,RIG_07,SEN_13,temperature,83.72,C,2025-02-01 06:08:00
E000738,RIG_06,SEN_14,vibration,5.11,mm/s,2025-02-01 06:08:30
E000739,RIG_09,SEN_19,vibration,3.57,mm/s,2025-02-01 06:09:00
E000740,RIG_10,SEN_20,vibration,2.85,mm/s,2025-02-01 06:09:30
E000741,RIG_09,SEN_06,flow,115.11,l/min,2025-02-01 06:10:00
E000742,RIG_02,SEN_03,temperature,89.7,C,2025-02-01 06:10:30
E000743,RIG_08,SEN_04,vibration,1.51,mm/s,2025-02-01 06:11:00
E000744,RIG_10,SEN_04,vibration,5.29,mm/s,2025-02-01 06:11:30
E000745,RIG_06,SEN_06,temperature,170.29,C,2025-02-01 06:12:00
E000746,RIG_07,SEN_02,vibration,2.49,mm/s,2025-02-01 06:12:30
E000747,RIG_10,SEN_19,pressure,2713.33,psi,2025-02-01 06:13:00
E000748,RIG_08,SEN_11,flow,112.44,l/min,2025-02-01 06:13:30
E000749,RIG_04,SEN_03,temperature,79.88,C,2025-02-01 06:14:00
E000750,RIG_10,SEN_06,vibration,1.85,mm/s,2025-02-01 06:14:30
E000751,RIG_07,SEN_12,pressure,4506.74,psi,2025-02-01 06:15:00
E000752,RIG_08,SEN_03,flow,95.03,l/min,2025-02-01 06:15:30
E000753,RIG_07,SEN_06,temperature,80.28,C,2025-02-01 06:16:00
E000754,RIG_07,SEN_19,flow,115.93,l/min,2025-02-01 06:16:30
E000755,RIG_02,SEN_13,pressure,2454.62,psi,2025-02-01 06:17:00
E000756,RIG_06,SEN_14,temperature,78.92,C,2025-02-01 06:17:30
E000757,RIG_10,SEN_08,temperature,84.32,C,2025-02-01 06:18:00
E000758,RIG_01,SEN_13,vibration,2.06,mm/s,2025-02-01 06:18:30
E000759,RIG_07,SEN_13,vibration,3.74,mm/s,2025-02-01 06:19:00
E000760,RIG_10,SEN_03,pressure,2459.27,psi,2025-02-01 06:19:30
E000761,RIG_07,SEN_20,temperature,81.47,C,2025-02-01 06:20:00
E000762,RIG_05,SEN_06,flow,102.04,l/min,2025-02-01 06:20:30
E000763,RIG_07,SEN_03,temperature,73.06,C,2025-02-01 06:21:00
E000764,RIG_10,SEN_15,temperature,86.7,C,2025-02-01 06:21:30
E000765,RIG_04,SEN_13,vibration,2.68,mm/s,2025-02-01 06:22:00
E000766,RIG_08,SEN_03,pressure,2746.52,psi,2025-02-01 06:22:30
E000767,RIG_05,SEN_12,temperature,86.84,C,2025-02-01 06:23:00
E000768,RIG_03,SEN_07,flow,132.11,l/min,2025-02-01 06:23:30
E000769,RIG_02,SEN_07,vibration,4.67,mm/s,2025-02-01 06:24:00
E000770,RIG_09,SEN_12,pressure,2678.94,psi,2025-02-01 06:24:30
E000771,RIG_10,SEN_15,vibration,5.0,mm/s,2025-02-01 06:25:00
E000772,RIG_05,SEN_05,temperature,88.84,C,2025-02-01 06:25:30
E000773,RIG_06,SEN_03,pressure,2793.28,psi,2025-02-01 06:26:00
E000774,RIG_07,SEN_04,vibration,4.06,mm/s,2025-02-01 06:26:30
E000775,RIG_10,SEN_04,temperature,80.38,C,2025-02-01 06:27:00
E000776,RIG_09,SEN_19,flow,120.12,l/min,2025-02-01 06:27:30
E000777,RIG_10,SEN_15,flow,128.27,l/min,2025-02-01 06:28:00
E000778,RIG_01,SEN_05,flow,95.02,l/min,2025-02-01 06:28:30
E000779,RIG_07,SEN_15,pressure,2239.01,psi,2025-02-01 06:29:00
E000780,RIG_09,SEN_10,vibration,4.39,mm/s,2025-02-01 06:29:30
E000781,RIG_03,SEN_11,pressure,3030.54,psi,2025-02-01 06:30:00
E000782,RIG_02,SEN_02,temperature,89.96,C,2025-02-01 06:30:30
E000783,RIG_07,SEN_16,vibration,2.85,mm/s,2025-02-01 06:31:00
E000784,RIG_02,SEN_11,temperature,77.95,C,2025-02-01 06:31:30
E000785,RIG_10,SEN_19,temperature,90.64,C,2025-02-01 06:32:00
E000786,RIG_03,SEN_17,vibration,3.26,mm/s,2025-02-01 06:32:30
E000787,RIG_06,SEN_15,flow,129.71,l/min,2025-02-01 06:33:00
E000788,RIG_10,SEN_08,flow,111.97,l/min,2025-02-01 06:33:30
E000789,RIG_08,SEN_09,pressure,2824.76,psi,2025-02-01 06:34:00
E000790,RIG_10,SEN_13,vibration,2.97,mm/s,2025-02-01 06:34:30
E000791,RIG_07,SEN_02,vibration,2.87,mm/s,2025-02-01 06:35:00
E000792,RIG_06,SEN_02,flow,95.89,l/min,2025-02-01 06:35:30
E000793,RIG_08,SEN_15,flow,93.23,l/min,2025-02-01 06:36:00
E000794,RIG_07,SEN_09,temperature,75.15,C,2025-02-01 06:36:30
E000795,RIG_05,SEN_10,pressure,2247.91,psi,2025-02-01 06:37:00
E000796,RIG_04,SEN_12,pressure,2088.1,psi,2025-02-01 06:37:30
E000797,RIG_08,SEN_16,flow,193.34,l/min,2025-02-01 06:38:00
E000798,RIG_03,SEN_02,flow,122.21,l/min,2025-02-01 06:38:30
E000799,RIG_03,SEN_16,temperature,89.08,C,2025-02-01 06:39:00
E000800,RIG_05,SEN_07,pressure,2478.57,psi,2025-02-01 06:39:30
E000801,RIG_08,SEN_18,pressure,2994.77,psi,2025-02-01 06:40:00
E000802,RIG_02,SEN_19,pressure,2110.52,psi,2025-02-01 06:40:30
E000803,RIG_06,SEN_07,pressure,2082.33,psi,2025-02-01 06:41:00
E000804,RIG_10,SEN_02,pressure,2637.94,psi,2025-02-01 06:41:30
E000805,RIG_09,SEN_08,vibration,5.05,mm/s,2025-02-01 06:42:00
E000806,RIG_01,SEN_05,flow,105.35,l/min,2025-02-01 06:42:30
E000807,RIG_10,SEN_09,vibration,2.13,mm/s,2025-02-01 06:43:00
E000808,RIG_07,SEN_14,pressure,2154.62,psi,2025-02-01 06:43:30
E000809,RIG_07,SEN_02,flow,130.47,l/min,2025-02-01 06:44:00
E000810,RIG_04,SEN_09,temperature,83.93,C,2025-02-01 06:44:30
E000811,RIG_10,SEN_02,temperature,83.73,C,2025-02-01 06:45:00
E000812,RIG_03,SEN_14,flow,121.84,l/min,2025-02-01 06:45:30
E000813,RIG_03,SEN_12,flow,101.76,l/min,2025-02-01 06:46:00
E000814,RIG_04,SEN_01,flow,195.66,l/min,2025-02-01 06:46:30
E000815,RIG_03,SEN_03,flow,123.05,l/min,2025-02-01 06:47:00
E000816,RIG_04,SEN_07,temperature,89.98,C,2025-02-01 06:47:30
E000817,RIG_10,SEN_14,temperature,76.19,C,2025-02-01 06:48:00
E000818,RIG_04,SEN_10,temperature,79.55,C,2025-02-01 06:48:30
E000819,RIG_03,SEN_19,pressure,2857.71,psi,2025-02-01 06:49:00
E000820,RIG_05,SEN_16,flow,118.32,l/min,2025-02-01 06:49:30
E000821,RIG_04,SEN_18,flow,107.01,l/min,2025-02-01 06:50:00
E000822,RIG_05,SEN_16,flow,125.63,l/min,2025-02-01 06:50:30
E000823,RIG_01,SEN_17,vibration,4.64,mm/s,2025-02-01 06:51:00
E000824,RIG_05,SEN_19,vibration,4.1,mm/s,2025-02-01 06:51:30
E000825,RIG_05,SEN_09,vibration,2.98,mm/s,2025-02-01 06:52:00
E000826,RIG_04,SEN_04,vibration,2.02,mm/s,2025-02-01 06:52:30
E000827,RIG_01,SEN_17,vibration,1.53,mm/s,2025-02-01 06:53:00
E000828,RIG_01,SEN_19,vibration,3.89,mm/s,2025-02-01 06:53:30
E000829,RIG_06,SEN_12,pressure,2609.24,psi,2025-02-01 06:54:00
E000830,RIG_07,SEN_01,flow,118.58,l/min,2025-02-01 06:54:30
E000831,RIG_09,SEN_08,vibration,2.83,mm/s,2025-02-01 06:55:00
E000832,RIG_10,SEN_18,pressure,2380.13,psi,2025-02-01 06:55:30
E000833,RIG_05,SEN_13,flow,96.07,l/min,2025-02-01 06:56:00
E000834,RIG_03,SEN_18,vibration,4.76,mm/s,2025-02-01 06:56:30
E000835,RIG_07,SEN_02,temperature,72.26,C,2025-02-01 06:57:00
E000836,RIG_10,SEN_01,pressure,2708.91,psi,2025-02-01 06:57:30
E000837,RIG_09,SEN_14,vibration,3.68,mm/s,2025-02-01 06:58:00
E000838,RIG_05,SEN_20,flow,117.22,l/min,2025-02-01 06:58:30
E000839,RIG_03,SEN_08,vibration,1.87,mm/s,2025-02-01 06:59:00
E000840,RIG_07,SEN_01,pressure,2174.32,psi,2025-02-01 06:59:30
E000841,RIG_01,SEN_09,temperature,89.93,C,2025-02-01 07:00:00
E000842,RIG_09,SEN_04,temperature,75.56,C,2025-02-01 07:00:30
E000843,RIG_05,SEN_12,vibration,4.5,mm/s,2025-02-01 07:01:00
E000844,RIG_06,SEN_06,vibration,2.26,mm/s,2025-02-01 07:01:30
E000845,RIG_07,SEN_19,pressure,6184.8,psi,2025-02-01 07:02:00
E000846,RIG_09,SEN_18,temperature,85.05,C,2025-02-01 07:02:30
E000847,RIG_03,SEN_05,pressure,2659.82,psi,2025-02-01 07:03:00
E000848,RIG_07,SEN_11,temperature,82.33,C,2025-02-01 07:03:30
E000849,RIG_08,SEN_06,temperature,85.81,C,2025-02-01 07:04:00
E000850,RIG_04,SEN_04,pressure,2219.52,psi,2025-02-01 07:04:30
E000851,RIG_09,SEN_16,flow,97.8,l/min,2025-02-01 07:05:00
E000852,RIG_08,SEN_17,flow,104.87,l/min,2025-02-01 07:05:30
E000853,RIG_08,SEN_04,temperature,90.84,C,2025-02-01 07:06:00
E000854,RIG_10,SEN_03,flow,102.52,l/min,2025-02-01 07:06:30
E000855,RIG_03,SEN_08,vibration,3.74,mm/s,2025-02-01 07:07:00
E000856,RIG_10,SEN_08,temperature,85.72,C,2025-02-01 07:07:30
E000857,RIG_02,SEN_03,pressure,2777.52,psi,2025-02-01 07:08:00
E000858,RIG_09,SEN_20,temperature,86.46,C,2025-02-01 07:08:30
E000859,RIG_01,SEN_05,flow,131.64,l/min,2025-02-01 07:09:00
E000860,RIG_09,SEN_08,vibration,2.12,mm/s,2025-02-01 07:09:30
E000861,RIG_08,SEN_08,pressure,2691.15,psi,2025-02-01 07:10:00
E000862,RIG_10,SEN_11,pressure,2215.31,psi,2025-02-01 07:10:30
E000863,RIG_03,SEN_17,temperature,75.78,C,2025-02-01 07:11:00
E000864,RIG_06,SEN_04,vibration,4.66,mm/s,2025-02-01 07:11:30
E000865,RIG_10,SEN_14,temperature,76.36,C,2025-02-01 07:12:00
E000866,RIG_03,SEN_14,temperature,72.19,C,2025-02-01 07:12:30
E000867,RIG_06,SEN_19,temperature,91.14,C,2025-02-01 07:13:00
E000868,RIG_05,SEN_14,flow,116.39,l/min,2025-02-01 07:13:30
E000869,RIG_01,SEN_10,pressure,3027.41,psi,2025-02-01 07:14:00
E000870,RIG_08,SEN_16,flow,131.87,l/min,2025-02-01 07:14:30
E000871,RIG_02,SEN_17,temperature,80.1,C,2025-02-01 07:15:00
E000872,RIG_04,SEN_01,vibration,2.69,mm/s,2025-02-01 07:15:30
E000873,RIG_09,SEN_03,temperature,80.45,C,2025-02-01 07:16:00
E000874,RIG_05,SEN_18,flow,114.13,l/min,2025-02-01 07:16:30
E000875,RIG_07,SEN_06,pressure,2708.54,psi,2025-02-01 07:17:00
E000876,RIG_07,SEN_07,vibration,3.46,mm/s,2025-02-01 07:17:30
E000877,RIG_03,SEN_20,temperature,75.77,C,2025-02-01 07:18:00
E000878,RIG_07,SEN_20,temperature,89.49,C,2025-02-01 07:18:30
E000879,RIG_08,SEN_14,temperature,84.66,C,2025-02-01 07:19:00
E000880,RIG_04,SEN_05,flow,111.22,l/min,2025-02-01 07:19:30
E000881,RIG_05,SEN_19,flow,97.86,l/min,2025-02-01 07:20:00
E000882,RIG_08,SEN_03,flow,251.52,l/min,2025-02-01 07:20:30
E000883,RIG_04,SEN_10,temperature,72.29,C,2025-02-01 07:21:00
E000884,RIG_09,SEN_10,vibration,3.97,mm/s,2025-02-01 07:21:30
E000885,RIG_02,SEN_04,vibration,4.56,mm/s,2025-02-01 07:22:00
E000886,RIG_02,SEN_06,temperature,73.43,C,2025-02-01 07:22:30
E000887,RIG_06,SEN_12,vibration,5.21,mm/s,2025-02-01 07:23:00
E000888,RIG_05,SEN_12,pressure,2444.69,psi,2025-02-01 07:23:30
E000889,RIG_02,SEN_06,vibration,2.34,mm/s,2025-02-01 07:24:00
E000890,RIG_06,SEN_18,vibration,4.56,mm/s,2025-02-01 07:24:30
E000891,RIG_02,SEN_05,vibration,2.15,mm/s,2025-02-01 07:25:00
E000892,RIG_07,SEN_09,pressure,2483.4,psi,2025-02-01 07:25:30
E000893,RIG_02,SEN_19,pressure,2458.44,psi,2025-02-01 07:26:00
E000894,RIG_09,SEN_19,flow,119.0,l/min,2025-02-01 07:26:30
E000895,RIG_08,SEN_14,temperature,89.09,C,2025-02-01 07:27:00
E000896,RIG_05,SEN_17,pressure,2431.14,psi,2025-02-01 07:27:30
E000897,RIG_07,SEN_08,flow,180.67,l/min,2025-02-01 07:28:00
E000898,RIG_06,SEN_03,vibration,3.87,mm/s,2025-02-01 07:28:30
E000899,RIG_10,SEN_14,pressure,2743.93,psi,2025-02-01 07:29:00
E000900,RIG_06,SEN_15,temperature,83.55,C,2025-02-01 07:29:30
E000901,RIG_02,SEN_08,flow,121.46,l/min,2025-02-01 07:30:00
E000902,RIG_03,SEN_17,pressure,2484.28,psi,2025-02-01 07:30:30
E000903,RIG_04,SEN_02,temperature,73.33,C,2025-02-01 07:31:00
E000904,RIG_10,SEN_02,vibration,2.4,mm/s,2025-02-01 07:31:30
E000905,RIG_04,SEN_17,pressure,2837.74,psi,2025-02-01 07:32:00
E000906,RIG_06,SEN_13,pressure,2780.92,psi,2025-02-01 07:32:30
E000907,RIG_10,SEN_11,vibration,7.07,mm/s,2025-02-01 07:33:00
E000908,RIG_03,SEN_10,pressure,2578.66,psi,2025-02-01 07:33:30
E000909,RIG_08,SEN_18,temperature,75.86,C,2025-02-01 07:34:00
E000910,RIG_06,SEN_08,temperature,83.37,C,2025-02-01 07:34:30
E000911,RIG_08,SEN_06,vibration,2.06,mm/s,2025-02-01 07:35:00
E000912,RIG_04,SEN_16,flow,174.96,l/min,2025-02-01 07:35:30
E000913,RIG_01,SEN_15,temperature,83.32,C,2025-02-01 07:36:00
E000914,RIG_10,SEN_10,flow,125.6,l/min,2025-02-01 07:36:30
E000915,RIG_06,SEN_19,pressure,2520.62,psi,2025-02-01 07:37:00
E000916,RIG_03,SEN_01,pressure,2959.73,psi,2025-02-01 07:37:30
E000917,RIG_10,SEN_15,vibration,6.08,mm/s,2025-02-01 07:38:00
E000918,RIG_06,SEN_13,pressure,2696.24,psi,2025-02-01 07:38:30
E000919,RIG_03,SEN_20,vibration,4.9,mm/s,2025-02-01 07:39:00
E000920,RIG_04,SEN_10,flow,94.32,l/min,2025-02-01 07:39:30
E000921,RIG_06,SEN_08,vibration,3.0,mm/s,2025-02-01 07:40:00
E000922,RIG_09,SEN_19,pressure,3008.84,psi,2025-02-01 07:40:30
E000923,RIG_04,SEN_10,temperature,83.66,C,2025-02-01 07:41:00
E000924,RIG_02,SEN_10,pressure,2461.4,psi,2025-02-01 07:41:30
E000925,RIG_04,SEN_06,vibration,3.99,mm/s,2025-02-01 07:42:00
E000926,RIG_05,SEN_09,pressure,2981.01,psi,2025-02-01 07:42:30
E000927,RIG_04,SEN_08,flow,130.89,l/min,2025-02-01 07:43:00
E000928,RIG_04,SEN_14,vibration,1.41,mm/s,2025-02-01 07:43:30
E000929,RIG_04,SEN_05,pressure,2675.44,psi,2025-02-01 07:44:00
E000930,RIG_09,SEN_15,vibration,3.94,mm/s,2025-02-01 07:44:30
E000931,RIG_03,SEN_08,temperature,80.87,C,2025-02-01 07:45:00
E000932,RIG_08,SEN_18,flow,124.17,l/min,2025-02-01 07:45:30
E000933,RIG_06,SEN_10,temperature,83.48,C,2025-02-01 07:46:00
E000934,RIG_05,SEN_06,temperature,75.61,C,2025-02-01 07:46:30
E000935,RIG_01,SEN_19,flow,122.68,l/min,2025-02-01 07:47:00
E000936,RIG_06,SEN_08,temperature,78.67,C,2025-02-01 07:47:30
E000937,RIG_10,SEN_18,flow,124.33,l/min,2025-02-01 07:48:00
E000938,RIG_10,SEN_04,flow,127.67,l/min,2025-02-01 07:48:30
E000939,RIG_07,SEN_16,vibration,2.96,mm/s,2025-02-01 07:49:00
E000940,RIG_09,SEN_19,flow,121.73,l/min,2025-02-01 07:49:30
E000941,RIG_06,SEN_09,flow,113.09,l/min,2025-02-01 07:50:00
E000942,RIG_09,SEN_02,flow,95.01,l/min,2025-02-01 07:50:30
E000943,RIG_07,SEN_04,temperature,89.83,C,2025-02-01 07:51:00
E000944,RIG_03,SEN_07,temperature,130.66,C,2025-02-01 07:51:30
E000945,RIG_02,SEN_01,pressure,2626.29,psi,2025-02-01 07:52:00
E000946,RIG_09,SEN_02,temperature,79.71,C,2025-02-01 07:52:30
E000947,RIG_06,SEN_06,pressure,2405.43,psi,2025-02-01 07:53:00
E000948,RIG_09,SEN_20,pressure,2345.83,psi,2025-02-01 07:53:30
E000949,RIG_04,SEN_03,flow,95.56,l/min,2025-02-01 07:54:00
E000950,RIG_06,SEN_06,temperature,72.56,C,2025-02-01 07:54:30
E000951,RIG_09,SEN_10,pressure,2110.18,psi,2025-02-01 07:55:00
E000952,RIG_04,SEN_03,flow,126.55,l/min,2025-02-01 07:55:30
E000953,RIG_03,SEN_12,vibration,3.45,mm/s,2025-02-01 07:56:00
E000954,RIG_06,SEN_04,vibration,2.7,mm/s,2025-02-01 07:56:30
E000955,RIG_07,SEN_11,temperature,90.97,C,2025-02-01 07:57:00
E000956,RIG_09,SEN_06,flow,216.62,l/min,2025-02-01 07:57:30
E000957,RIG_04,SEN_09,flow,129.72,l/min,2025-02-01 07:58:00
E000958,RIG_08,SEN_08,flow,121.12,l/min,2025-02-01 07:58:30
E000959,RIG_05,SEN_01,flow,113.93,l/min,2025-02-01 07:59:00
E000960,RIG_08,SEN_15,pressure,2649.01,psi,2025-02-01 07:59:30
E000961,RIG_04,SEN_07,temperature,72.45,C,2025-02-01 08:00:00
E000962,RIG_09,SEN_14,vibration,3.61,mm/s,2025-02-01 08:00:30
E000963,RIG_05,SEN_04,flow,132.73,l/min,2025-02-01 08:01:00
E000964,RIG_06,SEN_19,pressure,2451.47,psi,2025-02-01 08:01:30
E000965,RIG_07,SEN_20,vibration,2.39,mm/s,2025-02-01 08:02:00
E000966,RIG_04,SEN_20,flow,130.55,l/min,2025-02-01 08:02:30
E000967,RIG_09,SEN_18,temperature,173.46,C,2025-02-01 08:03:00
E000968,RIG_08,SEN_08,flow,120.36,l/min,2025-02-01 08:03:30
E000969,RIG_09,SEN_14,pressure,2858.15,psi,2025-02-01 08:04:00
E000970,RIG_02,SEN_01,temperature,81.38,C,2025-02-01 08:04:30
E000971,RIG_06,SEN_11,vibration,5.22,mm/s,2025-02-01 08:05:00
E000972,RIG_05,SEN_17,vibration,2.94,mm/s,2025-02-01 08:05:30
E000973,RIG_10,SEN_07,vibration,3.94,mm/s,2025-02-01 08:06:00
E000974,RIG_04,SEN_07,flow,118.51,l/min,2025-02-01 08:06:30
E000975,RIG_10,SEN_19,temperature,76.99,C,2025-02-01 08:07:00
E000976,RIG_04,SEN_13,flow,127.42,l/min,2025-02-01 08:07:30
E000977,RIG_04,SEN_14,flow,110.53,l/min,2025-02-01 08:08:00
E000978,RIG_04,SEN_03,vibration,4.46,mm/s,2025-02-01 08:08:30
E000979,RIG_06,SEN_19,pressure,2720.33,psi,2025-02-01 08:09:00
E000980,RIG_03,SEN_17,pressure,2726.68,psi,2025-02-01 08:09:30
E000981,RIG_04,SEN_07,flow,124.42,l/min,2025-02-01 08:10:00
E000982,RIG_04,SEN_12,pressure,2520.48,psi,2025-02-01 08:10:30
E000983,RIG_04,SEN_08,flow,95.0,l/min,2025-02-01 08:11:00
E000984,RIG_06,SEN_09,pressure,2679.66,psi,2025-02-01 08:11:30
E000985,RIG_02,SEN_13,flow,103.03,l/min,2025-02-01 08:12:00
E000986,RIG_01,SEN_02,vibration,3.8,mm/s,2025-02-01 08:12:30
E000987,RIG_10,SEN_09,flow,123.09,l/min,2025-02-01 08:13:00
E000988,RIG_08,SEN_11,vibration,2.35,mm/s,2025-02-01 08:13:30
E000989,RIG_06,SEN_03,pressure,2711.54,psi,2025-02-01 08:14:00
E000990,RIG_06,SEN_19,vibration,1.45,mm/s,2025-02-01 08:14:30
E000991,RIG_04,SEN_17,pressure,2155.9,psi,2025-02-01 08:15:00
E000992,RIG_08,SEN_11,pressure,2986.98,psi,2025-02-01 08:15:30
E000993,RIG_07,SEN_12,flow,104.22,l/min,2025-02-01 08:16:00
E000994,RIG_07,SEN_14,pressure,2714.33,psi,2025-02-01 08:16:30
E000995,RIG_03,SEN_01,pressure,2148.46,psi,2025-02-01 08:17:00
E000996,RIG_08,SEN_11,vibration,3.12,mm/s,2025-02-01 08:17:30
E000997,RIG_10,SEN_14,temperature,87.15,C,2025-02-01 08:18:00
E000998,RIG_04,SEN_11,flow,130.24,l/min,2025-02-01 08:18:30
E000999,RIG_06,SEN_14,flow,116.05,l/min,2025-02-01 08:19:00
E001000,RIG_10,SEN_01,vibration,3.25,mm/s,2025-02-01 08:19:30
E001001,RIG_09,SEN_20,pressure,2584.05,psi,2025-02-01 08:20:00
E001002,RIG_06,SEN_11,vibration,2.93,mm/s,2025-02-01 08:20:30
E001003,RIG_07,SEN_11,vibration,3.12,mm/s,2025-02-01 08:21:00
E001004,RIG_04,SEN_05,vibration,4.55,mm/s,2025-02-01 08:21:30
E001005,RIG_09,SEN_09,temperature,80.02,C,2025-02-01 08:22:00
E001006,RIG_01,SEN_12,flow,232.35,l/min,2025-02-01 08:22:30
E001007,RIG_07,SEN_04,flow,106.97,l/min,2025-02-01 08:23:00
E001008,RIG_05,SEN_06,vibration,3.86,mm/s,2025-02-01 08:23:30
E001009,RIG_07,SEN_09,vibration,4.79,mm/s,2025-02-01 08:24:00
E001010,RIG_03,SEN_19,vibration,10.21,mm/s,2025-02-01 08:24:30
E001011,RIG_07,SEN_14,temperature,87.5,C,2025-02-01 08:25:00
E001012,RIG_04,SEN_10,pressure,2278.06,psi,2025-02-01 08:25:30
E001013,RIG_07,SEN_17,vibration,4.47,mm/s,2025-02-01 08:26:00
E001014,RIG_09,SEN_06,flow,235.3,l/min,2025-02-01 08:26:30
E001015,RIG_04,SEN_19,pressure,2161.1,psi,2025-02-01 08:27:00
E001016,RIG_02,SEN_17,pressure,2869.82,psi,2025-02-01 08:27:30
E001017,RIG_06,SEN_20,pressure,2348.52,psi,2025-02-01 08:28:00
E001018,RIG_10,SEN_09,flow,124.48,l/min,2025-02-01 08:28:30
E001019,RIG_02,SEN_14,temperature,84.16,C,2025-02-01 08:29:00
E001020,RIG_08,SEN_03,temperature,73.12,C,2025-02-01 08:29:30
E001021,RIG_01,SEN_05,pressure,3027.51,psi,2025-02-01 08:30:00
E001022,RIG_08,SEN_05,temperature,78.16,C,2025-02-01 08:30:30
E001023,RIG_10,SEN_18,flow,130.61,l/min,2025-02-01 08:31:00
E001024,RIG_01,SEN_03,temperature,74.67,C,2025-02-01 08:31:30
E001025,RIG_02,SEN_20,pressure,2410.24,psi,2025-02-01 08:32:00
E001026,RIG_10,SEN_16,vibration,2.36,mm/s,2025-02-01 08:32:30
E001027,RIG_05,SEN_09,flow,102.99,l/min,2025-02-01 08:33:00
E001028,RIG_01,SEN_08,pressure,2981.6,psi,2025-02-01 08:33:30
E001029,RIG_07,SEN_13,pressure,2133.08,psi,2025-02-01 08:34:00
E001030,RIG_04,SEN_09,vibration,7.41,mm/s,2025-02-01 08:34:30
E001031,RIG_05,SEN_10,flow,130.24,l/min,2025-02-01 08:35:00
E001032,RIG_10,SEN_17,temperature,90.96,C,2025-02-01 08:35:30
E001033,RIG_03,SEN_17,pressure,2582.39,psi,2025-02-01 08:36:00
E001034,RIG_10,SEN_20,pressure,2684.88,psi,2025-02-01 08:36:30
E001035,RIG_02,SEN_20,temperature,83.05,C,2025-02-01 08:37:00
E001036,RIG_08,SEN_05,temperature,85.89,C,2025-02-01 08:37:30
E001037,RIG_10,SEN_02,pressure,2173.18,psi,2025-02-01 08:38:00
E001038,RIG_02,SEN_11,flow,109.88,l/min,2025-02-01 08:38:30
E001039,RIG_04,SEN_13,vibration,1.62,mm/s,2025-02-01 08:39:00
E001040,RIG_10,SEN_03,vibration,5.29,mm/s,2025-02-01 08:39:30
E001041,RIG_02,SEN_05,flow,116.06,l/min,2025-02-01 08:40:00
E001042,RIG_06,SEN_05,vibration,4.1,mm/s,2025-02-01 08:40:30
E001043,RIG_08,SEN_05,flow,95.65,l/min,2025-02-01 08:41:00
E001044,RIG_06,SEN_09,flow,124.17,l/min,2025-02-01 08:41:30
E001045,RIG_03,SEN_15,flow,130.78,l/min,2025-02-01 08:42:00
E001046,RIG_05,SEN_09,flow,96.67,l/min,2025-02-01 08:42:30
E001047,RIG_01,SEN_16,pressure,2196.71,psi,2025-02-01 08:43:00
E001048,RIG_01,SEN_18,pressure,3024.71,psi,2025-02-01 08:43:30
E001049,RIG_08,SEN_06,temperature,76.69,C,2025-02-01 08:44:00
E001050,RIG_06,SEN_15,pressure,3498.22,psi,2025-02-01 08:44:30
E001051,RIG_04,SEN_16,flow,97.02,l/min,2025-02-01 08:45:00
E001052,RIG_02,SEN_13,vibration,2.47,mm/s,2025-02-01 08:45:30
E001053,RIG_06,SEN_01,pressure,2842.11,psi,2025-02-01 08:46:00
E001054,RIG_07,SEN_10,pressure,2416.42,psi,2025-02-01 08:46:30
E001055,RIG_07,SEN_19,temperature,89.93,C,2025-02-01 08:47:00
E001056,RIG_02,SEN_11,flow,109.85,l/min,2025-02-01 08:47:30
E001057,RIG_02,SEN_20,pressure,2777.43,psi,2025-02-01 08:48:00
E001058,RIG_04,SEN_08,vibration,2.44,mm/s,2025-02-01 08:48:30
E001059,RIG_03,SEN_07,vibration,2.75,mm/s,2025-02-01 08:49:00
E001060,RIG_10,SEN_15,vibration,3.6,mm/s,2025-02-01 08:49:30
E001061,RIG_02,SEN_20,temperature,87.55,C,2025-02-01 08:50:00
E001062,RIG_09,SEN_19,temperature,83.24,C,2025-02-01 08:50:30
E001063,RIG_09,SEN_02,pressure,2711.55,psi,2025-02-01 08:51:00
E001064,RIG_03,SEN_19,vibration,2.78,mm/s,2025-02-01 08:51:30
E001065,RIG_03,SEN_09,temperature,90.33,C,2025-02-01 08:52:00
E001066,RIG_05,SEN_02,vibration,4.38,mm/s,2025-02-01 08:52:30
E001067,RIG_03,SEN_07,temperature,80.26,C,2025-02-01 08:53:00
E001068,RIG_01,SEN_02,flow,113.51,l/min,2025-02-01 08:53:30
E001069,RIG_04,SEN_13,flow,99.73,l/min,2025-02-01 08:54:00
E001070,RIG_07,SEN_13,pressure,2709.61,psi,2025-02-01 08:54:30
E001071,RIG_01,SEN_10,temperature,77.44,C,2025-02-01 08:55:00
E001072,RIG_04,SEN_07,vibration,1.51,mm/s,2025-02-01 08:55:30
E001073,RIG_05,SEN_05,temperature,88.22,C,2025-02-01 08:56:00
E001074,RIG_05,SEN_07,vibration,5.0,mm/s,2025-02-01 08:56:30
E001075,RIG_10,SEN_01,temperature,79.82,C,2025-02-01 08:57:00
E001076,RIG_10,SEN_16,temperature,76.91,C,2025-02-01 08:57:30
E001077,RIG_01,SEN_15,flow,333.89,l/min,2025-02-01 08:58:00
E001078,RIG_05,SEN_07,vibration,2.94,mm/s,2025-02-01 08:58:30
E001079,RIG_03,SEN_03,flow,132.53,l/min,2025-02-01 08:59:00
E001080,RIG_01,SEN_04,vibration,3.04,mm/s,2025-02-01 08:59:30
E001081,RIG_10,SEN_02,vibration,5.07,mm/s,2025-02-01 09:00:00
E001082,RIG_01,SEN_12,pressure,2668.16,psi,2025-02-01 09:00:30
E001083,RIG_07,SEN_16,flow,131.38,l/min,2025-02-01 09:01:00
E001084,RIG_09,SEN_03,pressure,2455.44,psi,2025-02-01 09:01:30
E001085,RIG_06,SEN_16,pressure,3037.82,psi,2025-02-01 09:02:00
E001086,RIG_10,SEN_20,pressure,3104.63,psi,2025-02-01 09:02:30
E001087,RIG_02,SEN_15,flow,101.21,l/min,2025-02-01 09:03:00
E001088,RIG_07,SEN_09,flow,114.18,l/min,2025-02-01 09:03:30
E001089,RIG_07,SEN_07,flow,97.05,l/min,2025-02-01 09:04:00
E001090,RIG_05,SEN_16,flow,97.6,l/min,2025-02-01 09:04:30
E001091,RIG_07,SEN_19,pressure,2262.97,psi,2025-02-01 09:05:00
E001092,RIG_10,SEN_13,pressure,3028.76,psi,2025-02-01 09:05:30
E001093,RIG_07,SEN_10,temperature,90.13,C,2025-02-01 09:06:00
E001094,RIG_10,SEN_04,flow,125.78,l/min,2025-02-01 09:06:30
E001095,RIG_09,SEN_08,temperature,90.95,C,2025-02-01 09:07:00
E001096,RIG_09,SEN_19,temperature,80.35,C,2025-02-01 09:07:30
E001097,RIG_05,SEN_03,temperature,78.64,C,2025-02-01 09:08:00
E001098,RIG_03,SEN_14,temperature,85.26,C,2025-02-01 09:08:30
E001099,RIG_01,SEN_11,pressure,2176.16,psi,2025-02-01 09:09:00
E001100,RIG_10,SEN_11,vibration,3.58,mm/s,2025-02-01 09:09:30
E001101,RIG_01,SEN_03,pressure,3020.83,psi,2025-02-01 09:10:00
E001102,RIG_06,SEN_03,pressure,2514.18,psi,2025-02-01 09:10:30
E001103,RIG_03,SEN_14,flow,114.03,l/min,2025-02-01 09:11:00
E001104,RIG_02,SEN_08,vibration,3.86,mm/s,2025-02-01 09:11:30
E001105,RIG_08,SEN_12,temperature,90.14,C,2025-02-01 09:12:00
E001106,RIG_05,SEN_10,pressure,2850.36,psi,2025-02-01 09:12:30
E001107,RIG_09,SEN_04,pressure,2489.97,psi,2025-02-01 09:13:00
E001108,RIG_06,SEN_13,temperature,89.14,C,2025-02-01 09:13:30
E001109,RIG_02,SEN_17,temperature,77.01,C,2025-02-01 09:14:00
E001110,RIG_09,SEN_14,vibration,4.69,mm/s,2025-02-01 09:14:30
E001111,RIG_01,SEN_09,pressure,2517.71,psi,2025-02-01 09:15:00
E001112,RIG_09,SEN_14,vibration,3.76,mm/s,2025-02-01 09:15:30
E001113,RIG_06,SEN_14,pressure,2782.8,psi,2025-02-01 09:16:00
E001114,RIG_01,SEN_15,flow,102.93,l/min,2025-02-01 09:16:30
E001115,RIG_03,SEN_19,pressure,2762.87,psi,2025-02-01 09:17:00
E001116,RIG_01,SEN_04,vibration,3.31,mm/s,2025-02-01 09:17:30
E001117,RIG_10,SEN_16,vibration,5.07,mm/s,2025-02-01 09:18:00
E001118,RIG_02,SEN_11,pressure,2256.09,psi,2025-02-01 09:18:30
E001119,RIG_05,SEN_12,pressure,2245.32,psi,2025-02-01 09:19:00
E001120,RIG_08,SEN_06,vibration,11.11,mm/s,2025-02-01 09:19:30
E001121,RIG_08,SEN_20,temperature,72.63,C,2025-02-01 09:20:00
E001122,RIG_04,SEN_16,temperature,72.59,C,2025-02-01 09:20:30
E001123,RIG_02,SEN_13,flow,134.19,l/min,2025-02-01 09:21:00
E001124,RIG_04,SEN_17,vibration,3.01,mm/s,2025-02-01 09:21:30
E001125,RIG_01,SEN_11,pressure,2891.74,psi,2025-02-01 09:22:00
E001126,RIG_10,SEN_10,vibration,3.1,mm/s,2025-02-01 09:22:30
E001127,RIG_05,SEN_02,temperature,85.42,C,2025-02-01 09:23:00
E001128,RIG_05,SEN_11,temperature,79.35,C,2025-02-01 09:23:30
E001129,RIG_07,SEN_15,vibration,1.85,mm/s,2025-02-01 09:24:00
E001130,RIG_03,SEN_02,flow,100.29,l/min,2025-02-01 09:24:30
E001131,RIG_01,SEN_12,pressure,2757.55,psi,2025-02-01 09:25:00
E001132,RIG_07,SEN_15,pressure,2392.78,psi,2025-02-01 09:25:30
E001133,RIG_10,SEN_12,pressure,2821.47,psi,2025-02-01 09:26:00
E001134,RIG_09,SEN_10,temperature,73.47,C,2025-02-01 09:26:30
E001135,RIG_06,SEN_10,flow,94.98,l/min,2025-02-01 09:27:00
E001136,RIG_04,SEN_14,vibration,5.06,mm/s,2025-02-01 09:27:30
E001137,RIG_07,SEN_09,temperature,194.35,C,2025-02-01 09:28:00
E001138,RIG_03,SEN_12,flow,132.37,l/min,2025-02-01 09:28:30
E001139,RIG_07,SEN_17,vibration,4.24,mm/s,2025-02-01 09:29:00
E001140,RIG_09,SEN_07,pressure,5466.0,psi,2025-02-01 09:29:30
E001141,RIG_08,SEN_14,temperature,83.99,C,2025-02-01 09:30:00
E001142,RIG_09,SEN_16,flow,131.83,l/min,2025-02-01 09:30:30
E001143,RIG_07,SEN_07,flow,114.67,l/min,2025-02-01 09:31:00
E001144,RIG_05,SEN_11,vibration,4.54,mm/s,2025-02-01 09:31:30
E001145,RIG_09,SEN_02,flow,96.7,l/min,2025-02-01 09:32:00
E001146,RIG_09,SEN_15,pressure,2383.77,psi,2025-02-01 09:32:30
E001147,RIG_09,SEN_06,pressure,3048.21,psi,2025-02-01 09:33:00
E001148,RIG_01,SEN_16,pressure,3062.5,psi,2025-02-01 09:33:30
E001149,RIG_07,SEN_17,vibration,4.25,mm/s,2025-02-01 09:34:00
E001150,RIG_04,SEN_02,flow,103.48,l/min,2025-02-01 09:34:30
E001151,RIG_05,SEN_02,flow,122.11,l/min,2025-02-01 09:35:00
E001152,RIG_02,SEN_20,temperature,87.93,C,2025-02-01 09:35:30
E001153,RIG_06,SEN_11,temperature,92.25,C,2025-02-01 09:36:00
E001154,RIG_09,SEN_05,pressure,3903.24,psi,2025-02-01 09:36:30
E001155,RIG_01,SEN_15,vibration,3.44,mm/s,2025-02-01 09:37:00
E001156,RIG_09,SEN_17,vibration,4.43,mm/s,2025-02-01 09:37:30
E001157,RIG_02,SEN_06,pressure,2999.49,psi,2025-02-01 09:38:00
E001158,RIG_03,SEN_11,flow,159.66,l/min,2025-02-01 09:38:30
E001159,RIG_09,SEN_07,temperature,83.81,C,2025-02-01 09:39:00
E001160,RIG_05,SEN_14,vibration,3.33,mm/s,2025-02-01 09:39:30
E001161,RIG_09,SEN_12,flow,103.6,l/min,2025-02-01 09:40:00
E001162,RIG_07,SEN_18,vibration,1.67,mm/s,2025-02-01 09:40:30
E001163,RIG_02,SEN_15,vibration,3.26,mm/s,2025-02-01 09:41:00
E001164,RIG_06,SEN_07,flow,104.03,l/min,2025-02-01 09:41:30
E001165,RIG_10,SEN_02,flow,114.78,l/min,2025-02-01 09:42:00
E001166,RIG_04,SEN_17,temperature,86.17,C,2025-02-01 09:42:30
E001167,RIG_06,SEN_13,vibration,2.83,mm/s,2025-02-01 09:43:00
E001168,RIG_04,SEN_15,vibration,1.88,mm/s,2025-02-01 09:43:30
E001169,RIG_09,SEN_03,flow,105.76,l/min,2025-02-01 09:44:00
E001170,RIG_01,SEN_04,vibration,1.51,mm/s,2025-02-01 09:44:30
E001171,RIG_03,SEN_20,pressure,2835.08,psi,2025-02-01 09:45:00
E001172,RIG_07,SEN_09,vibration,1.66,mm/s,2025-02-01 09:45:30
E001173,RIG_01,SEN_14,vibration,2.23,mm/s,2025-02-01 09:46:00
E001174,RIG_02,SEN_17,flow,208.49,l/min,2025-02-01 09:46:30
E001175,RIG_10,SEN_15,temperature,76.03,C,2025-02-01 09:47:00
E001176,RIG_03,SEN_09,temperature,88.58,C,2025-02-01 09:47:30
E001177,RIG_01,SEN_14,vibration,3.2,mm/s,2025-02-01 09:48:00
E001178,RIG_08,SEN_20,flow,99.16,l/min,2025-02-01 09:48:30
E001179,RIG_10,SEN_07,vibration,5.62,mm/s,2025-02-01 09:49:00
E001180,RIG_03,SEN_17,vibration,4.5,mm/s,2025-02-01 09:49:30
E001181,RIG_09,SEN_14,temperature,74.95,C,2025-02-01 09:50:00
E001182,RIG_07,SEN_04,temperature,89.01,C,2025-02-01 09:50:30
E001183,RIG_07,SEN_16,temperature,84.46,C,2025-02-01 09:51:00
E001184,RIG_07,SEN_15,vibration,1.88,mm/s,2025-02-01 09:51:30
E001185,RIG_01,SEN_11,vibration,3.3,mm/s,2025-02-01 09:52:00
E001186,RIG_02,SEN_12,pressure,2845.12,psi,2025-02-01 09:52:30
E001187,RIG_04,SEN_03,pressure,3011.27,psi,2025-02-01 09:53:00
E001188,RIG_03,SEN_11,flow,134.7,l/min,2025-02-01 09:53:30
E001189,RIG_03,SEN_01,temperature,89.16,C,2025-02-01 09:54:00
E001190,RIG_04,SEN_18,temperature,77.4,C,2025-02-01 09:54:30
E001191,RIG_04,SEN_07,vibration,2.31,mm/s,2025-02-01 09:55:00
E001192,RIG_07,SEN_17,vibration,2.92,mm/s,2025-02-01 09:55:30
E001193,RIG_06,SEN_17,temperature,86.32,C,2025-02-01 09:56:00
E001194,RIG_07,SEN_06,vibration,2.11,mm/s,2025-02-01 09:56:30
E001195,RIG_05,SEN_02,flow,97.6,l/min,2025-02-01 09:57:00
E001196,RIG_01,SEN_15,pressure,2632.75,psi,2025-02-01 09:57:30
E001197,RIG_10,SEN_12,pressure,2384.02,psi,2025-02-01 09:58:00
E001198,RIG_04,SEN_17,vibration,2.35,mm/s,2025-02-01 09:58:30
E001199,RIG_04,SEN_06,flow,132.64,l/min,2025-02-01 09:59:00
E001200,RIG_04,SEN_07,vibration,4.58,mm/s,2025-02-01 09:59:30
E001201,RIG_07,SEN_01,pressure,2559.62,psi,2025-02-01 10:00:00
E001202,RIG_05,SEN_12,temperature,86.12,C,2025-02-01 10:00:30
E001203,RIG_09,SEN_11,pressure,3088.75,psi,2025-02-01 10:01:00
E001204,RIG_05,SEN_14,pressure,2899.58,psi,2025-02-01 10:01:30
E001205,RIG_08,SEN_10,flow,100.96,l/min,2025-02-01 10:02:00
E001206,RIG_09,SEN_08,vibration,4.2,mm/s,2025-02-01 10:02:30
E001207,RIG_09,SEN_18,vibration,4.1,mm/s,2025-02-01 10:03:00
E001208,RIG_10,SEN_01,temperature,85.28,C,2025-02-01 10:03:30
E001209,RIG_03,SEN_19,flow,100.78,l/min,2025-02-01 10:04:00
E001210,RIG_03,SEN_17,vibration,4.23,mm/s,2025-02-01 10:04:30
E001211,RIG_08,SEN_04,vibration,7.64,mm/s,2025-02-01 10:05:00
E001212,RIG_01,SEN_15,temperature,82.13,C,2025-02-01 10:05:30
E001213,RIG_01,SEN_18,vibration,2.35,mm/s,2025-02-01 10:06:00
E001214,RIG_09,SEN_01,pressure,2523.53,psi,2025-02-01 10:06:30
E001215,RIG_07,SEN_18,flow,110.07,l/min,2025-02-01 10:07:00
E001216,RIG_08,SEN_04,pressure,2480.32,psi,2025-02-01 10:07:30
E001217,RIG_08,SEN_13,flow,102.02,l/min,2025-02-01 10:08:00
E001218,RIG_09,SEN_04,vibration,5.01,mm/s,2025-02-01 10:08:30
E001219,RIG_02,SEN_19,pressure,2212.69,psi,2025-02-01 10:09:00
E001220,RIG_04,SEN_09,vibration,2.99,mm/s,2025-02-01 10:09:30
E001221,RIG_06,SEN_09,temperature,77.57,C,2025-02-01 10:10:00
E001222,RIG_04,SEN_13,pressure,2751.66,psi,2025-02-01 10:10:30
E001223,RIG_05,SEN_14,vibration,4.84,mm/s,2025-02-01 10:11:00
E001224,RIG_08,SEN_19,pressure,2388.41,psi,2025-02-01 10:11:30
E001225,RIG_03,SEN_07,vibration,3.85,mm/s,2025-02-01 10:12:00
E001226,RIG_09,SEN_08,flow,112.77,l/min,2025-02-01 10:12:30
E001227,RIG_01,SEN_20,temperature,90.63,C,2025-02-01 10:13:00
E001228,RIG_03,SEN_03,flow,107.73,l/min,2025-02-01 10:13:30
E001229,RIG_08,SEN_19,vibration,3.89,mm/s,2025-02-01 10:14:00
E001230,RIG_02,SEN_14,flow,113.31,l/min,2025-02-01 10:14:30
E001231,RIG_02,SEN_20,pressure,2952.45,psi,2025-02-01 10:15:00
E001232,RIG_03,SEN_10,vibration,3.24,mm/s,2025-02-01 10:15:30
E001233,RIG_09,SEN_03,temperature,87.91,C,2025-02-01 10:16:00
E001234,RIG_05,SEN_16,pressure,2947.12,psi,2025-02-01 10:16:30
E001235,RIG_06,SEN_17,pressure,2144.53,psi,2025-02-01 10:17:00
E001236,RIG_02,SEN_10,flow,118.36,l/min,2025-02-01 10:17:30
E001237,RIG_04,SEN_02,temperature,78.27,C,2025-02-01 10:18:00
E001238,RIG_08,SEN_05,pressure,2226.23,psi,2025-02-01 10:18:30
E001239,RIG_04,SEN_17,flow,104.0,l/min,2025-02-01 10:19:00
E001240,RIG_01,SEN_15,pressure,2981.57,psi,2025-02-01 10:19:30
E001241,RIG_06,SEN_11,vibration,2.45,mm/s,2025-02-01 10:20:00
E001242,RIG_05,SEN_01,pressure,2961.55,psi,2025-02-01 10:20:30
E001243,RIG_08,SEN_07,flow,103.47,l/min,2025-02-01 10:21:00
E001244,RIG_09,SEN_05,temperature,78.13,C,2025-02-01 10:21:30
E001245,RIG_03,SEN_15,flow,119.32,l/min,2025-02-01 10:22:00
E001246,RIG_08,SEN_17,vibration,5.16,mm/s,2025-02-01 10:22:30
E001247,RIG_09,SEN_06,vibration,5.26,mm/s,2025-02-01 10:23:00
E001248,RIG_04,SEN_08,vibration,1.88,mm/s,2025-02-01 10:23:30
E001249,RIG_05,SEN_09,flow,126.91,l/min,2025-02-01 10:24:00
E001250,RIG_04,SEN_14,pressure,3082.59,psi,2025-02-01 10:24:30
E001251,RIG_01,SEN_12,temperature,87.66,C,2025-02-01 10:25:00
E001252,RIG_04,SEN_16,flow,115.19,l/min,2025-02-01 10:25:30
E001253,RIG_02,SEN_20,flow,110.08,l/min,2025-02-01 10:26:00
E001254,RIG_04,SEN_18,flow,103.79,l/min,2025-02-01 10:26:30
E001255,RIG_06,SEN_02,pressure,2833.36,psi,2025-02-01 10:27:00
E001256,RIG_09,SEN_05,pressure,2258.43,psi,2025-02-01 10:27:30
E001257,RIG_01,SEN_08,temperature,85.42,C,2025-02-01 10:28:00
E001258,RIG_08,SEN_20,pressure,3007.43,psi,2025-02-01 10:28:30
E001259,RIG_08,SEN_01,temperature,87.24,C,2025-02-01 10:29:00
E001260,RIG_07,SEN_01,flow,102.39,l/min,2025-02-01 10:29:30
E001261,RIG_10,SEN_06,temperature,80.54,C,2025-02-01 10:30:00
E001262,RIG_08,SEN_01,flow,111.5,l/min,2025-02-01 10:30:30
E001263,RIG_09,SEN_17,temperature,81.48,C,2025-02-01 10:31:00
E001264,RIG_03,SEN_06,pressure,2568.68,psi,2025-02-01 10:31:30
E001265,RIG_01,SEN_07,pressure,2190.44,psi,2025-02-01 10:32:00
E001266,RIG_10,SEN_02,pressure,2209.66,psi,2025-02-01 10:32:30
E001267,RIG_04,SEN_11,flow,104.77,l/min,2025-02-01 10:33:00
E001268,RIG_10,SEN_06,vibration,2.92,mm/s,2025-02-01 10:33:30
E001269,RIG_01,SEN_16,flow,113.63,l/min,2025-02-01 10:34:00
E001270,RIG_10,SEN_13,pressure,2760.88,psi,2025-02-01 10:34:30
E001271,RIG_01,SEN_12,pressure,2912.85,psi,2025-02-01 10:35:00
E001272,RIG_07,SEN_01,pressure,3104.95,psi,2025-02-01 10:35:30
E001273,RIG_01,SEN_16,vibration,3.39,mm/s,2025-02-01 10:36:00
E001274,RIG_03,SEN_19,temperature,75.0,C,2025-02-01 10:36:30
E001275,RIG_04,SEN_02,temperature,82.34,C,2025-02-01 10:37:00
E001276,RIG_07,SEN_07,temperature,76.72,C,2025-02-01 10:37:30
E001277,RIG_08,SEN_11,flow,103.97,l/min,2025-02-01 10:38:00
E001278,RIG_08,SEN_14,temperature,80.76,C,2025-02-01 10:38:30
E001279,RIG_02,SEN_05,flow,132.03,l/min,2025-02-01 10:39:00
E001280,RIG_01,SEN_14,temperature,86.65,C,2025-02-01 10:39:30
E001281,RIG_02,SEN_12,vibration,3.34,mm/s,2025-02-01 10:40:00
E001282,RIG_08,SEN_06,vibration,3.71,mm/s,2025-02-01 10:40:30
E001283,RIG_02,SEN_17,vibration,3.54,mm/s,2025-02-01 10:41:00
E001284,RIG_08,SEN_05,pressure,2190.01,psi,2025-02-01 10:41:30
E001285,RIG_01,SEN_01,pressure,2401.28,psi,2025-02-01 10:42:00
E001286,RIG_08,SEN_16,pressure,2967.17,psi,2025-02-01 10:42:30
E001287,RIG_01,SEN_04,temperature,82.08,C,2025-02-01 10:43:00
E001288,RIG_08,SEN_18,flow,114.49,l/min,2025-02-01 10:43:30
E001289,RIG_10,SEN_05,flow,97.07,l/min,2025-02-01 10:44:00
E001290,RIG_09,SEN_10,temperature,91.89,C,2025-02-01 10:44:30
E001291,RIG_04,SEN_13,flow,99.65,l/min,2025-02-01 10:45:00
E001292,RIG_05,SEN_16,vibration,4.83,mm/s,2025-02-01 10:45:30
E001293,RIG_05,SEN_14,vibration,4.95,mm/s,2025-02-01 10:46:00
E001294,RIG_05,SEN_19,pressure,2904.85,psi,2025-02-01 10:46:30
E001295,RIG_08,SEN_05,pressure,2483.3,psi,2025-02-01 10:47:00
E001296,RIG_02,SEN_05,vibration,2.37,mm/s,2025-02-01 10:47:30
E001297,RIG_03,SEN_15,flow,99.77,l/min,2025-02-01 10:48:00
E001298,RIG_09,SEN_01,flow,109.78,l/min,2025-02-01 10:48:30
E001299,RIG_10,SEN_11,vibration,3.33,mm/s,2025-02-01 10:49:00
E001300,RIG_10,SEN_02,flow,98.92,l/min,2025-02-01 10:49:30
E001301,RIG_04,SEN_06,flow,104.02,l/min,2025-02-01 10:50:00
E001302,RIG_05,SEN_16,flow,107.61,l/min,2025-02-01 10:50:30
E001303,RIG_08,SEN_02,flow,110.9,l/min,2025-02-01 10:51:00
E001304,RIG_05,SEN_11,vibration,1.66,mm/s,2025-02-01 10:51:30
E001305,RIG_07,SEN_12,flow,128.36,l/min,2025-02-01 10:52:00
E001306,RIG_06,SEN_12,vibration,3.14,mm/s,2025-02-01 10:52:30
E001307,RIG_05,SEN_05,vibration,3.08,mm/s,2025-02-01 10:53:00
E001308,RIG_10,SEN_07,temperature,78.68,C,2025-02-01 10:53:30
E001309,RIG_03,SEN_03,pressure,2676.69,psi,2025-02-01 10:54:00
E001310,RIG_07,SEN_17,flow,107.46,l/min,2025-02-01 10:54:30
E001311,RIG_01,SEN_09,vibration,3.72,mm/s,2025-02-01 10:55:00
E001312,RIG_09,SEN_12,vibration,5.03,mm/s,2025-02-01 10:55:30
E001313,RIG_01,SEN_17,pressure,2584.86,psi,2025-02-01 10:56:00
E001314,RIG_03,SEN_01,vibration,2.83,mm/s,2025-02-01 10:56:30
E001315,RIG_08,SEN_17,pressure,2391.65,psi,2025-02-01 10:57:00
E001316,RIG_06,SEN_18,vibration,2.52,mm/s,2025-02-01 10:57:30
E001317,RIG_07,SEN_19,pressure,3108.13,psi,2025-02-01 10:58:00
E001318,RIG_07,SEN_12,temperature,134.06,C,2025-02-01 10:58:30
E001319,RIG_02,SEN_03,temperature,87.22,C,2025-02-01 10:59:00
E001320,RIG_06,SEN_19,temperature,86.4,C,2025-02-01 10:59:30
E001321,RIG_08,SEN_17,temperature,84.19,C,2025-02-01 11:00:00
E001322,RIG_02,SEN_07,vibration,4.8,mm/s,2025-02-01 11:00:30
E001323,RIG_01,SEN_11,pressure,2188.57,psi,2025-02-01 11:01:00
E001324,RIG_01,SEN_08,temperature,80.83,C,2025-02-01 11:01:30
E001325,RIG_01,SEN_15,flow,97.16,l/min,2025-02-01 11:02:00
E001326,RIG_04,SEN_15,vibration,2.53,mm/s,2025-02-01 11:02:30
E001327,RIG_04,SEN_15,vibration,2.32,mm/s,2025-02-01 11:03:00
E001328,RIG_04,SEN_17,temperature,76.28,C,2025-02-01 11:03:30
E001329,RIG_02,SEN_10,vibration,1.91,mm/s,2025-02-01 11:04:00
E001330,RIG_10,SEN_02,pressure,2847.29,psi,2025-02-01 11:04:30
E001331,RIG_01,SEN_13,temperature,91.86,C,2025-02-01 11:05:00
E001332,RIG_05,SEN_18,temperature,76.92,C,2025-02-01 11:05:30
E001333,RIG_04,SEN_08,vibration,3.04,mm/s,2025-02-01 11:06:00
E001334,RIG_06,SEN_14,temperature,83.96,C,2025-02-01 11:06:30
E001335,RIG_08,SEN_20,temperature,73.81,C,2025-02-01 11:07:00
E001336,RIG_01,SEN_03,vibration,4.81,mm/s,2025-02-01 11:07:30
E001337,RIG_02,SEN_02,temperature,73.44,C,2025-02-01 11:08:00
E001338,RIG_04,SEN_04,vibration,2.6,mm/s,2025-02-01 11:08:30
E001339,RIG_09,SEN_02,vibration,3.81,mm/s,2025-02-01 11:09:00
E001340,RIG_09,SEN_13,pressure,4743.74,psi,2025-02-01 11:09:30
E001341,RIG_04,SEN_05,vibration,3.78,mm/s,2025-02-01 11:10:00
E001342,RIG_01,SEN_17,flow,106.43,l/min,2025-02-01 11:10:30
E001343,RIG_03,SEN_18,vibration,5.43,mm/s,2025-02-01 11:11:00
E001344,RIG_05,SEN_13,temperature,87.6,C,2025-02-01 11:11:30
E001345,RIG_07,SEN_12,vibration,4.6,mm/s,2025-02-01 11:12:00
E001346,RIG_06,SEN_19,vibration,2.18,mm/s,2025-02-01 11:12:30
E001347,RIG_04,SEN_13,temperature,160.08,C,2025-02-01 11:13:00
E001348,RIG_01,SEN_09,vibration,3.14,mm/s,2025-02-01 11:13:30
E001349,RIG_09,SEN_07,vibration,4.75,mm/s,2025-02-01 11:14:00
E001350,RIG_04,SEN_11,temperature,86.77,C,2025-02-01 11:14:30
E001351,RIG_08,SEN_07,temperature,77.58,C,2025-02-01 11:15:00
E001352,RIG_02,SEN_02,temperature,82.21,C,2025-02-01 11:15:30
E001353,RIG_01,SEN_17,pressure,3011.35,psi,2025-02-01 11:16:00
E001354,RIG_06,SEN_14,temperature,75.67,C,2025-02-01 11:16:30
E001355,RIG_07,SEN_16,pressure,2660.83,psi,2025-02-01 11:17:00
E001356,RIG_09,SEN_17,temperature,75.28,C,2025-02-01 11:17:30
E001357,RIG_01,SEN_09,pressure,2345.71,psi,2025-02-01 11:18:00
E001358,RIG_01,SEN_04,vibration,2.53,mm/s,2025-02-01 11:18:30
E001359,RIG_07,SEN_01,temperature,82.16,C,2025-02-01 11:19:00
E001360,RIG_10,SEN_20,pressure,3009.19,psi,2025-02-01 11:19:30
E001361,RIG_08,SEN_12,pressure,2464.0,psi,2025-02-01 11:20:00
E001362,RIG_06,SEN_10,flow,130.68,l/min,2025-02-01 11:20:30
E001363,RIG_04,SEN_07,flow,130.62,l/min,2025-02-01 11:21:00
E001364,RIG_10,SEN_20,temperature,80.2,C,2025-02-01 11:21:30
E001365,RIG_01,SEN_20,temperature,84.78,C,2025-02-01 11:22:00
E001366,RIG_05,SEN_06,pressure,2652.22,psi,2025-02-01 11:22:30
E001367,RIG_06,SEN_20,vibration,3.61,mm/s,2025-02-01 11:23:00
E001368,RIG_10,SEN_10,temperature,81.04,C,2025-02-01 11:23:30
E001369,RIG_09,SEN_06,temperature,91.24,C,2025-02-01 11:24:00
E001370,RIG_04,SEN_10,pressure,2871.47,psi,2025-02-01 11:24:30
E001371,RIG_01,SEN_13,temperature,80.77,C,2025-02-01 11:25:00
E001372,RIG_10,SEN_05,flow,103.98,l/min,2025-02-01 11:25:30
E001373,RIG_09,SEN_15,flow,134.15,l/min,2025-02-01 11:26:00
E001374,RIG_09,SEN_02,flow,111.44,l/min,2025-02-01 11:26:30
E001375,RIG_04,SEN_05,temperature,80.69,C,2025-02-01 11:27:00
E001376,RIG_10,SEN_10,vibration,5.22,mm/s,2025-02-01 11:27:30
E001377,RIG_02,SEN_18,flow,114.67,l/min,2025-02-01 11:28:00
E001378,RIG_01,SEN_10,temperature,89.03,C,2025-02-01 11:28:30
E001379,RIG_06,SEN_18,flow,125.72,l/min,2025-02-01 11:29:00
E001380,RIG_10,SEN_09,temperature,89.01,C,2025-02-01 11:29:30
E001381,RIG_10,SEN_07,temperature,81.24,C,2025-02-01 11:30:00
E001382,RIG_03,SEN_19,vibration,5.22,mm/s,2025-02-01 11:30:30
E001383,RIG_03,SEN_14,pressure,2545.77,psi,2025-02-01 11:31:00
E001384,RIG_06,SEN_10,vibration,5.22,mm/s,2025-02-01 11:31:30
E001385,RIG_07,SEN_09,vibration,1.88,mm/s,2025-02-01 11:32:00
E001386,RIG_02,SEN_08,pressure,2959.44,psi,2025-02-01 11:32:30
E001387,RIG_04,SEN_03,vibration,3.65,mm/s,2025-02-01 11:33:00
E001388,RIG_02,SEN_06,vibration,1.91,mm/s,2025-02-01 11:33:30
E001389,RIG_07,SEN_14,vibration,4.15,mm/s,2025-02-01 11:34:00
E001390,RIG_01,SEN_05,pressure,2152.57,psi,2025-02-01 11:34:30
E001391,RIG_01,SEN_16,flow,121.83,l/min,2025-02-01 11:35:00
E001392,RIG_09,SEN_05,temperature,84.33,C,2025-02-01 11:35:30
E001393,RIG_09,SEN_04,temperature,91.64,C,2025-02-01 11:36:00
E001394,RIG_02,SEN_10,flow,113.32,l/min,2025-02-01 11:36:30
E001395,RIG_09,SEN_18,vibration,3.01,mm/s,2025-02-01 11:37:00
E001396,RIG_10,SEN_17,pressure,2797.16,psi,2025-02-01 11:37:30
E001397,RIG_04,SEN_05,vibration,4.36,mm/s,2025-02-01 11:38:00
E001398,RIG_02,SEN_16,temperature,77.47,C,2025-02-01 11:38:30
E001399,RIG_05,SEN_19,pressure,2659.8,psi,2025-02-01 11:39:00
E001400,RIG_04,SEN_18,vibration,2.72,mm/s,2025-02-01 11:39:30
E001401,RIG_05,SEN_03,temperature,76.51,C,2025-02-01 11:40:00
E001402,RIG_01,SEN_18,temperature,74.55,C,2025-02-01 11:40:30
E001403,RIG_09,SEN_20,vibration,3.52,mm/s,2025-02-01 11:41:00
E001404,RIG_07,SEN_19,flow,96.0,l/min,2025-02-01 11:41:30
E001405,RIG_02,SEN_05,vibration,3.8,mm/s,2025-02-01 11:42:00
E001406,RIG_09,SEN_02,vibration,4.95,mm/s,2025-02-01 11:42:30
E001407,RIG_01,SEN_16,temperature,83.99,C,2025-02-01 11:43:00
E001408,RIG_07,SEN_18,temperature,92.08,C,2025-02-01 11:43:30
E001409,RIG_06,SEN_19,pressure,2605.83,psi,2025-02-01 11:44:00
E001410,RIG_06,SEN_14,temperature,81.7,C,2025-02-01 11:44:30
E001411,RIG_05,SEN_16,flow,118.69,l/min,2025-02-01 11:45:00
E001412,RIG_02,SEN_08,flow,104.0,l/min,2025-02-01 11:45:30
E001413,RIG_06,SEN_20,pressure,2933.18,psi,2025-02-01 11:46:00
E001414,RIG_10,SEN_07,temperature,91.75,C,2025-02-01 11:46:30
E001415,RIG_06,SEN_03,pressure,2401.55,psi,2025-02-01 11:47:00
E001416,RIG_08,SEN_06,flow,107.68,l/min,2025-02-01 11:47:30
E001417,RIG_04,SEN_15,pressure,2314.46,psi,2025-02-01 11:48:00
E001418,RIG_06,SEN_11,temperature,88.39,C,2025-02-01 11:48:30
E001419,RIG_02,SEN_10,temperature,80.79,C,2025-02-01 11:49:00
E001420,RIG_09,SEN_17,pressure,2468.95,psi,2025-02-01 11:49:30
E001421,RIG_09,SEN_02,pressure,2200.36,psi,2025-02-01 11:50:00
E001422,RIG_09,SEN_02,flow,99.24,l/min,2025-02-01 11:50:30
E001423,RIG_08,SEN_14,vibration,2.75,mm/s,2025-02-01 11:51:00
E001424,RIG_06,SEN_20,temperature,88.3,C,2025-02-01 11:51:30
E001425,RIG_05,SEN_11,vibration,2.08,mm/s,2025-02-01 11:52:00
E001426,RIG_01,SEN_09,temperature,81.15,C,2025-02-01 11:52:30
E001427,RIG_02,SEN_07,pressure,2571.45,psi,2025-02-01 11:53:00
E001428,RIG_05,SEN_19,pressure,2320.27,psi,2025-02-01 11:53:30
E001429,RIG_02,SEN_17,pressure,2944.43,psi,2025-02-01 11:54:00
E001430,RIG_07,SEN_07,vibration,4.71,mm/s,2025-02-01 11:54:30
E001431,RIG_03,SEN_16,vibration,5.58,mm/s,2025-02-01 11:55:00
E001432,RIG_09,SEN_20,temperature,78.84,C,2025-02-01 11:55:30
E001433,RIG_10,SEN_20,pressure,2329.68,psi,2025-02-01 11:56:00
E001434,RIG_05,SEN_01,flow,100.77,l/min,2025-02-01 11:56:30
E001435,RIG_06,SEN_09,pressure,2426.36,psi,2025-02-01 11:57:00
E001436,RIG_07,SEN_09,vibration,5.49,mm/s,2025-02-01 11:57:30
E001437,RIG_01,SEN_04,vibration,3.66,mm/s,2025-02-01 11:58:00
E001438,RIG_04,SEN_02,temperature,74.36,C,2025-02-01 11:58:30
E001439,RIG_01,SEN_14,vibration,5.42,mm/s,2025-02-01 11:59:00
E001440,RIG_05,SEN_06,pressure,2675.4,psi,2025-02-01 11:59:30
E001441,RIG_09,SEN_09,pressure,3046.74,psi,2025-02-01 12:00:00
E001442,RIG_03,SEN_04,pressure,2323.6,psi,2025-02-01 12:00:30
E001443,RIG_08,SEN_17,pressure,2433.5,psi,2025-02-01 12:01:00
E001444,RIG_08,SEN_19,flow,115.34,l/min,2025-02-01 12:01:30
E001445,RIG_05,SEN_02,vibration,2.1,mm/s,2025-02-01 12:02:00
E001446,RIG_09,SEN_20,pressure,2871.2,psi,2025-02-01 12:02:30
E001447,RIG_08,SEN_15,temperature,146.34,C,2025-02-01 12:03:00
E001448,RIG_06,SEN_03,vibration,5.35,mm/s,2025-02-01 12:03:30
E001449,RIG_03,SEN_03,pressure,3063.47,psi,2025-02-01 12:04:00
E001450,RIG_04,SEN_18,flow,101.72,l/min,2025-02-01 12:04:30
E001451,RIG_05,SEN_01,temperature,163.96,C,2025-02-01 12:05:00
E001452,RIG_01,SEN_01,vibration,4.28,mm/s,2025-02-01 12:05:30
E001453,RIG_02,SEN_15,vibration,2.08,mm/s,2025-02-01 12:06:00
E001454,RIG_06,SEN_20,flow,108.33,l/min,2025-02-01 12:06:30
E001455,RIG_06,SEN_08,temperature,77.46,C,2025-02-01 12:07:00
E001456,RIG_02,SEN_15,vibration,3.76,mm/s,2025-02-01 12:07:30
E001457,RIG_06,SEN_11,pressure,4319.58,psi,2025-02-01 12:08:00
E001458,RIG_10,SEN_18,pressure,3107.14,psi,2025-02-01 12:08:30
E001459,RIG_01,SEN_18,flow,128.12,l/min,2025-02-01 12:09:00
E001460,RIG_10,SEN_05,pressure,2597.73,psi,2025-02-01 12:09:30
E001461,RIG_06,SEN_02,flow,129.39,l/min,2025-02-01 12:10:00
E001462,RIG_07,SEN_05,flow,119.06,l/min,2025-02-01 12:10:30
E001463,RIG_09,SEN_16,pressure,2309.58,psi,2025-02-01 12:11:00
E001464,RIG_03,SEN_16,temperature,74.24,C,2025-02-01 12:11:30
E001465,RIG_10,SEN_05,pressure,2387.34,psi,2025-02-01 12:12:00
E001466,RIG_01,SEN_19,temperature,72.97,C,2025-02-01 12:12:30
E001467,RIG_02,SEN_15,temperature,92.17,C,2025-02-01 12:13:00
E001468,RIG_10,SEN_11,pressure,2255.26,psi,2025-02-01 12:13:30
E001469,RIG_06,SEN_20,pressure,2409.93,psi,2025-02-01 12:14:00
E001470,RIG_02,SEN_05,flow,124.74,l/min,2025-02-01 12:14:30
E001471,RIG_08,SEN_06,pressure,3020.84,psi,2025-02-01 12:15:00
E001472,RIG_10,SEN_20,flow,106.1,l/min,2025-02-01 12:15:30
E001473,RIG_06,SEN_13,pressure,2892.17,psi,2025-02-01 12:16:00
E001474,RIG_01,SEN_02,flow,96.11,l/min,2025-02-01 12:16:30
E001475,RIG_02,SEN_04,temperature,83.54,C,2025-02-01 12:17:00
E001476,RIG_08,SEN_13,temperature,82.76,C,2025-02-01 12:17:30
E001477,RIG_07,SEN_08,vibration,3.0,mm/s,2025-02-01 12:18:00
E001478,RIG_08,SEN_05,flow,115.53,l/min,2025-02-01 12:18:30
E001479,RIG_05,SEN_10,flow,127.93,l/min,2025-02-01 12:19:00
E001480,RIG_09,SEN_03,temperature,191.46,C,2025-02-01 12:19:30
E001481,RIG_02,SEN_17,pressure,2557.84,psi,2025-02-01 12:20:00
E001482,RIG_06,SEN_19,pressure,2369.42,psi,2025-02-01 12:20:30
E001483,RIG_03,SEN_16,temperature,75.92,C,2025-02-01 12:21:00
E001484,RIG_10,SEN_09,pressure,3102.95,psi,2025-02-01 12:21:30
E001485,RIG_05,SEN_19,temperature,205.39,C,2025-02-01 12:22:00
E001486,RIG_09,SEN_06,temperature,83.62,C,2025-02-01 12:22:30
E001487,RIG_03,SEN_04,vibration,4.12,mm/s,2025-02-01 12:23:00
E001488,RIG_03,SEN_06,pressure,2814.25,psi,2025-02-01 12:23:30
E001489,RIG_05,SEN_17,temperature,90.16,C,2025-02-01 12:24:00
E001490,RIG_04,SEN_07,flow,100.84,l/min,2025-02-01 12:24:30
E001491,RIG_07,SEN_19,flow,105.99,l/min,2025-02-01 12:25:00
E001492,RIG_06,SEN_09,temperature,77.55,C,2025-02-01 12:25:30
E001493,RIG_09,SEN_04,vibration,4.49,mm/s,2025-02-01 12:26:00
E001494,RIG_08,SEN_03,pressure,2313.92,psi,2025-02-01 12:26:30
E001495,RIG_01,SEN_01,pressure,2388.35,psi,2025-02-01 12:27:00
E001496,RIG_01,SEN_02,pressure,3144.67,psi,2025-02-01 12:27:30
E001497,RIG_10,SEN_03,flow,97.2,l/min,2025-02-01 12:28:00
E001498,RIG_10,SEN_20,vibration,3.21,mm/s,2025-02-01 12:28:30
E001499,RIG_05,SEN_15,vibration,2.67,mm/s,2025-02-01 12:29:00
E001500,RIG_04,SEN_18,pressure,3113.4,psi,2025-02-01 12:29:30
E001501,RIG_07,SEN_17,flow,98.12,l/min,2025-02-01 12:30:00
E001502,RIG_07,SEN_17,vibration,3.71,mm/s,2025-02-01 12:30:30
E001503,RIG_02,SEN_02,flow,122.45,l/min,2025-02-01 12:31:00
E001504,RIG_02,SEN_10,vibration,1.92,mm/s,2025-02-01 12:31:30
E001505,RIG_04,SEN_01,flow,236.18,l/min,2025-02-01 12:32:00
E001506,RIG_02,SEN_17,pressure,2906.6,psi,2025-02-01 12:32:30
E001507,RIG_02,SEN_18,vibration,2.22,mm/s,2025-02-01 12:33:00
E001508,RIG_06,SEN_04,pressure,2549.38,psi,2025-02-01 12:33:30
E001509,RIG_01,SEN_09,temperature,90.48,C,2025-02-01 12:34:00
E001510,RIG_05,SEN_04,pressure,2257.01,psi,2025-02-01 12:34:30
E001511,RIG_10,SEN_20,temperature,79.52,C,2025-02-01 12:35:00
E001512,RIG_02,SEN_02,temperature,83.32,C,2025-02-01 12:35:30
E001513,RIG_09,SEN_12,flow,101.96,l/min,2025-02-01 12:36:00
E001514,RIG_10,SEN_13,vibration,3.68,mm/s,2025-02-01 12:36:30
E001515,RIG_06,SEN_10,temperature,89.53,C,2025-02-01 12:37:00
E001516,RIG_02,SEN_01,vibration,3.84,mm/s,2025-02-01 12:37:30
E001517,RIG_09,SEN_13,vibration,4.38,mm/s,2025-02-01 12:38:00
E001518,RIG_08,SEN_17,pressure,2895.04,psi,2025-02-01 12:38:30
E001519,RIG_10,SEN_17,temperature,82.86,C,2025-02-01 12:39:00
E001520,RIG_01,SEN_12,vibration,4.88,mm/s,2025-02-01 12:39:30
E001521,RIG_03,SEN_11,pressure,2728.65,psi,2025-02-01 12:40:00
E001522,RIG_06,SEN_02,flow,113.8,l/min,2025-02-01 12:40:30
E001523,RIG_07,SEN_17,temperature,92.09,C,2025-02-01 12:41:00
E001524,RIG_02,SEN_16,temperature,85.28,C,2025-02-01 12:41:30
E001525,RIG_07,SEN_17,temperature,75.24,C,2025-02-01 12:42:00
E001526,RIG_02,SEN_01,pressure,2862.8,psi,2025-02-01 12:42:30
E001527,RIG_05,SEN_20,temperature,76.39,C,2025-02-01 12:43:00
E001528,RIG_08,SEN_12,temperature,76.16,C,2025-02-01 12:43:30
E001529,RIG_02,SEN_06,temperature,74.55,C,2025-02-01 12:44:00
E001530,RIG_03,SEN_14,vibration,3.51,mm/s,2025-02-01 12:44:30
E001531,RIG_06,SEN_20,flow,122.14,l/min,2025-02-01 12:45:00
E001532,RIG_03,SEN_18,temperature,76.43,C,2025-02-01 12:45:30
E001533,RIG_03,SEN_04,flow,116.78,l/min,2025-02-01 12:46:00
E001534,RIG_10,SEN_02,vibration,3.58,mm/s,2025-02-01 12:46:30
E001535,RIG_09,SEN_12,vibration,1.91,mm/s,2025-02-01 12:47:00
E001536,RIG_08,SEN_13,temperature,130.09,C,2025-02-01 12:47:30
E001537,RIG_02,SEN_01,vibration,2.9,mm/s,2025-02-01 12:48:00
E001538,RIG_06,SEN_08,flow,135.65,l/min,2025-02-01 12:48:30
E001539,RIG_10,SEN_14,vibration,3.76,mm/s,2025-02-01 12:49:00
E001540,RIG_05,SEN_07,vibration,1.92,mm/s,2025-02-01 12:49:30
E001541,RIG_01,SEN_08,flow,124.97,l/min,2025-02-01 12:50:00
E001542,RIG_06,SEN_04,pressure,2968.07,psi,2025-02-01 12:50:30
E001543,RIG_03,SEN_15,flow,119.2,l/min,2025-02-01 12:51:00
E001544,RIG_10,SEN_16,pressure,2733.63,psi,2025-02-01 12:51:30
E001545,RIG_09,SEN_06,vibration,5.4,mm/s,2025-02-01 12:52:00
E001546,RIG_05,SEN_03,pressure,2261.36,psi,2025-02-01 12:52:30
E001547,RIG_07,SEN_02,temperature,86.67,C,2025-02-01 12:53:00
E001548,RIG_09,SEN_08,vibration,5.61,mm/s,2025-02-01 12:53:30
E001549,RIG_09,SEN_09,pressure,2698.6,psi,2025-02-01 12:54:00
E001550,RIG_05,SEN_11,pressure,2726.26,psi,2025-02-01 12:54:30
E001551,RIG_06,SEN_12,vibration,5.08,mm/s,2025-02-01 12:55:00
E001552,RIG_07,SEN_05,pressure,6514.53,psi,2025-02-01 12:55:30
E001553,RIG_06,SEN_17,temperature,82.65,C,2025-02-01 12:56:00
E001554,RIG_04,SEN_10,flow,119.82,l/min,2025-02-01 12:56:30
E001555,RIG_09,SEN_18,temperature,77.35,C,2025-02-01 12:57:00
E001556,RIG_02,SEN_10,temperature,89.42,C,2025-02-01 12:57:30
E001557,RIG_03,SEN_03,temperature,81.88,C,2025-02-01 12:58:00
E001558,RIG_03,SEN_17,pressure,2591.65,psi,2025-02-01 12:58:30
E001559,RIG_06,SEN_06,pressure,2690.04,psi,2025-02-01 12:59:00
E001560,RIG_10,SEN_19,temperature,76.5,C,2025-02-01 12:59:30
E001561,RIG_09,SEN_17,pressure,2440.83,psi,2025-02-01 13:00:00
E001562,RIG_01,SEN_01,pressure,2526.15,psi,2025-02-01 13:00:30
E001563,RIG_04,SEN_02,pressure,3044.43,psi,2025-02-01 13:01:00
E001564,RIG_09,SEN_08,temperature,91.28,C,2025-02-01 13:01:30
E001565,RIG_01,SEN_12,temperature,78.48,C,2025-02-01 13:02:00
E001566,RIG_06,SEN_14,pressure,4322.99,psi,2025-02-01 13:02:30
E001567,RIG_07,SEN_02,flow,132.23,l/min,2025-02-01 13:03:00
E001568,RIG_01,SEN_07,vibration,1.94,mm/s,2025-02-01 13:03:30
E001569,RIG_04,SEN_06,pressure,2671.02,psi,2025-02-01 13:04:00
E001570,RIG_08,SEN_17,vibration,4.61,mm/s,2025-02-01 13:04:30
E001571,RIG_07,SEN_17,flow,134.86,l/min,2025-02-01 13:05:00
E001572,RIG_07,SEN_18,vibration,4.31,mm/s,2025-02-01 13:05:30
E001573,RIG_08,SEN_09,temperature,80.49,C,2025-02-01 13:06:00
E001574,RIG_06,SEN_12,pressure,2992.16,psi,2025-02-01 13:06:30
E001575,RIG_10,SEN_13,flow,119.77,l/min,2025-02-01 13:07:00
E001576,RIG_08,SEN_15,pressure,2486.15,psi,2025-02-01 13:07:30
E001577,RIG_09,SEN_13,vibration,4.28,mm/s,2025-02-01 13:08:00
E001578,RIG_03,SEN_19,vibration,1.93,mm/s,2025-02-01 13:08:30
E001579,RIG_08,SEN_03,flow,109.77,l/min,2025-02-01 13:09:00
E001580,RIG_05,SEN_02,vibration,5.41,mm/s,2025-02-01 13:09:30
E001581,RIG_07,SEN_11,temperature,79.61,C,2025-02-01 13:10:00
E001582,RIG_06,SEN_02,pressure,2533.42,psi,2025-02-01 13:10:30
E001583,RIG_04,SEN_11,vibration,1.79,mm/s,2025-02-01 13:11:00
E001584,RIG_07,SEN_15,temperature,87.34,C,2025-02-01 13:11:30
E001585,RIG_02,SEN_08,temperature,74.59,C,2025-02-01 13:12:00
E001586,RIG_10,SEN_07,flow,97.42,l/min,2025-02-01 13:12:30
E001587,RIG_04,SEN_05,pressure,2960.34,psi,2025-02-01 13:13:00
E001588,RIG_01,SEN_16,temperature,74.95,C,2025-02-01 13:13:30
E001589,RIG_02,SEN_06,flow,126.03,l/min,2025-02-01 13:14:00
E001590,RIG_01,SEN_19,temperature,199.26,C,2025-02-01 13:14:30
E001591,RIG_02,SEN_12,flow,135.55,l/min,2025-02-01 13:15:00
E001592,RIG_03,SEN_19,flow,130.32,l/min,2025-02-01 13:15:30
E001593,RIG_05,SEN_19,vibration,2.65,mm/s,2025-02-01 13:16:00
E001594,RIG_03,SEN_17,vibration,2.2,mm/s,2025-02-01 13:16:30
E001595,RIG_06,SEN_03,pressure,2186.56,psi,2025-02-01 13:17:00
E001596,RIG_01,SEN_13,flow,126.09,l/min,2025-02-01 13:17:30
E001597,RIG_06,SEN_11,temperature,89.52,C,2025-02-01 13:18:00
E001598,RIG_03,SEN_09,pressure,3122.79,psi,2025-02-01 13:18:30
E001599,RIG_04,SEN_14,temperature,92.59,C,2025-02-01 13:19:00
E001600,RIG_04,SEN_20,pressure,2326.83,psi,2025-02-01 13:19:30
E001601,RIG_04,SEN_12,flow,101.01,l/min,2025-02-01 13:20:00
E001602,RIG_09,SEN_05,vibration,4.6,mm/s,2025-02-01 13:20:30
E001603,RIG_05,SEN_02,vibration,2.32,mm/s,2025-02-01 13:21:00
E001604,RIG_06,SEN_17,flow,105.33,l/min,2025-02-01 13:21:30
E001605,RIG_03,SEN_11,vibration,2.35,mm/s,2025-02-01 13:22:00
E001606,RIG_01,SEN_13,temperature,77.5,C,2025-02-01 13:22:30
E001607,RIG_03,SEN_20,temperature,76.17,C,2025-02-01 13:23:00
E001608,RIG_01,SEN_01,vibration,5.47,mm/s,2025-02-01 13:23:30
E001609,RIG_03,SEN_09,flow,124.49,l/min,2025-02-01 13:24:00
E001610,RIG_04,SEN_13,vibration,5.16,mm/s,2025-02-01 13:24:30
E001611,RIG_07,SEN_09,temperature,86.09,C,2025-02-01 13:25:00
E001612,RIG_09,SEN_08,temperature,81.52,C,2025-02-01 13:25:30
E001613,RIG_08,SEN_18,pressure,2654.17,psi,2025-02-01 13:26:00
E001614,RIG_01,SEN_05,temperature,74.26,C,2025-02-01 13:26:30
E001615,RIG_04,SEN_20,temperature,86.14,C,2025-02-01 13:27:00
E001616,RIG_04,SEN_01,pressure,2460.6,psi,2025-02-01 13:27:30
E001617,RIG_05,SEN_04,flow,108.69,l/min,2025-02-01 13:28:00
E001618,RIG_08,SEN_09,temperature,84.79,C,2025-02-01 13:28:30
E001619,RIG_08,SEN_16,temperature,89.1,C,2025-02-01 13:29:00
E001620,RIG_09,SEN_03,flow,127.04,l/min,2025-02-01 13:29:30
E001621,RIG_04,SEN_04,flow,132.12,l/min,2025-02-01 13:30:00
E001622,RIG_01,SEN_08,flow,112.8,l/min,2025-02-01 13:30:30
E001623,RIG_08,SEN_14,temperature,91.49,C,2025-02-01 13:31:00
E001624,RIG_05,SEN_01,vibration,2.0,mm/s,2025-02-01 13:31:30
E001625,RIG_03,SEN_13,pressure,2522.56,psi,2025-02-01 13:32:00
E001626,RIG_01,SEN_08,vibration,4.15,mm/s,2025-02-01 13:32:30
E001627,RIG_03,SEN_06,pressure,2315.94,psi,2025-02-01 13:33:00
E001628,RIG_03,SEN_14,flow,116.12,l/min,2025-02-01 13:33:30
E001629,RIG_08,SEN_10,temperature,90.8,C,2025-02-01 13:34:00
E001630,RIG_06,SEN_16,flow,108.33,l/min,2025-02-01 13:34:30
E001631,RIG_10,SEN_17,vibration,2.98,mm/s,2025-02-01 13:35:00
E001632,RIG_04,SEN_16,vibration,3.89,mm/s,2025-02-01 13:35:30
E001633,RIG_04,SEN_03,temperature,91.59,C,2025-02-01 13:36:00
E001634,RIG_01,SEN_01,vibration,2.85,mm/s,2025-02-01 13:36:30
E001635,RIG_08,SEN_08,flow,127.47,l/min,2025-02-01 13:37:00
E001636,RIG_01,SEN_06,flow,126.33,l/min,2025-02-01 13:37:30
E001637,RIG_08,SEN_17,pressure,2295.44,psi,2025-02-01 13:38:00
E001638,RIG_01,SEN_11,pressure,2588.27,psi,2025-02-01 13:38:30
E001639,RIG_06,SEN_14,flow,248.88,l/min,2025-02-01 13:39:00
E001640,RIG_02,SEN_06,temperature,88.87,C,2025-02-01 13:39:30
E001641,RIG_02,SEN_08,vibration,4.83,mm/s,2025-02-01 13:40:00
E001642,RIG_10,SEN_13,vibration,4.0,mm/s,2025-02-01 13:40:30
E001643,RIG_08,SEN_14,pressure,2719.14,psi,2025-02-01 13:41:00
E001644,RIG_01,SEN_17,flow,107.53,l/min,2025-02-01 13:41:30
E001645,RIG_05,SEN_02,flow,112.68,l/min,2025-02-01 13:42:00
E001646,RIG_09,SEN_17,temperature,88.88,C,2025-02-01 13:42:30
E001647,RIG_07,SEN_08,vibration,5.8,mm/s,2025-02-01 13:43:00
E001648,RIG_05,SEN_15,vibration,3.97,mm/s,2025-02-01 13:43:30
E001649,RIG_10,SEN_09,flow,122.76,l/min,2025-02-01 13:44:00
E001650,RIG_02,SEN_10,pressure,3163.49,psi,2025-02-01 13:44:30
E001651,RIG_01,SEN_19,temperature,85.05,C,2025-02-01 13:45:00
E001652,RIG_08,SEN_14,pressure,2544.01,psi,2025-02-01 13:45:30
E001653,RIG_09,SEN_09,temperature,76.47,C,2025-02-01 13:46:00
E001654,RIG_09,SEN_19,pressure,3067.25,psi,2025-02-01 13:46:30
E001655,RIG_07,SEN_07,pressure,3139.1,psi,2025-02-01 13:47:00
E001656,RIG_10,SEN_04,flow,121.79,l/min,2025-02-01 13:47:30
E001657,RIG_04,SEN_03,temperature,85.06,C,2025-02-01 13:48:00
E001658,RIG_01,SEN_05,pressure,2487.85,psi,2025-02-01 13:48:30
E001659,RIG_01,SEN_04,pressure,2819.46,psi,2025-02-01 13:49:00
E001660,RIG_08,SEN_13,pressure,2491.32,psi,2025-02-01 13:49:30
E001661,RIG_10,SEN_16,vibration,4.55,mm/s,2025-02-01 13:50:00
E001662,RIG_09,SEN_13,flow,125.86,l/min,2025-02-01 13:50:30
E001663,RIG_02,SEN_09,vibration,3.07,mm/s,2025-02-01 13:51:00
E001664,RIG_02,SEN_08,vibration,5.29,mm/s,2025-02-01 13:51:30
E001665,RIG_02,SEN_05,flow,106.16,l/min,2025-02-01 13:52:00
E001666,RIG_10,SEN_11,vibration,3.02,mm/s,2025-02-01 13:52:30
E001667,RIG_01,SEN_02,temperature,87.81,C,2025-02-01 13:53:00
E001668,RIG_07,SEN_14,flow,110.04,l/min,2025-02-01 13:53:30
E001669,RIG_07,SEN_15,temperature,74.03,C,2025-02-01 13:54:00
E001670,RIG_04,SEN_06,vibration,2.56,mm/s,2025-02-01 13:54:30
E001671,RIG_01,SEN_17,temperature,82.43,C,2025-02-01 13:55:00
E001672,RIG_01,SEN_20,temperature,91.01,C,2025-02-01 13:55:30
E001673,RIG_07,SEN_04,vibration,3.44,mm/s,2025-02-01 13:56:00
E001674,RIG_03,SEN_08,pressure,2678.14,psi,2025-02-01 13:56:30
E001675,RIG_08,SEN_18,pressure,2229.96,psi,2025-02-01 13:57:00
E001676,RIG_02,SEN_18,vibration,4.34,mm/s,2025-02-01 13:57:30
E001677,RIG_05,SEN_11,pressure,2182.55,psi,2025-02-01 13:58:00
E001678,RIG_06,SEN_01,vibration,4.35,mm/s,2025-02-01 13:58:30
E001679,RIG_09,SEN_14,flow,98.79,l/min,2025-02-01 13:59:00
E001680,RIG_05,SEN_18,temperature,78.0,C,2025-02-01 13:59:30
E001681,RIG_06,SEN_05,pressure,4731.54,psi,2025-02-01 14:00:00
E001682,RIG_03,SEN_09,temperature,75.37,C,2025-02-01 14:00:30
E001683,RIG_08,SEN_12,pressure,3098.05,psi,2025-02-01 14:01:00
E001684,RIG_06,SEN_16,temperature,76.1,C,2025-02-01 14:01:30
E001685,RIG_04,SEN_12,temperature,77.52,C,2025-02-01 14:02:00
E001686,RIG_07,SEN_03,pressure,2824.19,psi,2025-02-01 14:02:30
E001687,RIG_10,SEN_16,flow,115.47,l/min,2025-02-01 14:03:00
E001688,RIG_06,SEN_17,flow,326.51,l/min,2025-02-01 14:03:30
E001689,RIG_08,SEN_16,flow,107.01,l/min,2025-02-01 14:04:00
E001690,RIG_10,SEN_10,temperature,89.03,C,2025-02-01 14:04:30
E001691,RIG_08,SEN_19,vibration,4.22,mm/s,2025-02-01 14:05:00
E001692,RIG_09,SEN_01,temperature,87.98,C,2025-02-01 14:05:30
E001693,RIG_07,SEN_04,temperature,77.49,C,2025-02-01 14:06:00
E001694,RIG_07,SEN_03,pressure,2288.95,psi,2025-02-01 14:06:30
E001695,RIG_06,SEN_01,temperature,77.82,C,2025-02-01 14:07:00
E001696,RIG_04,SEN_09,flow,111.87,l/min,2025-02-01 14:07:30
E001697,RIG_04,SEN_18,vibration,2.98,mm/s,2025-02-01 14:08:00
E001698,RIG_04,SEN_11,temperature,74.98,C,2025-02-01 14:08:30
E001699,RIG_04,SEN_17,temperature,84.56,C,2025-02-01 14:09:00
E001700,RIG_02,SEN_03,vibration,3.46,mm/s,2025-02-01 14:09:30
E001701,RIG_08,SEN_06,temperature,93.28,C,2025-02-01 14:10:00
E001702,RIG_08,SEN_02,temperature,90.83,C,2025-02-01 14:10:30
E001703,RIG_10,SEN_12,temperature,84.61,C,2025-02-01 14:11:00
E001704,RIG_09,SEN_08,pressure,2733.68,psi,2025-02-01 14:11:30
E001705,RIG_08,SEN_16,pressure,2442.59,psi,2025-02-01 14:12:00
E001706,RIG_03,SEN_06,vibration,2.01,mm/s,2025-02-01 14:12:30
E001707,RIG_07,SEN_04,flow,97.07,l/min,2025-02-01 14:13:00
E001708,RIG_10,SEN_05,temperature,92.33,C,2025-02-01 14:13:30
E001709,RIG_07,SEN_03,vibration,3.24,mm/s,2025-02-01 14:14:00
E001710,RIG_09,SEN_17,pressure,2402.3,psi,2025-02-01 14:14:30
E001711,RIG_01,SEN_14,flow,104.05,l/min,2025-02-01 14:15:00
E001712,RIG_08,SEN_14,temperature,87.07,C,2025-02-01 14:15:30
E001713,RIG_07,SEN_12,flow,105.32,l/min,2025-02-01 14:16:00
E001714,RIG_03,SEN_02,flow,97.25,l/min,2025-02-01 14:16:30
E001715,RIG_09,SEN_09,pressure,2531.84,psi,2025-02-01 14:17:00
E001716,RIG_09,SEN_12,vibration,5.37,mm/s,2025-02-01 14:17:30
E001717,RIG_10,SEN_04,flow,110.0,l/min,2025-02-01 14:18:00
E001718,RIG_06,SEN_01,vibration,1.73,mm/s,2025-02-01 14:18:30
E001719,RIG_05,SEN_13,vibration,5.14,mm/s,2025-02-01 14:19:00
E001720,RIG_07,SEN_05,temperature,91.95,C,2025-02-01 14:19:30
E001721,RIG_02,SEN_20,temperature,77.77,C,2025-02-01 14:20:00
E001722,RIG_07,SEN_16,vibration,4.74,mm/s,2025-02-01 14:20:30
E001723,RIG_02,SEN_03,flow,112.48,l/min,2025-02-01 14:21:00
E001724,RIG_02,SEN_18,flow,129.07,l/min,2025-02-01 14:21:30
E001725,RIG_03,SEN_14,pressure,3161.73,psi,2025-02-01 14:22:00
E001726,RIG_08,SEN_07,pressure,3013.1,psi,2025-02-01 14:22:30
E001727,RIG_01,SEN_12,temperature,84.23,C,2025-02-01 14:23:00
E001728,RIG_01,SEN_07,vibration,4.91,mm/s,2025-02-01 14:23:30
E001729,RIG_08,SEN_12,temperature,85.75,C,2025-02-01 14:24:00
E001730,RIG_03,SEN_12,flow,113.68,l/min,2025-02-01 14:24:30
E001731,RIG_09,SEN_06,pressure,2502.14,psi,2025-02-01 14:25:00
E001732,RIG_02,SEN_10,pressure,2243.87,psi,2025-02-01 14:25:30
E001733,RIG_10,SEN_08,temperature,90.36,C,2025-02-01 14:26:00
E001734,RIG_07,SEN_02,temperature,79.86,C,2025-02-01 14:26:30
E001735,RIG_06,SEN_18,flow,125.8,l/min,2025-02-01 14:27:00
E001736,RIG_10,SEN_08,pressure,2693.58,psi,2025-02-01 14:27:30
E001737,RIG_05,SEN_07,temperature,90.43,C,2025-02-01 14:28:00
E001738,RIG_05,SEN_01,flow,105.5,l/min,2025-02-01 14:28:30
E001739,RIG_02,SEN_10,vibration,3.55,mm/s,2025-02-01 14:29:00
E001740,RIG_01,SEN_06,pressure,3071.08,psi,2025-02-01 14:29:30
E001741,RIG_02,SEN_11,vibration,2.35,mm/s,2025-02-01 14:30:00
E001742,RIG_05,SEN_06,vibration,5.52,mm/s,2025-02-01 14:30:30
E001743,RIG_02,SEN_18,pressure,3163.05,psi,2025-02-01 14:31:00
E001744,RIG_08,SEN_13,vibration,3.16,mm/s,2025-02-01 14:31:30
E001745,RIG_06,SEN_15,pressure,2783.91,psi,2025-02-01 14:32:00
E001746,RIG_06,SEN_15,vibration,5.39,mm/s,2025-02-01 14:32:30
E001747,RIG_07,SEN_17,pressure,2395.21,psi,2025-02-01 14:33:00
E001748,RIG_05,SEN_17,flow,131.74,l/min,2025-02-01 14:33:30
E001749,RIG_04,SEN_03,flow,107.53,l/min,2025-02-01 14:34:00
E001750,RIG_05,SEN_03,flow,111.13,l/min,2025-02-01 14:34:30
E001751,RIG_04,SEN_01,temperature,84.34,C,2025-02-01 14:35:00
E001752,RIG_04,SEN_04,vibration,5.47,mm/s,2025-02-01 14:35:30
E001753,RIG_08,SEN_04,temperature,79.23,C,2025-02-01 14:36:00
E001754,RIG_10,SEN_11,temperature,84.14,C,2025-02-01 14:36:30
E001755,RIG_04,SEN_18,temperature,92.71,C,2025-02-01 14:37:00
E001756,RIG_09,SEN_18,temperature,85.61,C,2025-02-01 14:37:30
E001757,RIG_02,SEN_10,flow,119.36,l/min,2025-02-01 14:38:00
E001758,RIG_07,SEN_06,pressure,3153.71,psi,2025-02-01 14:38:30
E001759,RIG_07,SEN_02,temperature,85.66,C,2025-02-01 14:39:00
E001760,RIG_07,SEN_08,flow,114.39,l/min,2025-02-01 14:39:30
E001761,RIG_04,SEN_03,vibration,3.2,mm/s,2025-02-01 14:40:00
E001762,RIG_05,SEN_13,temperature,83.33,C,2025-02-01 14:40:30
E001763,RIG_07,SEN_20,flow,126.97,l/min,2025-02-01 14:41:00
E001764,RIG_10,SEN_18,pressure,2276.55,psi,2025-02-01 14:41:30
E001765,RIG_04,SEN_13,pressure,3012.51,psi,2025-02-01 14:42:00
E001766,RIG_08,SEN_07,flow,115.04,l/min,2025-02-01 14:42:30
E001767,RIG_03,SEN_11,flow,107.14,l/min,2025-02-01 14:43:00
E001768,RIG_03,SEN_13,vibration,4.62,mm/s,2025-02-01 14:43:30
E001769,RIG_09,SEN_18,pressure,2320.18,psi,2025-02-01 14:44:00
E001770,RIG_07,SEN_14,flow,108.59,l/min,2025-02-01 14:44:30
E001771,RIG_06,SEN_04,temperature,75.26,C,2025-02-01 14:45:00
E001772,RIG_01,SEN_18,flow,131.49,l/min,2025-02-01 14:45:30
E001773,RIG_08,SEN_08,flow,103.88,l/min,2025-02-01 14:46:00
E001774,RIG_02,SEN_19,temperature,78.38,C,2025-02-01 14:46:30
E001775,RIG_06,SEN_01,flow,134.82,l/min,2025-02-01 14:47:00
E001776,RIG_05,SEN_13,temperature,92.05,C,2025-02-01 14:47:30
E001777,RIG_05,SEN_12,pressure,3061.26,psi,2025-02-01 14:48:00
E001778,RIG_06,SEN_10,flow,127.21,l/min,2025-02-01 14:48:30
E001779,RIG_10,SEN_19,temperature,76.26,C,2025-02-01 14:49:00
E001780,RIG_05,SEN_15,flow,261.35,l/min,2025-02-01 14:49:30
E001781,RIG_06,SEN_12,flow,137.05,l/min,2025-02-01 14:50:00
E001782,RIG_09,SEN_16,temperature,83.21,C,2025-02-01 14:50:30
E001783,RIG_04,SEN_18,flow,106.6,l/min,2025-02-01 14:51:00
E001784,RIG_06,SEN_06,temperature,90.58,C,2025-02-01 14:51:30
E001785,RIG_06,SEN_11,pressure,2966.38,psi,2025-02-01 14:52:00
E001786,RIG_07,SEN_14,vibration,3.16,mm/s,2025-02-01 14:52:30
E001787,RIG_10,SEN_11,flow,119.93,l/min,2025-02-01 14:53:00
E001788,RIG_03,SEN_01,vibration,3.83,mm/s,2025-02-01 14:53:30
E001789,RIG_03,SEN_13,vibration,3.49,mm/s,2025-02-01 14:54:00
E001790,RIG_10,SEN_18,flow,109.02,l/min,2025-02-01 14:54:30
E001791,RIG_04,SEN_19,pressure,2928.77,psi,2025-02-01 14:55:00
E001792,RIG_07,SEN_12,pressure,2760.61,psi,2025-02-01 14:55:30
E001793,RIG_02,SEN_08,temperature,90.88,C,2025-02-01 14:56:00
E001794,RIG_08,SEN_18,flow,109.52,l/min,2025-02-01 14:56:30
E001795,RIG_02,SEN_17,vibration,4.22,mm/s,2025-02-01 14:57:00
E001796,RIG_08,SEN_07,pressure,2620.49,psi,2025-02-01 14:57:30
E001797,RIG_01,SEN_08,temperature,91.05,C,2025-02-01 14:58:00
E001798,RIG_05,SEN_07,pressure,2944.44,psi,2025-02-01 14:58:30
E001799,RIG_04,SEN_08,pressure,2430.84,psi,2025-02-01 14:59:00
E001800,RIG_02,SEN_01,flow,107.09,l/min,2025-02-01 14:59:30
E001801,RIG_08,SEN_09,vibration,2.97,mm/s,2025-02-01 15:00:00
E001802,RIG_07,SEN_14,flow,129.82,l/min,2025-02-01 15:00:30
E001803,RIG_04,SEN_11,temperature,78.58,C,2025-02-01 15:01:00
E001804,RIG_02,SEN_02,pressure,2594.15,psi,2025-02-01 15:01:30
E001805,RIG_01,SEN_15,pressure,2386.96,psi,2025-02-01 15:02:00
E001806,RIG_08,SEN_07,vibration,12.26,mm/s,2025-02-01 15:02:30
E001807,RIG_08,SEN_18,temperature,92.77,C,2025-02-01 15:03:00
E001808,RIG_05,SEN_15,vibration,2.24,mm/s,2025-02-01 15:03:30
E001809,RIG_08,SEN_18,temperature,79.51,C,2025-02-01 15:04:00
E001810,RIG_09,SEN_16,flow,120.41,l/min,2025-02-01 15:04:30
E001811,RIG_07,SEN_14,temperature,87.98,C,2025-02-01 15:05:00
E001812,RIG_04,SEN_05,vibration,3.14,mm/s,2025-02-01 15:05:30
E001813,RIG_08,SEN_11,pressure,2929.05,psi,2025-02-01 15:06:00
E001814,RIG_09,SEN_03,temperature,75.39,C,2025-02-01 15:06:30
E001815,RIG_08,SEN_14,pressure,2432.72,psi,2025-02-01 15:07:00
E001816,RIG_07,SEN_12,pressure,2786.95,psi,2025-02-01 15:07:30
E001817,RIG_02,SEN_07,temperature,80.82,C,2025-02-01 15:08:00
E001818,RIG_04,SEN_08,flow,97.33,l/min,2025-02-01 15:08:30
E001819,RIG_10,SEN_16,vibration,4.96,mm/s,2025-02-01 15:09:00
E001820,RIG_03,SEN_03,pressure,2248.56,psi,2025-02-01 15:09:30
E001821,RIG_04,SEN_14,vibration,3.92,mm/s,2025-02-01 15:10:00
E001822,RIG_08,SEN_08,flow,100.87,l/min,2025-02-01 15:10:30
E001823,RIG_07,SEN_07,pressure,2691.84,psi,2025-02-01 15:11:00
E001824,RIG_07,SEN_09,temperature,74.39,C,2025-02-01 15:11:30
E001825,RIG_04,SEN_01,pressure,2392.87,psi,2025-02-01 15:12:00
E001826,RIG_03,SEN_15,flow,99.56,l/min,2025-02-01 15:12:30
E001827,RIG_09,SEN_12,vibration,2.74,mm/s,2025-02-01 15:13:00
E001828,RIG_09,SEN_15,vibration,2.54,mm/s,2025-02-01 15:13:30
E001829,RIG_06,SEN_16,flow,106.73,l/min,2025-02-01 15:14:00
E001830,RIG_03,SEN_01,flow,111.28,l/min,2025-02-01 15:14:30
E001831,RIG_05,SEN_06,temperature,78.94,C,2025-02-01 15:15:00
E001832,RIG_02,SEN_09,vibration,4.44,mm/s,2025-02-01 15:15:30
E001833,RIG_08,SEN_10,vibration,3.8,mm/s,2025-02-01 15:16:00
E001834,RIG_07,SEN_10,pressure,2285.23,psi,2025-02-01 15:16:30
E001835,RIG_07,SEN_18,temperature,86.79,C,2025-02-01 15:17:00
E001836,RIG_02,SEN_10,flow,130.1,l/min,2025-02-01 15:17:30
E001837,RIG_09,SEN_16,flow,120.49,l/min,2025-02-01 15:18:00
E001838,RIG_07,SEN_17,pressure,2667.56,psi,2025-02-01 15:18:30
E001839,RIG_03,SEN_05,temperature,78.01,C,2025-02-01 15:19:00
E001840,RIG_08,SEN_04,flow,268.84,l/min,2025-02-01 15:19:30
E001841,RIG_04,SEN_11,pressure,2391.99,psi,2025-02-01 15:20:00
E001842,RIG_01,SEN_05,vibration,2.89,mm/s,2025-02-01 15:20:30
E001843,RIG_04,SEN_05,flow,136.24,l/min,2025-02-01 15:21:00
E001844,RIG_09,SEN_04,vibration,5.06,mm/s,2025-02-01 15:21:30
E001845,RIG_10,SEN_20,pressure,2888.22,psi,2025-02-01 15:22:00
E001846,RIG_01,SEN_16,flow,136.46,l/min,2025-02-01 15:22:30
E001847,RIG_01,SEN_07,flow,106.91,l/min,2025-02-01 15:23:00
E001848,RIG_06,SEN_09,temperature,91.48,C,2025-02-01 15:23:30
E001849,RIG_08,SEN_15,vibration,4.34,mm/s,2025-02-01 15:24:00
E001850,RIG_02,SEN_06,pressure,3128.0,psi,2025-02-01 15:24:30
E001851,RIG_01,SEN_17,flow,121.36,l/min,2025-02-01 15:25:00
E001852,RIG_10,SEN_10,pressure,2712.66,psi,2025-02-01 15:25:30
E001853,RIG_10,SEN_18,pressure,3046.49,psi,2025-02-01 15:26:00
E001854,RIG_08,SEN_10,vibration,4.52,mm/s,2025-02-01 15:26:30
E001855,RIG_06,SEN_08,pressure,3138.2,psi,2025-02-01 15:27:00
E001856,RIG_01,SEN_09,vibration,4.38,mm/s,2025-02-01 15:27:30
E001857,RIG_01,SEN_20,flow,98.07,l/min,2025-02-01 15:28:00
E001858,RIG_02,SEN_16,flow,110.62,l/min,2025-02-01 15:28:30
E001859,RIG_04,SEN_19,flow,133.59,l/min,2025-02-01 15:29:00
E001860,RIG_02,SEN_01,temperature,74.79,C,2025-02-01 15:29:30
E001861,RIG_10,SEN_07,flow,109.39,l/min,2025-02-01 15:30:00
E001862,RIG_10,SEN_06,flow,110.58,l/min,2025-02-01 15:30:30
E001863,RIG_01,SEN_07,temperature,77.55,C,2025-02-01 15:31:00
E001864,RIG_07,SEN_08,vibration,4.06,mm/s,2025-02-01 15:31:30
E001865,RIG_07,SEN_16,pressure,2785.84,psi,2025-02-01 15:32:00
E001866,RIG_01,SEN_13,pressure,3111.02,psi,2025-02-01 15:32:30
E001867,RIG_08,SEN_08,temperature,88.31,C,2025-02-01 15:33:00
E001868,RIG_09,SEN_02,vibration,4.91,mm/s,2025-02-01 15:33:30
E001869,RIG_04,SEN_16,pressure,2391.22,psi,2025-02-01 15:34:00
E001870,RIG_03,SEN_20,pressure,2433.5,psi,2025-02-01 15:34:30
E001871,RIG_04,SEN_08,temperature,136.72,C,2025-02-01 15:35:00
E001872,RIG_06,SEN_20,pressure,2528.31,psi,2025-02-01 15:35:30
E001873,RIG_03,SEN_20,vibration,4.04,mm/s,2025-02-01 15:36:00
E001874,RIG_05,SEN_09,pressure,3912.13,psi,2025-02-01 15:36:30
E001875,RIG_04,SEN_18,flow,129.08,l/min,2025-02-01 15:37:00
E001876,RIG_05,SEN_17,temperature,78.33,C,2025-02-01 15:37:30
E001877,RIG_02,SEN_04,vibration,3.79,mm/s,2025-02-01 15:38:00
E001878,RIG_07,SEN_08,temperature,75.04,C,2025-02-01 15:38:30
E001879,RIG_07,SEN_01,flow,127.53,l/min,2025-02-01 15:39:00
E001880,RIG_09,SEN_04,pressure,2686.37,psi,2025-02-01 15:39:30
E001881,RIG_06,SEN_02,vibration,2.97,mm/s,2025-02-01 15:40:00
E001882,RIG_05,SEN_19,vibration,3.59,mm/s,2025-02-01 15:40:30
E001883,RIG_07,SEN_04,temperature,75.32,C,2025-02-01 15:41:00
E001884,RIG_09,SEN_14,pressure,2668.74,psi,2025-02-01 15:41:30
E001885,RIG_07,SEN_14,pressure,3065.41,psi,2025-02-01 15:42:00
E001886,RIG_10,SEN_04,flow,111.38,l/min,2025-02-01 15:42:30
E001887,RIG_07,SEN_01,vibration,13.24,mm/s,2025-02-01 15:43:00
E001888,RIG_01,SEN_16,temperature,83.77,C,2025-02-01 15:43:30
E001889,RIG_09,SEN_03,pressure,2940.48,psi,2025-02-01 15:44:00
E001890,RIG_04,SEN_06,pressure,2532.38,psi,2025-02-01 15:44:30
E001891,RIG_09,SEN_06,flow,106.92,l/min,2025-02-01 15:45:00
E001892,RIG_05,SEN_13,temperature,81.6,C,2025-02-01 15:45:30
E001893,RIG_06,SEN_08,temperature,82.17,C,2025-02-01 15:46:00
E001894,RIG_01,SEN_18,pressure,2220.26,psi,2025-02-01 15:46:30
E001895,RIG_09,SEN_05,pressure,2234.55,psi,2025-02-01 15:47:00
E001896,RIG_09,SEN_01,flow,100.94,l/min,2025-02-01 15:47:30
E001897,RIG_09,SEN_07,vibration,3.95,mm/s,2025-02-01 15:48:00
E001898,RIG_09,SEN_14,flow,123.27,l/min,2025-02-01 15:48:30
E001899,RIG_01,SEN_09,pressure,2456.85,psi,2025-02-01 15:49:00
E001900,RIG_05,SEN_18,flow,185.52,l/min,2025-02-01 15:49:30
E001901,RIG_03,SEN_03,vibration,4.06,mm/s,2025-02-01 15:50:00
E001902,RIG_01,SEN_03,flow,110.59,l/min,2025-02-01 15:50:30
E001903,RIG_04,SEN_13,temperature,84.78,C,2025-02-01 15:51:00
E001904,RIG_01,SEN_04,vibration,2.0,mm/s,2025-02-01 15:51:30
E001905,RIG_05,SEN_15,vibration,7.72,mm/s,2025-02-01 15:52:00
E001906,RIG_06,SEN_09,flow,283.67,l/min,2025-02-01 15:52:30
E001907,RIG_03,SEN_18,pressure,2335.45,psi,2025-02-01 15:53:00
E001908,RIG_03,SEN_17,pressure,3014.22,psi,2025-02-01 15:53:30
E001909,RIG_04,SEN_18,flow,112.54,l/min,2025-02-01 15:54:00
E001910,RIG_06,SEN_14,temperature,88.43,C,2025-02-01 15:54:30
E001911,RIG_07,SEN_14,flow,118.51,l/min,2025-02-01 15:55:00
E001912,RIG_06,SEN_14,vibration,9.35,mm/s,2025-02-01 15:55:30
E001913,RIG_02,SEN_18,pressure,2519.32,psi,2025-02-01 15:56:00
E001914,RIG_05,SEN_19,flow,122.3,l/min,2025-02-01 15:56:30
E001915,RIG_07,SEN_03,flow,109.56,l/min,2025-02-01 15:57:00
E001916,RIG_01,SEN_09,flow,98.51,l/min,2025-02-01 15:57:30
E001917,RIG_06,SEN_03,temperature,82.09,C,2025-02-01 15:58:00
E001918,RIG_03,SEN_07,vibration,5.01,mm/s,2025-02-01 15:58:30
E001919,RIG_10,SEN_04,temperature,77.36,C,2025-02-01 15:59:00
E001920,RIG_06,SEN_13,vibration,5.02,mm/s,2025-02-01 15:59:30
E001921,RIG_06,SEN_03,flow,273.63,l/min,2025-02-01 16:00:00
E001922,RIG_05,SEN_14,temperature,93.56,C,2025-02-01 16:00:30
E001923,RIG_05,SEN_13,temperature,85.66,C,2025-02-01 16:01:00
E001924,RIG_05,SEN_13,vibration,4.35,mm/s,2025-02-01 16:01:30
E001925,RIG_05,SEN_08,pressure,2752.09,psi,2025-02-01 16:02:00
E001926,RIG_06,SEN_12,temperature,75.11,C,2025-02-01 16:02:30
E001927,RIG_07,SEN_01,temperature,142.14,C,2025-02-01 16:03:00
E001928,RIG_06,SEN_15,vibration,5.16,mm/s,2025-02-01 16:03:30
E001929,RIG_05,SEN_06,pressure,3191.71,psi,2025-02-01 16:04:00
E001930,RIG_04,SEN_10,pressure,2455.82,psi,2025-02-01 16:04:30
E001931,RIG_07,SEN_04,temperature,79.15,C,2025-02-01 16:05:00
E001932,RIG_04,SEN_18,temperature,92.57,C,2025-02-01 16:05:30
E001933,RIG_03,SEN_08,flow,126.66,l/min,2025-02-01 16:06:00
E001934,RIG_07,SEN_10,temperature,87.8,C,2025-02-01 16:06:30
E001935,RIG_03,SEN_09,vibration,3.45,mm/s,2025-02-01 16:07:00
E001936,RIG_03,SEN_08,pressure,2594.77,psi,2025-02-01 16:07:30
E001937,RIG_04,SEN_02,flow,102.95,l/min,2025-02-01 16:08:00
E001938,RIG_03,SEN_13,vibration,4.9,mm/s,2025-02-01 16:08:30
E001939,RIG_10,SEN_12,flow,119.69,l/min,2025-02-01 16:09:00
E001940,RIG_05,SEN_07,temperature,74.14,C,2025-02-01 16:09:30
E001941,RIG_04,SEN_01,temperature,89.09,C,2025-02-01 16:10:00
E001942,RIG_06,SEN_06,pressure,4698.97,psi,2025-02-01 16:10:30
E001943,RIG_09,SEN_03,pressure,2298.05,psi,2025-02-01 16:11:00
E001944,RIG_03,SEN_07,flow,109.85,l/min,2025-02-01 16:11:30
E001945,RIG_05,SEN_10,temperature,76.89,C,2025-02-01 16:12:00
E001946,RIG_09,SEN_13,vibration,4.34,mm/s,2025-02-01 16:12:30
E001947,RIG_09,SEN_14,flow,120.81,l/min,2025-02-01 16:13:00
E001948,RIG_02,SEN_04,vibration,4.22,mm/s,2025-02-01 16:13:30
E001949,RIG_02,SEN_09,temperature,92.94,C,2025-02-01 16:14:00
E001950,RIG_07,SEN_01,temperature,84.75,C,2025-02-01 16:14:30
E001951,RIG_08,SEN_18,flow,108.35,l/min,2025-02-01 16:15:00
E001952,RIG_05,SEN_17,vibration,5.14,mm/s,2025-02-01 16:15:30
E001953,RIG_10,SEN_11,pressure,2230.51,psi,2025-02-01 16:16:00
E001954,RIG_04,SEN_05,flow,128.92,l/min,2025-02-01 16:16:30
E001955,RIG_07,SEN_20,vibration,5.41,mm/s,2025-02-01 16:17:00
E001956,RIG_01,SEN_14,pressure,2217.56,psi,2025-02-01 16:17:30
E001957,RIG_04,SEN_09,vibration,5.08,mm/s,2025-02-01 16:18:00
E001958,RIG_10,SEN_08,temperature,85.55,C,2025-02-01 16:18:30
E001959,RIG_02,SEN_10,pressure,2293.49,psi,2025-02-01 16:19:00
E001960,RIG_06,SEN_12,vibration,3.69,mm/s,2025-02-01 16:19:30
E001961,RIG_04,SEN_18,pressure,2332.73,psi,2025-02-01 16:20:00
E001962,RIG_05,SEN_09,flow,112.78,l/min,2025-02-01 16:20:30
E001963,RIG_09,SEN_14,flow,100.05,l/min,2025-02-01 16:21:00
E001964,RIG_04,SEN_20,temperature,83.96,C,2025-02-01 16:21:30
E001965,RIG_01,SEN_03,pressure,3067.75,psi,2025-02-01 16:22:00
E001966,RIG_01,SEN_18,flow,135.27,l/min,2025-02-01 16:22:30
E001967,RIG_01,SEN_13,vibration,4.36,mm/s,2025-02-01 16:23:00
E001968,RIG_04,SEN_13,temperature,91.71,C,2025-02-01 16:23:30
E001969,RIG_04,SEN_04,pressure,2356.63,psi,2025-02-01 16:24:00
E001970,RIG_08,SEN_19,pressure,3004.68,psi,2025-02-01 16:24:30
E001971,RIG_01,SEN_16,pressure,2610.37,psi,2025-02-01 16:25:00
E001972,RIG_10,SEN_15,vibration,2.47,mm/s,2025-02-01 16:25:30
E001973,RIG_03,SEN_06,pressure,2529.81,psi,2025-02-01 16:26:00
E001974,RIG_01,SEN_18,vibration,2.53,mm/s,2025-02-01 16:26:30
E001975,RIG_04,SEN_12,vibration,3.1,mm/s,2025-02-01 16:27:00
E001976,RIG_05,SEN_05,flow,225.18,l/min,2025-02-01 16:27:30
E001977,RIG_04,SEN_17,temperature,88.31,C,2025-02-01 16:28:00
E001978,RIG_04,SEN_10,pressure,2892.42,psi,2025-02-01 16:28:30
E001979,RIG_07,SEN_08,flow,115.76,l/min,2025-02-01 16:29:00
E001980,RIG_08,SEN_13,vibration,3.91,mm/s,2025-02-01 16:29:30
E001981,RIG_07,SEN_05,pressure,3149.49,psi,2025-02-01 16:30:00
E001982,RIG_03,SEN_16,pressure,2787.55,psi,2025-02-01 16:30:30
E001983,RIG_09,SEN_12,flow,107.91,l/min,2025-02-01 16:31:00
E001984,RIG_06,SEN_06,vibration,2.0,mm/s,2025-02-01 16:31:30
E001985,RIG_10,SEN_12,flow,136.24,l/min,2025-02-01 16:32:00
E001986,RIG_05,SEN_20,vibration,2.32,mm/s,2025-02-01 16:32:30
E001987,RIG_08,SEN_13,pressure,2748.56,psi,2025-02-01 16:33:00
E001988,RIG_09,SEN_09,flow,133.47,l/min,2025-02-01 16:33:30
E001989,RIG_06,SEN_20,flow,124.36,l/min,2025-02-01 16:34:00
E001990,RIG_05,SEN_10,pressure,2218.83,psi,2025-02-01 16:34:30
E001991,RIG_08,SEN_15,vibration,3.8,mm/s,2025-02-01 16:35:00
E001992,RIG_05,SEN_16,temperature,92.24,C,2025-02-01 16:35:30
E001993,RIG_05,SEN_05,flow,236.13,l/min,2025-02-01 16:36:00
E001994,RIG_02,SEN_18,vibration,4.84,mm/s,2025-02-01 16:36:30
E001995,RIG_02,SEN_17,temperature,187.34,C,2025-02-01 16:37:00
E001996,RIG_07,SEN_15,flow,102.75,l/min,2025-02-01 16:37:30
E001997,RIG_01,SEN_17,flow,208.85,l/min,2025-02-01 16:38:00
E001998,RIG_10,SEN_04,flow,120.59,l/min,2025-02-01 16:38:30
E001999,RIG_01,SEN_10,temperature,78.76,C,2025-02-01 16:39:00
E002000,RIG_09,SEN_09,temperature,77.76,C,2025-02-01 16:39:30
E002001,RIG_04,SEN_11,flow,119.77,l/min,2025-02-01 16:40:00
E002002,RIG_10,SEN_14,temperature,82.58,C,2025-02-01 16:40:30
E002003,RIG_04,SEN_11,vibration,3.07,mm/s,2025-02-01 16:41:00
E002004,RIG_10,SEN_18,pressure,2328.0,psi,2025-02-01 16:41:30
E002005,RIG_08,SEN_20,pressure,2873.08,psi,2025-02-01 16:42:00
E002006,RIG_03,SEN_03,pressure,2313.58,psi,2025-02-01 16:42:30
E002007,RIG_03,SEN_14,flow,131.55,l/min,2025-02-01 16:43:00
E002008,RIG_01,SEN_12,temperature,87.65,C,2025-02-01 16:43:30
E002009,RIG_03,SEN_09,pressure,3073.42,psi,2025-02-01 16:44:00
E002010,RIG_01,SEN_11,temperature,78.15,C,2025-02-01 16:44:30
E002011,RIG_04,SEN_13,vibration,2.11,mm/s,2025-02-01 16:45:00
E002012,RIG_08,SEN_07,flow,134.08,l/min,2025-02-01 16:45:30
E002013,RIG_01,SEN_15,pressure,2466.16,psi,2025-02-01 16:46:00
E002014,RIG_01,SEN_12,pressure,2316.14,psi,2025-02-01 16:46:30
E002015,RIG_04,SEN_07,pressure,2285.15,psi,2025-02-01 16:47:00
E002016,RIG_09,SEN_18,flow,109.32,l/min,2025-02-01 16:47:30
E002017,RIG_05,SEN_11,flow,132.51,l/min,2025-02-01 16:48:00
E002018,RIG_04,SEN_07,temperature,86.79,C,2025-02-01 16:48:30
E002019,RIG_04,SEN_10,temperature,80.21,C,2025-02-01 16:49:00
E002020,RIG_04,SEN_14,pressure,2263.77,psi,2025-02-01 16:49:30
E002021,RIG_07,SEN_10,vibration,4.19,mm/s,2025-02-01 16:50:00
E002022,RIG_03,SEN_05,pressure,2290.12,psi,2025-02-01 16:50:30
E002023,RIG_05,SEN_12,pressure,2432.63,psi,2025-02-01 16:51:00
E002024,RIG_07,SEN_15,temperature,84.4,C,2025-02-01 16:51:30
E002025,RIG_08,SEN_01,temperature,190.67,C,2025-02-01 16:52:00
E002026,RIG_01,SEN_15,vibration,1.86,mm/s,2025-02-01 16:52:30
E002027,RIG_01,SEN_07,temperature,83.18,C,2025-02-01 16:53:00
E002028,RIG_10,SEN_13,pressure,2927.57,psi,2025-02-01 16:53:30
E002029,RIG_10,SEN_01,pressure,2611.5,psi,2025-02-01 16:54:00
E002030,RIG_09,SEN_06,flow,118.58,l/min,2025-02-01 16:54:30
E002031,RIG_07,SEN_10,flow,110.33,l/min,2025-02-01 16:55:00
E002032,RIG_09,SEN_10,temperature,179.07,C,2025-02-01 16:55:30
E002033,RIG_04,SEN_18,flow,113.83,l/min,2025-02-01 16:56:00
E002034,RIG_07,SEN_18,temperature,90.74,C,2025-02-01 16:56:30
E002035,RIG_09,SEN_18,vibration,10.1,mm/s,2025-02-01 16:57:00
E002036,RIG_01,SEN_14,pressure,2775.94,psi,2025-02-01 16:57:30
E002037,RIG_06,SEN_03,temperature,80.31,C,2025-02-01 16:58:00
E002038,RIG_09,SEN_05,flow,101.19,l/min,2025-02-01 16:58:30
E002039,RIG_03,SEN_15,vibration,2.93,mm/s,2025-02-01 16:59:00
E002040,RIG_06,SEN_17,temperature,92.16,C,2025-02-01 16:59:30
E002041,RIG_09,SEN_15,pressure,2307.55,psi,2025-02-01 17:00:00
E002042,RIG_06,SEN_15,flow,115.9,l/min,2025-02-01 17:00:30
E002043,RIG_08,SEN_15,vibration,5.18,mm/s,2025-02-01 17:01:00
E002044,RIG_04,SEN_01,temperature,90.48,C,2025-02-01 17:01:30
E002045,RIG_02,SEN_14,temperature,87.7,C,2025-02-01 17:02:00
E002046,RIG_02,SEN_16,temperature,92.5,C,2025-02-01 17:02:30
E002047,RIG_10,SEN_11,pressure,2907.29,psi,2025-02-01 17:03:00
E002048,RIG_08,SEN_10,pressure,2324.46,psi,2025-02-01 17:03:30
E002049,RIG_10,SEN_05,vibration,2.08,mm/s,2025-02-01 17:04:00
E002050,RIG_02,SEN_19,vibration,2.46,mm/s,2025-02-01 17:04:30
E002051,RIG_07,SEN_17,temperature,90.73,C,2025-02-01 17:05:00
E002052,RIG_08,SEN_19,vibration,3.59,mm/s,2025-02-01 17:05:30
E002053,RIG_10,SEN_07,vibration,5.28,mm/s,2025-02-01 17:06:00
E002054,RIG_08,SEN_10,pressure,2466.35,psi,2025-02-01 17:06:30
E002055,RIG_10,SEN_01,pressure,2238.46,psi,2025-02-01 17:07:00
E002056,RIG_02,SEN_06,flow,132.45,l/min,2025-02-01 17:07:30
E002057,RIG_03,SEN_19,flow,135.01,l/min,2025-02-01 17:08:00
E002058,RIG_01,SEN_10,flow,111.79,l/min,2025-02-01 17:08:30
E002059,RIG_02,SEN_18,flow,136.14,l/min,2025-02-01 17:09:00
E002060,RIG_02,SEN_08,vibration,3.64,mm/s,2025-02-01 17:09:30
E002061,RIG_04,SEN_17,flow,135.64,l/min,2025-02-01 17:10:00
E002062,RIG_06,SEN_09,pressure,2752.91,psi,2025-02-01 17:10:30
E002063,RIG_10,SEN_09,temperature,84.52,C,2025-02-01 17:11:00
E002064,RIG_05,SEN_11,temperature,85.93,C,2025-02-01 17:11:30
E002065,RIG_03,SEN_19,temperature,88.14,C,2025-02-01 17:12:00
E002066,RIG_01,SEN_07,temperature,82.01,C,2025-02-01 17:12:30
E002067,RIG_09,SEN_01,vibration,3.57,mm/s,2025-02-01 17:13:00
E002068,RIG_02,SEN_10,flow,112.89,l/min,2025-02-01 17:13:30
E002069,RIG_09,SEN_14,vibration,4.48,mm/s,2025-02-01 17:14:00
E002070,RIG_01,SEN_14,flow,104.52,l/min,2025-02-01 17:14:30
E002071,RIG_04,SEN_09,pressure,2432.62,psi,2025-02-01 17:15:00
E002072,RIG_05,SEN_15,flow,117.85,l/min,2025-02-01 17:15:30
E002073,RIG_07,SEN_15,vibration,5.02,mm/s,2025-02-01 17:16:00
E002074,RIG_02,SEN_06,vibration,4.68,mm/s,2025-02-01 17:16:30
E002075,RIG_09,SEN_06,flow,108.07,l/min,2025-02-01 17:17:00
E002076,RIG_04,SEN_03,flow,122.25,l/min,2025-02-01 17:17:30
E002077,RIG_01,SEN_17,temperature,76.09,C,2025-02-01 17:18:00
E002078,RIG_07,SEN_20,temperature,93.82,C,2025-02-01 17:18:30
E002079,RIG_04,SEN_05,flow,134.86,l/min,2025-02-01 17:19:00
E002080,RIG_08,SEN_10,flow,104.25,l/min,2025-02-01 17:19:30
E002081,RIG_09,SEN_18,vibration,3.34,mm/s,2025-02-01 17:20:00
E002082,RIG_10,SEN_19,pressure,3091.64,psi,2025-02-01 17:20:30
E002083,RIG_04,SEN_01,flow,137.01,l/min,2025-02-01 17:21:00
E002084,RIG_07,SEN_09,pressure,3045.9,psi,2025-02-01 17:21:30
E002085,RIG_07,SEN_09,flow,121.23,l/min,2025-02-01 17:22:00
E002086,RIG_09,SEN_04,temperature,74.45,C,2025-02-01 17:22:30
E002087,RIG_07,SEN_01,flow,126.61,l/min,2025-02-01 17:23:00
E002088,RIG_08,SEN_12,vibration,5.71,mm/s,2025-02-01 17:23:30
E002089,RIG_08,SEN_10,vibration,5.61,mm/s,2025-02-01 17:24:00
E002090,RIG_04,SEN_01,pressure,3208.69,psi,2025-02-01 17:24:30
E002091,RIG_04,SEN_15,flow,135.2,l/min,2025-02-01 17:25:00
E002092,RIG_03,SEN_05,vibration,4.87,mm/s,2025-02-01 17:25:30
E002093,RIG_02,SEN_06,flow,112.79,l/min,2025-02-01 17:26:00
E002094,RIG_05,SEN_17,flow,131.11,l/min,2025-02-01 17:26:30
E002095,RIG_10,SEN_16,pressure,2798.35,psi,2025-02-01 17:27:00
E002096,RIG_06,SEN_15,temperature,84.08,C,2025-02-01 17:27:30
E002097,RIG_02,SEN_07,pressure,2927.09,psi,2025-02-01 17:28:00
E002098,RIG_04,SEN_12,temperature,91.31,C,2025-02-01 17:28:30
E002099,RIG_10,SEN_08,pressure,3130.36,psi,2025-02-01 17:29:00
E002100,RIG_01,SEN_10,pressure,2363.42,psi,2025-02-01 17:29:30
E002101,RIG_08,SEN_18,temperature,88.12,C,2025-02-01 17:30:00
E002102,RIG_08,SEN_17,pressure,2588.53,psi,2025-02-01 17:30:30
E002103,RIG_04,SEN_19,flow,126.88,l/min,2025-02-01 17:31:00
E002104,RIG_02,SEN_18,flow,181.11,l/min,2025-02-01 17:31:30
E002105,RIG_04,SEN_06,flow,113.53,l/min,2025-02-01 17:32:00
E002106,RIG_10,SEN_08,pressure,2350.73,psi,2025-02-01 17:32:30
E002107,RIG_01,SEN_05,temperature,77.55,C,2025-02-01 17:33:00
E002108,RIG_07,SEN_16,temperature,74.78,C,2025-02-01 17:33:30
E002109,RIG_05,SEN_08,temperature,91.06,C,2025-02-01 17:34:00
E002110,RIG_05,SEN_14,temperature,75.42,C,2025-02-01 17:34:30
E002111,RIG_10,SEN_13,vibration,3.67,mm/s,2025-02-01 17:35:00
E002112,RIG_05,SEN_20,vibration,4.98,mm/s,2025-02-01 17:35:30
E002113,RIG_06,SEN_07,pressure,3184.61,psi,2025-02-01 17:36:00
E002114,RIG_01,SEN_20,flow,99.38,l/min,2025-02-01 17:36:30
E002115,RIG_02,SEN_09,pressure,3017.08,psi,2025-02-01 17:37:00
E002116,RIG_01,SEN_18,pressure,2619.33,psi,2025-02-01 17:37:30
E002117,RIG_05,SEN_11,pressure,2722.18,psi,2025-02-01 17:38:00
E002118,RIG_08,SEN_01,vibration,2.86,mm/s,2025-02-01 17:38:30
E002119,RIG_10,SEN_13,pressure,2308.01,psi,2025-02-01 17:39:00
E002120,RIG_08,SEN_18,vibration,3.66,mm/s,2025-02-01 17:39:30
E002121,RIG_02,SEN_08,temperature,89.96,C,2025-02-01 17:40:00
E002122,RIG_04,SEN_14,vibration,2.52,mm/s,2025-02-01 17:40:30
E002123,RIG_07,SEN_06,pressure,2701.84,psi,2025-02-01 17:41:00
E002124,RIG_06,SEN_13,flow,98.83,l/min,2025-02-01 17:41:30
E002125,RIG_09,SEN_03,vibration,3.42,mm/s,2025-02-01 17:42:00
E002126,RIG_02,SEN_16,flow,122.68,l/min,2025-02-01 17:42:30
E002127,RIG_05,SEN_06,temperature,78.76,C,2025-02-01 17:43:00
E002128,RIG_04,SEN_13,vibration,4.66,mm/s,2025-02-01 17:43:30
E002129,RIG_01,SEN_13,pressure,2486.79,psi,2025-02-01 17:44:00
E002130,RIG_08,SEN_13,flow,130.18,l/min,2025-02-01 17:44:30
E002131,RIG_07,SEN_17,pressure,2502.22,psi,2025-02-01 17:45:00
E002132,RIG_03,SEN_03,flow,98.69,l/min,2025-02-01 17:45:30
E002133,RIG_02,SEN_15,vibration,3.01,mm/s,2025-02-01 17:46:00
E002134,RIG_03,SEN_11,temperature,82.44,C,2025-02-01 17:46:30
E002135,RIG_01,SEN_05,pressure,2613.44,psi,2025-02-01 17:47:00
E002136,RIG_01,SEN_18,temperature,86.82,C,2025-02-01 17:47:30
E002137,RIG_02,SEN_19,temperature,83.79,C,2025-02-01 17:48:00
E002138,RIG_07,SEN_17,temperature,83.93,C,2025-02-01 17:48:30
E002139,RIG_07,SEN_10,vibration,5.84,mm/s,2025-02-01 17:49:00
E002140,RIG_09,SEN_18,temperature,83.26,C,2025-02-01 17:49:30
E002141,RIG_05,SEN_17,temperature,85.94,C,2025-02-01 17:50:00
E002142,RIG_05,SEN_03,vibration,4.27,mm/s,2025-02-01 17:50:30
E002143,RIG_01,SEN_04,temperature,74.52,C,2025-02-01 17:51:00
E002144,RIG_09,SEN_17,pressure,2245.24,psi,2025-02-01 17:51:30
E002145,RIG_04,SEN_17,temperature,80.75,C,2025-02-01 17:52:00
E002146,RIG_05,SEN_20,pressure,2733.48,psi,2025-02-01 17:52:30
E002147,RIG_03,SEN_11,vibration,3.02,mm/s,2025-02-01 17:53:00
E002148,RIG_03,SEN_06,vibration,2.99,mm/s,2025-02-01 17:53:30
E002149,RIG_09,SEN_18,pressure,2237.66,psi,2025-02-01 17:54:00
E002150,RIG_02,SEN_20,temperature,91.57,C,2025-02-01 17:54:30
E002151,RIG_06,SEN_12,flow,115.06,l/min,2025-02-01 17:55:00
E002152,RIG_01,SEN_14,pressure,3137.58,psi,2025-02-01 17:55:30
E002153,RIG_06,SEN_05,pressure,2242.53,psi,2025-02-01 17:56:00
E002154,RIG_05,SEN_12,pressure,2597.12,psi,2025-02-01 17:56:30
E002155,RIG_10,SEN_19,flow,113.67,l/min,2025-02-01 17:57:00
E002156,RIG_08,SEN_01,pressure,2303.3,psi,2025-02-01 17:57:30
E002157,RIG_08,SEN_12,temperature,89.62,C,2025-02-01 17:58:00
E002158,RIG_02,SEN_06,temperature,74.52,C,2025-02-01 17:58:30
E002159,RIG_05,SEN_17,temperature,171.73,C,2025-02-01 17:59:00
E002160,RIG_04,SEN_19,vibration,2.85,mm/s,2025-02-01 17:59:30
E002161,RIG_10,SEN_09,vibration,4.8,mm/s,2025-02-01 18:00:00
E002162,RIG_08,SEN_03,temperature,86.01,C,2025-02-01 18:00:30
E002163,RIG_07,SEN_03,vibration,3.85,mm/s,2025-02-01 18:01:00
E002164,RIG_09,SEN_14,flow,118.99,l/min,2025-02-01 18:01:30
E002165,RIG_05,SEN_15,vibration,3.93,mm/s,2025-02-01 18:02:00
E002166,RIG_05,SEN_11,pressure,3042.24,psi,2025-02-01 18:02:30
E002167,RIG_02,SEN_01,flow,129.11,l/min,2025-02-01 18:03:00
E002168,RIG_10,SEN_09,flow,119.97,l/min,2025-02-01 18:03:30
E002169,RIG_03,SEN_07,temperature,89.69,C,2025-02-01 18:04:00
E002170,RIG_10,SEN_03,pressure,3216.09,psi,2025-02-01 18:04:30
E002171,RIG_04,SEN_03,pressure,2321.37,psi,2025-02-01 18:05:00
E002172,RIG_07,SEN_14,vibration,2.27,mm/s,2025-02-01 18:05:30
E002173,RIG_10,SEN_16,flow,175.53,l/min,2025-02-01 18:06:00
E002174,RIG_08,SEN_03,vibration,5.8,mm/s,2025-02-01 18:06:30
E002175,RIG_08,SEN_05,pressure,2887.97,psi,2025-02-01 18:07:00
E002176,RIG_06,SEN_15,pressure,3054.72,psi,2025-02-01 18:07:30
E002177,RIG_07,SEN_16,vibration,2.16,mm/s,2025-02-01 18:08:00
E002178,RIG_02,SEN_08,vibration,4.7,mm/s,2025-02-01 18:08:30
E002179,RIG_07,SEN_01,temperature,92.29,C,2025-02-01 18:09:00
E002180,RIG_04,SEN_06,pressure,2374.8,psi,2025-02-01 18:09:30
E002181,RIG_05,SEN_15,pressure,3004.77,psi,2025-02-01 18:10:00
E002182,RIG_01,SEN_12,vibration,5.1,mm/s,2025-02-01 18:10:30
E002183,RIG_05,SEN_13,vibration,4.56,mm/s,2025-02-01 18:11:00
E002184,RIG_07,SEN_14,temperature,75.19,C,2025-02-01 18:11:30
E002185,RIG_07,SEN_18,flow,105.33,l/min,2025-02-01 18:12:00
E002186,RIG_06,SEN_05,pressure,3205.06,psi,2025-02-01 18:12:30
E002187,RIG_09,SEN_01,flow,108.57,l/min,2025-02-01 18:13:00
E002188,RIG_02,SEN_16,flow,100.09,l/min,2025-02-01 18:13:30
E002189,RIG_02,SEN_11,pressure,2241.86,psi,2025-02-01 18:14:00
E002190,RIG_08,SEN_18,pressure,2873.33,psi,2025-02-01 18:14:30
E002191,RIG_07,SEN_15,vibration,4.92,mm/s,2025-02-01 18:15:00
E002192,RIG_05,SEN_04,pressure,2848.53,psi,2025-02-01 18:15:30
E002193,RIG_03,SEN_18,flow,133.19,l/min,2025-02-01 18:16:00
E002194,RIG_06,SEN_12,pressure,2815.97,psi,2025-02-01 18:16:30
E002195,RIG_06,SEN_16,pressure,3187.16,psi,2025-02-01 18:17:00
E002196,RIG_07,SEN_13,flow,121.71,l/min,2025-02-01 18:17:30
E002197,RIG_02,SEN_13,vibration,3.86,mm/s,2025-02-01 18:18:00
E002198,RIG_03,SEN_09,pressure,3069.63,psi,2025-02-01 18:18:30
E002199,RIG_02,SEN_10,temperature,80.4,C,2025-02-01 18:19:00
E002200,RIG_07,SEN_14,temperature,93.68,C,2025-02-01 18:19:30
E002201,RIG_03,SEN_03,temperature,82.88,C,2025-02-01 18:20:00
E002202,RIG_10,SEN_07,pressure,2456.76,psi,2025-02-01 18:20:30
E002203,RIG_02,SEN_02,flow,104.99,l/min,2025-02-01 18:21:00
E002204,RIG_06,SEN_12,temperature,86.29,C,2025-02-01 18:21:30
E002205,RIG_09,SEN_19,temperature,90.67,C,2025-02-01 18:22:00
E002206,RIG_08,SEN_08,temperature,78.96,C,2025-02-01 18:22:30
E002207,RIG_08,SEN_08,temperature,84.02,C,2025-02-01 18:23:00
E002208,RIG_08,SEN_01,temperature,93.73,C,2025-02-01 18:23:30
E002209,RIG_08,SEN_19,vibration,5.85,mm/s,2025-02-01 18:24:00
E002210,RIG_01,SEN_04,flow,134.04,l/min,2025-02-01 18:24:30
E002211,RIG_03,SEN_13,pressure,2309.1,psi,2025-02-01 18:25:00
E002212,RIG_05,SEN_10,vibration,2.68,mm/s,2025-02-01 18:25:30
E002213,RIG_05,SEN_16,flow,112.86,l/min,2025-02-01 18:26:00
E002214,RIG_06,SEN_19,vibration,3.87,mm/s,2025-02-01 18:26:30
E002215,RIG_06,SEN_02,pressure,3049.08,psi,2025-02-01 18:27:00
E002216,RIG_08,SEN_17,flow,222.93,l/min,2025-02-01 18:27:30
E002217,RIG_08,SEN_08,vibration,4.71,mm/s,2025-02-01 18:28:00
E002218,RIG_04,SEN_06,temperature,79.62,C,2025-02-01 18:28:30
E002219,RIG_06,SEN_08,temperature,76.54,C,2025-02-01 18:29:00
E002220,RIG_10,SEN_17,flow,107.35,l/min,2025-02-01 18:29:30
E002221,RIG_05,SEN_08,vibration,5.68,mm/s,2025-02-01 18:30:00
E002222,RIG_01,SEN_15,vibration,5.35,mm/s,2025-02-01 18:30:30
E002223,RIG_10,SEN_18,temperature,79.91,C,2025-02-01 18:31:00
E002224,RIG_07,SEN_18,flow,117.49,l/min,2025-02-01 18:31:30
E002225,RIG_01,SEN_16,temperature,77.04,C,2025-02-01 18:32:00
E002226,RIG_08,SEN_07,vibration,13.48,mm/s,2025-02-01 18:32:30
E002227,RIG_06,SEN_16,temperature,92.33,C,2025-02-01 18:33:00
E002228,RIG_08,SEN_07,pressure,2984.21,psi,2025-02-01 18:33:30
E002229,RIG_03,SEN_13,pressure,2621.21,psi,2025-02-01 18:34:00
E002230,RIG_10,SEN_03,vibration,3.17,mm/s,2025-02-01 18:34:30
E002231,RIG_03,SEN_05,temperature,88.94,C,2025-02-01 18:35:00
E002232,RIG_09,SEN_13,flow,112.83,l/min,2025-02-01 18:35:30
E002233,RIG_09,SEN_05,temperature,93.78,C,2025-02-01 18:36:00
E002234,RIG_06,SEN_16,temperature,77.59,C,2025-02-01 18:36:30
E002235,RIG_08,SEN_06,flow,128.54,l/min,2025-02-01 18:37:00
E002236,RIG_08,SEN_04,vibration,2.99,mm/s,2025-02-01 18:37:30
E002237,RIG_03,SEN_01,pressure,3177.07,psi,2025-02-01 18:38:00
E002238,RIG_01,SEN_08,temperature,76.71,C,2025-02-01 18:38:30
E002239,RIG_06,SEN_15,pressure,2332.35,psi,2025-02-01 18:39:00
E002240,RIG_07,SEN_14,vibration,3.93,mm/s,2025-02-01 18:39:30
E002241,RIG_03,SEN_16,vibration,4.11,mm/s,2025-02-01 18:40:00
E002242,RIG_09,SEN_07,flow,130.99,l/min,2025-02-01 18:40:30
E002243,RIG_04,SEN_10,pressure,6123.33,psi,2025-02-01 18:41:00
E002244,RIG_05,SEN_17,vibration,9.68,mm/s,2025-02-01 18:41:30
E002245,RIG_09,SEN_12,temperature,75.13,C,2025-02-01 18:42:00
E002246,RIG_08,SEN_16,vibration,4.83,mm/s,2025-02-01 18:42:30
E002247,RIG_06,SEN_07,vibration,5.26,mm/s,2025-02-01 18:43:00
E002248,RIG_05,SEN_10,pressure,2303.01,psi,2025-02-01 18:43:30
E002249,RIG_07,SEN_15,flow,137.44,l/min,2025-02-01 18:44:00
E002250,RIG_06,SEN_02,vibration,5.04,mm/s,2025-02-01 18:44:30
E002251,RIG_10,SEN_20,temperature,90.37,C,2025-02-01 18:45:00
E002252,RIG_10,SEN_11,flow,100.71,l/min,2025-02-01 18:45:30
E002253,RIG_04,SEN_16,vibration,2.13,mm/s,2025-02-01 18:46:00
E002254,RIG_09,SEN_08,pressure,3100.4,psi,2025-02-01 18:46:30
E002255,RIG_09,SEN_04,vibration,2.61,mm/s,2025-02-01 18:47:00
E002256,RIG_08,SEN_06,pressure,2805.29,psi,2025-02-01 18:47:30
E002257,RIG_09,SEN_03,temperature,81.38,C,2025-02-01 18:48:00
E002258,RIG_07,SEN_02,flow,104.44,l/min,2025-02-01 18:48:30
E002259,RIG_10,SEN_15,temperature,92.58,C,2025-02-01 18:49:00
E002260,RIG_01,SEN_02,pressure,2776.65,psi,2025-02-01 18:49:30
E002261,RIG_10,SEN_11,vibration,3.93,mm/s,2025-02-01 18:50:00
E002262,RIG_06,SEN_06,vibration,2.91,mm/s,2025-02-01 18:50:30
E002263,RIG_03,SEN_19,flow,99.18,l/min,2025-02-01 18:51:00
E002264,RIG_07,SEN_17,pressure,5522.38,psi,2025-02-01 18:51:30
E002265,RIG_10,SEN_18,vibration,5.05,mm/s,2025-02-01 18:52:00
E002266,RIG_09,SEN_14,temperature,92.58,C,2025-02-01 18:52:30
E002267,RIG_01,SEN_16,pressure,2322.31,psi,2025-02-01 18:53:00
E002268,RIG_10,SEN_07,temperature,79.18,C,2025-02-01 18:53:30
E002269,RIG_04,SEN_07,pressure,3143.69,psi,2025-02-01 18:54:00
E002270,RIG_09,SEN_01,pressure,2450.63,psi,2025-02-01 18:54:30
E002271,RIG_10,SEN_02,pressure,2544.77,psi,2025-02-01 18:55:00
E002272,RIG_02,SEN_17,vibration,3.82,mm/s,2025-02-01 18:55:30
E002273,RIG_10,SEN_05,pressure,2864.85,psi,2025-02-01 18:56:00
E002274,RIG_05,SEN_12,flow,138.83,l/min,2025-02-01 18:56:30
E002275,RIG_09,SEN_03,temperature,86.57,C,2025-02-01 18:57:00
E002276,RIG_03,SEN_06,vibration,5.44,mm/s,2025-02-01 18:57:30
E002277,RIG_05,SEN_13,flow,121.01,l/min,2025-02-01 18:58:00
E002278,RIG_09,SEN_04,temperature,79.89,C,2025-02-01 18:58:30
E002279,RIG_05,SEN_11,temperature,86.14,C,2025-02-01 18:59:00
E002280,RIG_06,SEN_05,vibration,2.35,mm/s,2025-02-01 18:59:30
E002281,RIG_08,SEN_17,flow,124.42,l/min,2025-02-01 19:00:00
E002282,RIG_07,SEN_06,temperature,93.81,C,2025-02-01 19:00:30
E002283,RIG_02,SEN_02,vibration,3.92,mm/s,2025-02-01 19:01:00
E002284,RIG_03,SEN_02,pressure,2857.24,psi,2025-02-01 19:01:30
E002285,RIG_02,SEN_18,vibration,4.11,mm/s,2025-02-01 19:02:00
E002286,RIG_01,SEN_10,pressure,2421.96,psi,2025-02-01 19:02:30
E002287,RIG_08,SEN_05,flow,131.74,l/min,2025-02-01 19:03:00
E002288,RIG_05,SEN_06,temperature,76.71,C,2025-02-01 19:03:30
E002289,RIG_02,SEN_01,vibration,3.37,mm/s,2025-02-01 19:04:00
E002290,RIG_03,SEN_02,pressure,3153.4,psi,2025-02-01 19:04:30
E002291,RIG_01,SEN_07,temperature,91.45,C,2025-02-01 19:05:00
E002292,RIG_05,SEN_03,flow,111.95,l/min,2025-02-01 19:05:30
E002293,RIG_01,SEN_15,vibration,3.38,mm/s,2025-02-01 19:06:00
E002294,RIG_06,SEN_10,vibration,3.28,mm/s,2025-02-01 19:06:30
E002295,RIG_01,SEN_18,flow,103.15,l/min,2025-02-01 19:07:00
E002296,RIG_01,SEN_04,pressure,2927.48,psi,2025-02-01 19:07:30
E002297,RIG_10,SEN_20,vibration,2.19,mm/s,2025-02-01 19:08:00
E002298,RIG_05,SEN_06,temperature,91.3,C,2025-02-01 19:08:30
E002299,RIG_03,SEN_13,pressure,2472.22,psi,2025-02-01 19:09:00
E002300,RIG_02,SEN_16,pressure,2911.74,psi,2025-02-01 19:09:30
E002301,RIG_05,SEN_10,temperature,77.04,C,2025-02-01 19:10:00
E002302,RIG_04,SEN_07,temperature,91.5,C,2025-02-01 19:10:30
E002303,RIG_06,SEN_08,vibration,2.86,mm/s,2025-02-01 19:11:00
E002304,RIG_01,SEN_14,vibration,5.48,mm/s,2025-02-01 19:11:30
E002305,RIG_08,SEN_06,pressure,2677.74,psi,2025-02-01 19:12:00
E002306,RIG_10,SEN_04,temperature,85.49,C,2025-02-01 19:12:30
E002307,RIG_04,SEN_12,pressure,2735.42,psi,2025-02-01 19:13:00
E002308,RIG_08,SEN_20,pressure,2660.98,psi,2025-02-01 19:13:30
E002309,RIG_01,SEN_13,flow,129.54,l/min,2025-02-01 19:14:00
E002310,RIG_08,SEN_03,temperature,86.33,C,2025-02-01 19:14:30
E002311,RIG_07,SEN_18,flow,127.16,l/min,2025-02-01 19:15:00
E002312,RIG_06,SEN_16,pressure,2648.17,psi,2025-02-01 19:15:30
E002313,RIG_06,SEN_07,flow,132.82,l/min,2025-02-01 19:16:00
E002314,RIG_07,SEN_18,flow,114.97,l/min,2025-02-01 19:16:30
E002315,RIG_04,SEN_06,temperature,93.0,C,2025-02-01 19:17:00
E002316,RIG_05,SEN_06,flow,139.22,l/min,2025-02-01 19:17:30
E002317,RIG_07,SEN_07,temperature,80.82,C,2025-02-01 19:18:00
E002318,RIG_09,SEN_02,temperature,86.15,C,2025-02-01 19:18:30
E002319,RIG_09,SEN_10,pressure,2251.37,psi,2025-02-01 19:19:00
E002320,RIG_02,SEN_02,pressure,2417.14,psi,2025-02-01 19:19:30
E002321,RIG_05,SEN_10,pressure,3046.75,psi,2025-02-01 19:20:00
E002322,RIG_08,SEN_11,vibration,3.77,mm/s,2025-02-01 19:20:30
E002323,RIG_01,SEN_19,pressure,4886.28,psi,2025-02-01 19:21:00
E002324,RIG_07,SEN_05,vibration,8.51,mm/s,2025-02-01 19:21:30
E002325,RIG_05,SEN_17,vibration,1.97,mm/s,2025-02-01 19:22:00
E002326,RIG_09,SEN_13,pressure,2363.95,psi,2025-02-01 19:22:30
E002327,RIG_01,SEN_20,vibration,5.89,mm/s,2025-02-01 19:23:00
E002328,RIG_10,SEN_13,vibration,4.26,mm/s,2025-02-01 19:23:30
E002329,RIG_04,SEN_18,flow,123.19,l/min,2025-02-01 19:24:00
E002330,RIG_07,SEN_06,vibration,3.89,mm/s,2025-02-01 19:24:30
E002331,RIG_08,SEN_19,temperature,93.38,C,2025-02-01 19:25:00
E002332,RIG_10,SEN_11,pressure,2407.24,psi,2025-02-01 19:25:30
E002333,RIG_07,SEN_19,pressure,2846.55,psi,2025-02-01 19:26:00
E002334,RIG_07,SEN_17,flow,125.96,l/min,2025-02-01 19:26:30
E002335,RIG_03,SEN_20,pressure,2374.1,psi,2025-02-01 19:27:00
E002336,RIG_10,SEN_18,flow,119.27,l/min,2025-02-01 19:27:30
E002337,RIG_07,SEN_03,vibration,4.71,mm/s,2025-02-01 19:28:00
E002338,RIG_08,SEN_06,pressure,3078.18,psi,2025-02-01 19:28:30
E002339,RIG_06,SEN_16,temperature,82.1,C,2025-02-01 19:29:00
E002340,RIG_02,SEN_01,pressure,2278.29,psi,2025-02-01 19:29:30
E002341,RIG_07,SEN_06,temperature,84.27,C,2025-02-01 19:30:00
E002342,RIG_08,SEN_16,vibration,5.46,mm/s,2025-02-01 19:30:30
E002343,RIG_09,SEN_08,vibration,4.55,mm/s,2025-02-01 19:31:00
E002344,RIG_01,SEN_03,flow,300.8,l/min,2025-02-01 19:31:30
E002345,RIG_04,SEN_11,temperature,88.65,C,2025-02-01 19:32:00
E002346,RIG_06,SEN_17,flow,107.2,l/min,2025-02-01 19:32:30
E002347,RIG_09,SEN_10,vibration,4.94,mm/s,2025-02-01 19:33:00
E002348,RIG_05,SEN_04,temperature,81.43,C,2025-02-01 19:33:30
E002349,RIG_03,SEN_05,pressure,3201.51,psi,2025-02-01 19:34:00
E002350,RIG_06,SEN_11,temperature,76.08,C,2025-02-01 19:34:30
E002351,RIG_02,SEN_16,temperature,76.39,C,2025-02-01 19:35:00
E002352,RIG_04,SEN_12,vibration,2.13,mm/s,2025-02-01 19:35:30
E002353,RIG_06,SEN_12,pressure,2945.05,psi,2025-02-01 19:36:00
E002354,RIG_01,SEN_15,flow,106.85,l/min,2025-02-01 19:36:30
E002355,RIG_06,SEN_12,temperature,76.97,C,2025-02-01 19:37:00
E002356,RIG_06,SEN_12,temperature,90.95,C,2025-02-01 19:37:30
E002357,RIG_01,SEN_12,flow,105.1,l/min,2025-02-01 19:38:00
E002358,RIG_01,SEN_01,vibration,3.42,mm/s,2025-02-01 19:38:30
E002359,RIG_10,SEN_08,pressure,2246.29,psi,2025-02-01 19:39:00
E002360,RIG_02,SEN_14,temperature,88.3,C,2025-02-01 19:39:30
E002361,RIG_05,SEN_01,pressure,2431.75,psi,2025-02-01 19:40:00
E002362,RIG_10,SEN_09,temperature,81.34,C,2025-02-01 19:40:30
E002363,RIG_10,SEN_01,pressure,2480.62,psi,2025-02-01 19:41:00
E002364,RIG_09,SEN_07,pressure,3031.62,psi,2025-02-01 19:41:30
E002365,RIG_08,SEN_12,pressure,2300.66,psi,2025-02-01 19:42:00
E002366,RIG_01,SEN_05,pressure,3213.99,psi,2025-02-01 19:42:30
E002367,RIG_10,SEN_09,pressure,3152.41,psi,2025-02-01 19:43:00
E002368,RIG_05,SEN_03,pressure,2368.41,psi,2025-02-01 19:43:30
E002369,RIG_04,SEN_09,flow,118.0,l/min,2025-02-01 19:44:00
E002370,RIG_08,SEN_13,temperature,92.14,C,2025-02-01 19:44:30
E002371,RIG_05,SEN_03,pressure,3193.95,psi,2025-02-01 19:45:00
E002372,RIG_01,SEN_13,pressure,2854.51,psi,2025-02-01 19:45:30
E002373,RIG_03,SEN_16,flow,138.36,l/min,2025-02-01 19:46:00
E002374,RIG_05,SEN_03,flow,132.82,l/min,2025-02-01 19:46:30
E002375,RIG_09,SEN_09,pressure,2694.19,psi,2025-02-01 19:47:00
E002376,RIG_06,SEN_03,pressure,2452.96,psi,2025-02-01 19:47:30
E002377,RIG_08,SEN_07,temperature,77.08,C,2025-02-01 19:48:00
E002378,RIG_03,SEN_13,temperature,87.63,C,2025-02-01 19:48:30
E002379,RIG_02,SEN_04,pressure,2984.26,psi,2025-02-01 19:49:00
E002380,RIG_09,SEN_11,temperature,79.24,C,2025-02-01 19:49:30
E002381,RIG_01,SEN_01,vibration,4.06,mm/s,2025-02-01 19:50:00
E002382,RIG_08,SEN_17,vibration,4.88,mm/s,2025-02-01 19:50:30
E002383,RIG_09,SEN_18,pressure,2706.4,psi,2025-02-01 19:51:00
E002384,RIG_03,SEN_08,temperature,87.08,C,2025-02-01 19:51:30
E002385,RIG_06,SEN_15,pressure,2968.72,psi,2025-02-01 19:52:00
E002386,RIG_02,SEN_11,flow,127.8,l/min,2025-02-01 19:52:30
E002387,RIG_03,SEN_20,vibration,2.14,mm/s,2025-02-01 19:53:00
E002388,RIG_07,SEN_11,pressure,3186.5,psi,2025-02-01 19:53:30
E002389,RIG_08,SEN_17,vibration,3.24,mm/s,2025-02-01 19:54:00
E002390,RIG_09,SEN_02,temperature,79.27,C,2025-02-01 19:54:30
E002391,RIG_07,SEN_08,flow,132.26,l/min,2025-02-01 19:55:00
E002392,RIG_01,SEN_16,vibration,2.56,mm/s,2025-02-01 19:55:30
E002393,RIG_09,SEN_04,vibration,4.47,mm/s,2025-02-01 19:56:00
E002394,RIG_10,SEN_06,vibration,5.03,mm/s,2025-02-01 19:56:30
E002395,RIG_04,SEN_01,flow,110.48,l/min,2025-02-01 19:57:00
E002396,RIG_10,SEN_04,pressure,2768.89,psi,2025-02-01 19:57:30
E002397,RIG_08,SEN_03,flow,112.94,l/min,2025-02-01 19:58:00
E002398,RIG_07,SEN_10,flow,115.2,l/min,2025-02-01 19:58:30
E002399,RIG_04,SEN_08,temperature,77.42,C,2025-02-01 19:59:00
E002400,RIG_08,SEN_10,temperature,84.57,C,2025-02-01 19:59:30
E002401,RIG_03,SEN_04,vibration,4.09,mm/s,2025-02-01 20:00:00
E002402,RIG_07,SEN_18,pressure,2449.03,psi,2025-02-01 20:00:30
E002403,RIG_05,SEN_12,pressure,5009.52,psi,2025-02-01 20:01:00
E002404,RIG_03,SEN_17,vibration,3.58,mm/s,2025-02-01 20:01:30
E002405,RIG_05,SEN_12,pressure,2693.94,psi,2025-02-01 20:02:00
E002406,RIG_09,SEN_04,flow,120.16,l/min,2025-02-01 20:02:30
E002407,RIG_03,SEN_03,temperature,80.34,C,2025-02-01 20:03:00
E002408,RIG_09,SEN_07,flow,118.66,l/min,2025-02-01 20:03:30
E002409,RIG_02,SEN_03,temperature,81.63,C,2025-02-01 20:04:00
E002410,RIG_02,SEN_10,flow,116.02,l/min,2025-02-01 20:04:30
E002411,RIG_02,SEN_14,flow,104.49,l/min,2025-02-01 20:05:00
E002412,RIG_10,SEN_02,flow,105.76,l/min,2025-02-01 20:05:30
E002413,RIG_10,SEN_17,temperature,87.55,C,2025-02-01 20:06:00
E002414,RIG_07,SEN_20,pressure,3064.97,psi,2025-02-01 20:06:30
E002415,RIG_02,SEN_18,flow,109.26,l/min,2025-02-01 20:07:00
E002416,RIG_06,SEN_15,flow,194.56,l/min,2025-02-01 20:07:30
E002417,RIG_06,SEN_07,temperature,87.97,C,2025-02-01 20:08:00
E002418,RIG_02,SEN_13,flow,133.28,l/min,2025-02-01 20:08:30
E002419,RIG_05,SEN_03,vibration,2.58,mm/s,2025-02-01 20:09:00
E002420,RIG_01,SEN_09,vibration,3.5,mm/s,2025-02-01 20:09:30
E002421,RIG_07,SEN_07,pressure,2912.09,psi,2025-02-01 20:10:00
E002422,RIG_08,SEN_11,temperature,88.15,C,2025-02-01 20:10:30
E002423,RIG_08,SEN_16,pressure,3151.65,psi,2025-02-01 20:11:00
E002424,RIG_10,SEN_12,vibration,3.25,mm/s,2025-02-01 20:11:30
E002425,RIG_02,SEN_20,temperature,90.55,C,2025-02-01 20:12:00
E002426,RIG_04,SEN_06,temperature,85.62,C,2025-02-01 20:12:30
E002427,RIG_09,SEN_11,pressure,2916.94,psi,2025-02-01 20:13:00
E002428,RIG_04,SEN_08,temperature,88.56,C,2025-02-01 20:13:30
E002429,RIG_02,SEN_11,vibration,2.37,mm/s,2025-02-01 20:14:00
E002430,RIG_02,SEN_17,flow,116.14,l/min,2025-02-01 20:14:30
E002431,RIG_09,SEN_16,flow,102.14,l/min,2025-02-01 20:15:00
E002432,RIG_04,SEN_13,temperature,79.41,C,2025-02-01 20:15:30
E002433,RIG_03,SEN_10,pressure,7478.09,psi,2025-02-01 20:16:00
E002434,RIG_07,SEN_02,temperature,90.61,C,2025-02-01 20:16:30
E002435,RIG_09,SEN_07,temperature,91.08,C,2025-02-01 20:17:00
E002436,RIG_10,SEN_05,temperature,75.86,C,2025-02-01 20:17:30
E002437,RIG_02,SEN_20,pressure,2822.78,psi,2025-02-01 20:18:00
E002438,RIG_01,SEN_02,flow,109.5,l/min,2025-02-01 20:18:30
E002439,RIG_10,SEN_16,temperature,76.34,C,2025-02-01 20:19:00
E002440,RIG_10,SEN_17,flow,128.09,l/min,2025-02-01 20:19:30
E002441,RIG_10,SEN_04,vibration,2.27,mm/s,2025-02-01 20:20:00
E002442,RIG_10,SEN_18,pressure,2296.32,psi,2025-02-01 20:20:30
E002443,RIG_05,SEN_18,flow,131.66,l/min,2025-02-01 20:21:00
E002444,RIG_06,SEN_17,pressure,3030.49,psi,2025-02-01 20:21:30
E002445,RIG_09,SEN_01,pressure,2343.89,psi,2025-02-01 20:22:00
E002446,RIG_07,SEN_13,temperature,77.7,C,2025-02-01 20:22:30
E002447,RIG_04,SEN_14,temperature,80.04,C,2025-02-01 20:23:00
E002448,RIG_06,SEN_15,temperature,87.31,C,2025-02-01 20:23:30
E002449,RIG_06,SEN_20,vibration,2.24,mm/s,2025-02-01 20:24:00
E002450,RIG_10,SEN_02,pressure,2477.67,psi,2025-02-01 20:24:30
E002451,RIG_07,SEN_01,pressure,2631.72,psi,2025-02-01 20:25:00
E002452,RIG_06,SEN_12,vibration,3.12,mm/s,2025-02-01 20:25:30
E002453,RIG_08,SEN_05,pressure,2406.16,psi,2025-02-01 20:26:00
E002454,RIG_03,SEN_09,flow,114.85,l/min,2025-02-01 20:26:30
E002455,RIG_08,SEN_15,temperature,86.32,C,2025-02-01 20:27:00
E002456,RIG_08,SEN_05,pressure,2838.43,psi,2025-02-01 20:27:30
E002457,RIG_09,SEN_19,temperature,92.77,C,2025-02-01 20:28:00
E002458,RIG_04,SEN_13,flow,100.07,l/min,2025-02-01 20:28:30
E002459,RIG_01,SEN_06,vibration,5.08,mm/s,2025-02-01 20:29:00
E002460,RIG_08,SEN_10,pressure,3160.49,psi,2025-02-01 20:29:30
E002461,RIG_09,SEN_16,pressure,2254.34,psi,2025-02-01 20:30:00
E002462,RIG_10,SEN_11,pressure,3180.15,psi,2025-02-01 20:30:30
E002463,RIG_10,SEN_20,vibration,9.15,mm/s,2025-02-01 20:31:00
E002464,RIG_10,SEN_08,flow,107.82,l/min,2025-02-01 20:31:30
E002465,RIG_10,SEN_13,pressure,2349.16,psi,2025-02-01 20:32:00
E002466,RIG_07,SEN_17,temperature,76.49,C,2025-02-01 20:32:30
E002467,RIG_02,SEN_04,vibration,2.03,mm/s,2025-02-01 20:33:00
E002468,RIG_08,SEN_03,flow,117.9,l/min,2025-02-01 20:33:30
E002469,RIG_09,SEN_05,temperature,75.27,C,2025-02-01 20:34:00
E002470,RIG_10,SEN_08,temperature,78.04,C,2025-02-01 20:34:30
E002471,RIG_03,SEN_05,flow,123.08,l/min,2025-02-01 20:35:00
E002472,RIG_06,SEN_16,pressure,2678.36,psi,2025-02-01 20:35:30
E002473,RIG_04,SEN_13,vibration,3.39,mm/s,2025-02-01 20:36:00
E002474,RIG_10,SEN_05,vibration,2.71,mm/s,2025-02-01 20:36:30
E002475,RIG_07,SEN_06,flow,139.35,l/min,2025-02-01 20:37:00
E002476,RIG_07,SEN_01,vibration,5.27,mm/s,2025-02-01 20:37:30
E002477,RIG_01,SEN_14,pressure,2843.13,psi,2025-02-01 20:38:00
E002478,RIG_09,SEN_16,vibration,4.9,mm/s,2025-02-01 20:38:30
E002479,RIG_04,SEN_10,pressure,2423.33,psi,2025-02-01 20:39:00
E002480,RIG_04,SEN_04,vibration,3.49,mm/s,2025-02-01 20:39:30
E002481,RIG_01,SEN_18,vibration,10.0,mm/s,2025-02-01 20:40:00
E002482,RIG_03,SEN_16,temperature,90.64,C,2025-02-01 20:40:30
E002483,RIG_04,SEN_01,vibration,3.54,mm/s,2025-02-01 20:41:00
E002484,RIG_07,SEN_12,temperature,87.92,C,2025-02-01 20:41:30
E002485,RIG_10,SEN_03,pressure,2539.96,psi,2025-02-01 20:42:00
E002486,RIG_08,SEN_09,flow,134.82,l/min,2025-02-01 20:42:30
E002487,RIG_09,SEN_20,flow,100.04,l/min,2025-02-01 20:43:00
E002488,RIG_04,SEN_16,vibration,2.93,mm/s,2025-02-01 20:43:30
E002489,RIG_04,SEN_06,vibration,2.84,mm/s,2025-02-01 20:44:00
E002490,RIG_03,SEN_08,pressure,2838.27,psi,2025-02-01 20:44:30
E002491,RIG_02,SEN_15,pressure,2463.92,psi,2025-02-01 20:45:00
E002492,RIG_09,SEN_11,vibration,2.15,mm/s,2025-02-01 20:45:30
E002493,RIG_03,SEN_20,vibration,4.24,mm/s,2025-02-01 20:46:00
E002494,RIG_07,SEN_04,vibration,2.92,mm/s,2025-02-01 20:46:30
E002495,RIG_01,SEN_12,vibration,5.72,mm/s,2025-02-01 20:47:00
E002496,RIG_05,SEN_18,pressure,3130.61,psi,2025-02-01 20:47:30
E002497,RIG_08,SEN_07,pressure,3016.05,psi,2025-02-01 20:48:00
E002498,RIG_09,SEN_02,flow,129.82,l/min,2025-02-01 20:48:30
E002499,RIG_07,SEN_10,temperature,93.08,C,2025-02-01 20:49:00
E002500,RIG_06,SEN_14,temperature,80.13,C,2025-02-01 20:49:30
E002501,RIG_03,SEN_08,flow,109.02,l/min,2025-02-01 20:50:00
E002502,RIG_05,SEN_06,temperature,80.64,C,2025-02-01 20:50:30
E002503,RIG_09,SEN_10,flow,109.13,l/min,2025-02-01 20:51:00
E002504,RIG_06,SEN_07,vibration,2.05,mm/s,2025-02-01 20:51:30
E002505,RIG_08,SEN_10,flow,123.19,l/min,2025-02-01 20:52:00
E002506,RIG_04,SEN_06,temperature,85.02,C,2025-02-01 20:52:30
E002507,RIG_09,SEN_10,vibration,2.04,mm/s,2025-02-01 20:53:00
E002508,RIG_03,SEN_18,vibration,4.95,mm/s,2025-02-01 20:53:30
E002509,RIG_10,SEN_10,pressure,2816.68,psi,2025-02-01 20:54:00
E002510,RIG_07,SEN_06,flow,101.92,l/min,2025-02-01 20:54:30
E002511,RIG_07,SEN_13,pressure,2793.48,psi,2025-02-01 20:55:00
E002512,RIG_08,SEN_20,pressure,2348.18,psi,2025-02-01 20:55:30
E002513,RIG_03,SEN_04,flow,111.62,l/min,2025-02-01 20:56:00
E002514,RIG_10,SEN_13,pressure,2270.43,psi,2025-02-01 20:56:30
E002515,RIG_08,SEN_03,temperature,89.0,C,2025-02-01 20:57:00
E002516,RIG_02,SEN_10,flow,257.26,l/min,2025-02-01 20:57:30
E002517,RIG_01,SEN_07,temperature,81.21,C,2025-02-01 20:58:00
E002518,RIG_03,SEN_11,temperature,84.54,C,2025-02-01 20:58:30
E002519,RIG_09,SEN_04,flow,126.75,l/min,2025-02-01 20:59:00
E002520,RIG_03,SEN_04,pressure,3056.95,psi,2025-02-01 20:59:30
E002521,RIG_04,SEN_18,pressure,2358.09,psi,2025-02-01 21:00:00
E002522,RIG_03,SEN_02,vibration,11.94,mm/s,2025-02-01 21:00:30
E002523,RIG_09,SEN_11,vibration,3.88,mm/s,2025-02-01 21:01:00
E002524,RIG_06,SEN_12,flow,100.46,l/min,2025-02-01 21:01:30
E002525,RIG_05,SEN_10,vibration,3.45,mm/s,2025-02-01 21:02:00
E002526,RIG_08,SEN_05,temperature,87.32,C,2025-02-01 21:02:30
E002527,RIG_04,SEN_04,flow,110.99,l/min,2025-02-01 21:03:00
E002528,RIG_01,SEN_07,vibration,5.34,mm/s,2025-02-01 21:03:30
E002529,RIG_10,SEN_07,temperature,91.75,C,2025-02-01 21:04:00
E002530,RIG_06,SEN_15,vibration,4.89,mm/s,2025-02-01 21:04:30
E002531,RIG_02,SEN_07,flow,188.43,l/min,2025-02-01 21:05:00
E002532,RIG_05,SEN_18,pressure,3147.06,psi,2025-02-01 21:05:30
E002533,RIG_09,SEN_15,flow,115.0,l/min,2025-02-01 21:06:00
E002534,RIG_03,SEN_09,pressure,2324.15,psi,2025-02-01 21:06:30
E002535,RIG_10,SEN_04,temperature,92.2,C,2025-02-01 21:07:00
E002536,RIG_02,SEN_14,vibration,5.84,mm/s,2025-02-01 21:07:30
E002537,RIG_05,SEN_05,temperature,90.08,C,2025-02-01 21:08:00
E002538,RIG_03,SEN_18,temperature,90.39,C,2025-02-01 21:08:30
E002539,RIG_09,SEN_08,temperature,79.85,C,2025-02-01 21:09:00
E002540,RIG_10,SEN_20,pressure,2893.5,psi,2025-02-01 21:09:30
E002541,RIG_10,SEN_13,temperature,94.89,C,2025-02-01 21:10:00
E002542,RIG_09,SEN_16,pressure,2714.24,psi,2025-02-01 21:10:30
E002543,RIG_10,SEN_04,vibration,4.87,mm/s,2025-02-01 21:11:00
E002544,RIG_02,SEN_17,vibration,2.5,mm/s,2025-02-01 21:11:30
E002545,RIG_02,SEN_20,flow,112.43,l/min,2025-02-01 21:12:00
E002546,RIG_08,SEN_13,temperature,81.11,C,2025-02-01 21:12:30
E002547,RIG_04,SEN_03,pressure,2400.22,psi,2025-02-01 21:13:00
E002548,RIG_07,SEN_18,temperature,80.97,C,2025-02-01 21:13:30
E002549,RIG_03,SEN_19,temperature,93.72,C,2025-02-01 21:14:00
E002550,RIG_08,SEN_05,vibration,2.17,mm/s,2025-02-01 21:14:30
E002551,RIG_05,SEN_14,flow,132.55,l/min,2025-02-01 21:15:00
E002552,RIG_07,SEN_01,pressure,3131.46,psi,2025-02-01 21:15:30
E002553,RIG_01,SEN_17,vibration,5.44,mm/s,2025-02-01 21:16:00
E002554,RIG_07,SEN_04,temperature,84.71,C,2025-02-01 21:16:30
E002555,RIG_04,SEN_06,pressure,3053.8,psi,2025-02-01 21:17:00
E002556,RIG_03,SEN_10,vibration,2.37,mm/s,2025-02-01 21:17:30
E002557,RIG_10,SEN_01,vibration,4.61,mm/s,2025-02-01 21:18:00
E002558,RIG_07,SEN_19,temperature,79.33,C,2025-02-01 21:18:30
E002559,RIG_06,SEN_04,temperature,81.93,C,2025-02-01 21:19:00
E002560,RIG_10,SEN_10,temperature,89.96,C,2025-02-01 21:19:30
E002561,RIG_03,SEN_01,pressure,2580.52,psi,2025-02-01 21:20:00
E002562,RIG_03,SEN_06,vibration,3.34,mm/s,2025-02-01 21:20:30
E002563,RIG_09,SEN_08,pressure,2954.0,psi,2025-02-01 21:21:00
E002564,RIG_08,SEN_20,pressure,2921.7,psi,2025-02-01 21:21:30
E002565,RIG_07,SEN_04,temperature,76.96,C,2025-02-01 21:22:00
E002566,RIG_04,SEN_11,pressure,2544.99,psi,2025-02-01 21:22:30
E002567,RIG_06,SEN_01,vibration,5.41,mm/s,2025-02-01 21:23:00
E002568,RIG_03,SEN_20,pressure,3022.52,psi,2025-02-01 21:23:30
E002569,RIG_02,SEN_04,pressure,2788.36,psi,2025-02-01 21:24:00
E002570,RIG_06,SEN_07,pressure,2349.65,psi,2025-02-01 21:24:30
E002571,RIG_09,SEN_20,temperature,80.54,C,2025-02-01 21:25:00
E002572,RIG_04,SEN_09,vibration,2.85,mm/s,2025-02-01 21:25:30
E002573,RIG_05,SEN_16,vibration,3.65,mm/s,2025-02-01 21:26:00
E002574,RIG_07,SEN_17,temperature,94.68,C,2025-02-01 21:26:30
E002575,RIG_03,SEN_20,vibration,3.48,mm/s,2025-02-01 21:27:00
E002576,RIG_04,SEN_14,pressure,2555.74,psi,2025-02-01 21:27:30
E002577,RIG_09,SEN_13,vibration,5.73,mm/s,2025-02-01 21:28:00
E002578,RIG_01,SEN_07,flow,129.09,l/min,2025-02-01 21:28:30
E002579,RIG_10,SEN_01,vibration,2.46,mm/s,2025-02-01 21:29:00
E002580,RIG_07,SEN_10,temperature,92.61,C,2025-02-01 21:29:30
E002581,RIG_08,SEN_15,pressure,2414.52,psi,2025-02-01 21:30:00
E002582,RIG_05,SEN_17,flow,135.96,l/min,2025-02-01 21:30:30
E002583,RIG_07,SEN_13,temperature,86.87,C,2025-02-01 21:31:00
E002584,RIG_05,SEN_10,temperature,89.38,C,2025-02-01 21:31:30
E002585,RIG_04,SEN_06,flow,139.89,l/min,2025-02-01 21:32:00
E002586,RIG_10,SEN_11,pressure,2919.99,psi,2025-02-01 21:32:30
E002587,RIG_04,SEN_08,vibration,2.38,mm/s,2025-02-01 21:33:00
E002588,RIG_06,SEN_01,flow,129.0,l/min,2025-02-01 21:33:30
E002589,RIG_08,SEN_09,temperature,83.15,C,2025-02-01 21:34:00
E002590,RIG_08,SEN_02,pressure,3230.02,psi,2025-02-01 21:34:30
E002591,RIG_09,SEN_06,vibration,4.32,mm/s,2025-02-01 21:35:00
E002592,RIG_04,SEN_15,vibration,4.87,mm/s,2025-02-01 21:35:30
E002593,RIG_05,SEN_13,temperature,90.74,C,2025-02-01 21:36:00
E002594,RIG_02,SEN_08,flow,140.1,l/min,2025-02-01 21:36:30
E002595,RIG_09,SEN_04,vibration,4.11,mm/s,2025-02-01 21:37:00
E002596,RIG_08,SEN_18,temperature,79.95,C,2025-02-01 21:37:30
E002597,RIG_10,SEN_16,flow,135.27,l/min,2025-02-01 21:38:00
E002598,RIG_01,SEN_18,vibration,3.98,mm/s,2025-02-01 21:38:30
E002599,RIG_03,SEN_01,temperature,82.36,C,2025-02-01 21:39:00
E002600,RIG_01,SEN_20,temperature,79.63,C,2025-02-01 21:39:30
E002601,RIG_10,SEN_02,vibration,4.94,mm/s,2025-02-01 21:40:00
E002602,RIG_04,SEN_09,vibration,4.46,mm/s,2025-02-01 21:40:30
E002603,RIG_05,SEN_18,flow,134.95,l/min,2025-02-01 21:41:00
E002604,RIG_06,SEN_07,temperature,92.1,C,2025-02-01 21:41:30
E002605,RIG_04,SEN_16,pressure,2552.7,psi,2025-02-01 21:42:00
E002606,RIG_07,SEN_05,pressure,2772.43,psi,2025-02-01 21:42:30
E002607,RIG_08,SEN_14,vibration,3.19,mm/s,2025-02-01 21:43:00
E002608,RIG_01,SEN_08,temperature,81.58,C,2025-02-01 21:43:30
E002609,RIG_09,SEN_13,pressure,2814.61,psi,2025-02-01 21:44:00
E002610,RIG_05,SEN_01,temperature,85.47,C,2025-02-01 21:44:30
E002611,RIG_02,SEN_18,vibration,3.6,mm/s,2025-02-01 21:45:00
E002612,RIG_02,SEN_13,flow,101.46,l/min,2025-02-01 21:45:30
E002613,RIG_07,SEN_09,flow,106.66,l/min,2025-02-01 21:46:00
E002614,RIG_01,SEN_12,temperature,168.2,C,2025-02-01 21:46:30
E002615,RIG_04,SEN_20,vibration,3.44,mm/s,2025-02-01 21:47:00
E002616,RIG_01,SEN_17,vibration,2.42,mm/s,2025-02-01 21:47:30
E002617,RIG_01,SEN_09,pressure,2433.28,psi,2025-02-01 21:48:00
E002618,RIG_08,SEN_15,pressure,3101.6,psi,2025-02-01 21:48:30
E002619,RIG_02,SEN_19,temperature,80.84,C,2025-02-01 21:49:00
E002620,RIG_03,SEN_06,temperature,78.09,C,2025-02-01 21:49:30
E002621,RIG_02,SEN_04,pressure,2944.36,psi,2025-02-01 21:50:00
E002622,RIG_05,SEN_11,vibration,2.97,mm/s,2025-02-01 21:50:30
E002623,RIG_01,SEN_17,pressure,2620.68,psi,2025-02-01 21:51:00
E002624,RIG_06,SEN_15,pressure,3119.59,psi,2025-02-01 21:51:30
E002625,RIG_08,SEN_15,temperature,89.82,C,2025-02-01 21:52:00
E002626,RIG_02,SEN_01,flow,115.43,l/min,2025-02-01 21:52:30
E002627,RIG_02,SEN_12,flow,118.64,l/min,2025-02-01 21:53:00
E002628,RIG_07,SEN_18,vibration,2.11,mm/s,2025-02-01 21:53:30
E002629,RIG_06,SEN_01,pressure,2844.18,psi,2025-02-01 21:54:00
E002630,RIG_01,SEN_02,temperature,84.77,C,2025-02-01 21:54:30
E002631,RIG_09,SEN_07,temperature,81.59,C,2025-02-01 21:55:00
E002632,RIG_06,SEN_09,flow,134.02,l/min,2025-02-01 21:55:30
E002633,RIG_04,SEN_01,flow,105.46,l/min,2025-02-01 21:56:00
E002634,RIG_03,SEN_09,flow,132.54,l/min,2025-02-01 21:56:30
E002635,RIG_01,SEN_03,vibration,4.23,mm/s,2025-02-01 21:57:00
E002636,RIG_08,SEN_15,temperature,94.38,C,2025-02-01 21:57:30
E002637,RIG_10,SEN_12,flow,110.41,l/min,2025-02-01 21:58:00
E002638,RIG_01,SEN_09,temperature,77.35,C,2025-02-01 21:58:30
E002639,RIG_06,SEN_17,pressure,2377.85,psi,2025-02-01 21:59:00
E002640,RIG_10,SEN_06,pressure,2287.83,psi,2025-02-01 21:59:30
E002641,RIG_02,SEN_17,temperature,86.13,C,2025-02-01 22:00:00
E002642,RIG_06,SEN_12,vibration,5.27,mm/s,2025-02-01 22:00:30
E002643,RIG_05,SEN_19,vibration,2.48,mm/s,2025-02-01 22:01:00
E002644,RIG_05,SEN_05,temperature,145.23,C,2025-02-01 22:01:30
E002645,RIG_02,SEN_09,flow,127.91,l/min,2025-02-01 22:02:00
E002646,RIG_06,SEN_19,vibration,3.21,mm/s,2025-02-01 22:02:30
E002647,RIG_10,SEN_19,flow,135.99,l/min,2025-02-01 22:03:00
E002648,RIG_01,SEN_03,flow,133.6,l/min,2025-02-01 22:03:30
E002649,RIG_02,SEN_20,temperature,86.68,C,2025-02-01 22:04:00
E002650,RIG_07,SEN_04,flow,117.84,l/min,2025-02-01 22:04:30
E002651,RIG_04,SEN_06,temperature,84.6,C,2025-02-01 22:05:00
E002652,RIG_10,SEN_03,flow,137.97,l/min,2025-02-01 22:05:30
E002653,RIG_08,SEN_12,temperature,80.46,C,2025-02-01 22:06:00
E002654,RIG_03,SEN_20,vibration,5.24,mm/s,2025-02-01 22:06:30
E002655,RIG_07,SEN_05,flow,114.38,l/min,2025-02-01 22:07:00
E002656,RIG_03,SEN_01,temperature,82.48,C,2025-02-01 22:07:30
E002657,RIG_08,SEN_13,temperature,76.59,C,2025-02-01 22:08:00
E002658,RIG_06,SEN_20,vibration,4.05,mm/s,2025-02-01 22:08:30
E002659,RIG_05,SEN_20,vibration,4.7,mm/s,2025-02-01 22:09:00
E002660,RIG_02,SEN_16,vibration,3.07,mm/s,2025-02-01 22:09:30
E002661,RIG_09,SEN_10,flow,116.46,l/min,2025-02-01 22:10:00
E002662,RIG_10,SEN_01,flow,116.35,l/min,2025-02-01 22:10:30
E002663,RIG_04,SEN_06,flow,132.16,l/min,2025-02-01 22:11:00
E002664,RIG_06,SEN_05,flow,112.79,l/min,2025-02-01 22:11:30
E002665,RIG_05,SEN_14,vibration,4.84,mm/s,2025-02-01 22:12:00
E002666,RIG_08,SEN_04,vibration,5.5,mm/s,2025-02-01 22:12:30
E002667,RIG_02,SEN_03,flow,221.55,l/min,2025-02-01 22:13:00
E002668,RIG_07,SEN_18,temperature,87.18,C,2025-02-01 22:13:30
E002669,RIG_07,SEN_04,temperature,77.74,C,2025-02-01 22:14:00
E002670,RIG_01,SEN_14,flow,128.65,l/min,2025-02-01 22:14:30
E002671,RIG_10,SEN_12,temperature,88.51,C,2025-02-01 22:15:00
E002672,RIG_09,SEN_13,flow,106.94,l/min,2025-02-01 22:15:30
E002673,RIG_07,SEN_19,vibration,3.24,mm/s,2025-02-01 22:16:00
E002674,RIG_03,SEN_08,pressure,2595.48,psi,2025-02-01 22:16:30
E002675,RIG_02,SEN_08,vibration,3.57,mm/s,2025-02-01 22:17:00
E002676,RIG_01,SEN_01,vibration,2.61,mm/s,2025-02-01 22:17:30
E002677,RIG_09,SEN_20,flow,114.23,l/min,2025-02-01 22:18:00
E002678,RIG_01,SEN_07,pressure,3036.44,psi,2025-02-01 22:18:30
E002679,RIG_09,SEN_04,temperature,88.16,C,2025-02-01 22:19:00
E002680,RIG_10,SEN_15,pressure,3158.17,psi,2025-02-01 22:19:30
E002681,RIG_02,SEN_01,flow,105.53,l/min,2025-02-01 22:20:00
E002682,RIG_09,SEN_11,pressure,2698.16,psi,2025-02-01 22:20:30
E002683,RIG_10,SEN_09,temperature,94.19,C,2025-02-01 22:21:00
E002684,RIG_02,SEN_06,temperature,86.76,C,2025-02-01 22:21:30
E002685,RIG_05,SEN_18,pressure,2896.73,psi,2025-02-01 22:22:00
E002686,RIG_08,SEN_03,pressure,2526.64,psi,2025-02-01 22:22:30
E002687,RIG_09,SEN_17,vibration,2.54,mm/s,2025-02-01 22:23:00
E002688,RIG_10,SEN_09,vibration,4.63,mm/s,2025-02-01 22:23:30
E002689,RIG_08,SEN_06,flow,120.75,l/min,2025-02-01 22:24:00
E002690,RIG_09,SEN_14,pressure,2859.62,psi,2025-02-01 22:24:30
E002691,RIG_03,SEN_12,pressure,2309.73,psi,2025-02-01 22:25:00
E002692,RIG_05,SEN_04,temperature,77.62,C,2025-02-01 22:25:30
E002693,RIG_05,SEN_15,vibration,6.01,mm/s,2025-02-01 22:26:00
E002694,RIG_01,SEN_13,flow,139.59,l/min,2025-02-01 22:26:30
E002695,RIG_05,SEN_14,temperature,81.87,C,2025-02-01 22:27:00
E002696,RIG_06,SEN_01,flow,124.51,l/min,2025-02-01 22:27:30
E002697,RIG_01,SEN_05,temperature,80.94,C,2025-02-01 22:28:00
E002698,RIG_04,SEN_05,pressure,2509.01,psi,2025-02-01 22:28:30
E002699,RIG_05,SEN_11,temperature,75.82,C,2025-02-01 22:29:00
E002700,RIG_05,SEN_17,flow,118.16,l/min,2025-02-01 22:29:30
E002701,RIG_08,SEN_03,vibration,3.63,mm/s,2025-02-01 22:30:00
E002702,RIG_07,SEN_14,vibration,2.44,mm/s,2025-02-01 22:30:30
E002703,RIG_04,SEN_03,vibration,10.7,mm/s,2025-02-01 22:31:00
E002704,RIG_07,SEN_08,temperature,84.64,C,2025-02-01 22:31:30
E002705,RIG_06,SEN_08,vibration,3.77,mm/s,2025-02-01 22:32:00
E002706,RIG_02,SEN_11,temperature,87.91,C,2025-02-01 22:32:30
E002707,RIG_01,SEN_13,pressure,3201.35,psi,2025-02-01 22:33:00
E002708,RIG_01,SEN_11,pressure,2382.19,psi,2025-02-01 22:33:30
E002709,RIG_04,SEN_06,vibration,2.14,mm/s,2025-02-01 22:34:00
E002710,RIG_03,SEN_13,vibration,4.51,mm/s,2025-02-01 22:34:30
E002711,RIG_05,SEN_13,vibration,2.28,mm/s,2025-02-01 22:35:00
E002712,RIG_09,SEN_14,vibration,5.48,mm/s,2025-02-01 22:35:30
E002713,RIG_01,SEN_14,temperature,94.51,C,2025-02-01 22:36:00
E002714,RIG_04,SEN_01,pressure,3115.2,psi,2025-02-01 22:36:30
E002715,RIG_08,SEN_09,flow,129.39,l/min,2025-02-01 22:37:00
E002716,RIG_05,SEN_06,pressure,2779.47,psi,2025-02-01 22:37:30
E002717,RIG_08,SEN_06,temperature,90.52,C,2025-02-01 22:38:00
E002718,RIG_01,SEN_13,pressure,2851.75,psi,2025-02-01 22:38:30
E002719,RIG_06,SEN_16,pressure,2579.58,psi,2025-02-01 22:39:00
E002720,RIG_01,SEN_19,temperature,90.59,C,2025-02-01 22:39:30
E002721,RIG_08,SEN_17,vibration,5.43,mm/s,2025-02-01 22:40:00
E002722,RIG_06,SEN_09,pressure,2326.43,psi,2025-02-01 22:40:30
E002723,RIG_05,SEN_13,flow,109.23,l/min,2025-02-01 22:41:00
E002724,RIG_10,SEN_13,temperature,84.61,C,2025-02-01 22:41:30
E002725,RIG_08,SEN_20,temperature,88.87,C,2025-02-01 22:42:00
E002726,RIG_06,SEN_18,pressure,2780.13,psi,2025-02-01 22:42:30
E002727,RIG_10,SEN_10,temperature,95.01,C,2025-02-01 22:43:00
E002728,RIG_06,SEN_02,temperature,187.36,C,2025-02-01 22:43:30
E002729,RIG_04,SEN_06,pressure,2982.18,psi,2025-02-01 22:44:00
E002730,RIG_05,SEN_09,vibration,3.98,mm/s,2025-02-01 22:44:30
E002731,RIG_07,SEN_12,pressure,3091.58,psi,2025-02-01 22:45:00
E002732,RIG_08,SEN_17,flow,122.84,l/min,2025-02-01 22:45:30
E002733,RIG_06,SEN_20,vibration,2.87,mm/s,2025-02-01 22:46:00
E002734,RIG_04,SEN_07,temperature,83.12,C,2025-02-01 22:46:30
E002735,RIG_09,SEN_06,pressure,3009.41,psi,2025-02-01 22:47:00
E002736,RIG_08,SEN_05,vibration,5.23,mm/s,2025-02-01 22:47:30
E002737,RIG_01,SEN_11,pressure,2727.43,psi,2025-02-01 22:48:00
E002738,RIG_04,SEN_15,pressure,3147.45,psi,2025-02-01 22:48:30
E002739,RIG_05,SEN_08,temperature,87.69,C,2025-02-01 22:49:00
E002740,RIG_06,SEN_01,vibration,4.88,mm/s,2025-02-01 22:49:30
E002741,RIG_07,SEN_04,vibration,4.92,mm/s,2025-02-01 22:50:00
E002742,RIG_06,SEN_09,pressure,2818.22,psi,2025-02-01 22:50:30
E002743,RIG_02,SEN_09,flow,128.19,l/min,2025-02-01 22:51:00
E002744,RIG_09,SEN_14,vibration,4.13,mm/s,2025-02-01 22:51:30
E002745,RIG_02,SEN_16,flow,102.25,l/min,2025-02-01 22:52:00
E002746,RIG_09,SEN_02,flow,133.92,l/min,2025-02-01 22:52:30
E002747,RIG_06,SEN_14,flow,123.15,l/min,2025-02-01 22:53:00
E002748,RIG_03,SEN_16,temperature,77.05,C,2025-02-01 22:53:30
E002749,RIG_04,SEN_04,pressure,2922.55,psi,2025-02-01 22:54:00
E002750,RIG_04,SEN_11,vibration,2.22,mm/s,2025-02-01 22:54:30
E002751,RIG_06,SEN_08,flow,137.77,l/min,2025-02-01 22:55:00
E002752,RIG_08,SEN_11,flow,127.04,l/min,2025-02-01 22:55:30
E002753,RIG_09,SEN_01,pressure,3127.7,psi,2025-02-01 22:56:00
E002754,RIG_06,SEN_06,pressure,2875.42,psi,2025-02-01 22:56:30
E002755,RIG_04,SEN_15,pressure,3247.47,psi,2025-02-01 22:57:00
E002756,RIG_01,SEN_09,pressure,3263.5,psi,2025-02-01 22:57:30
E002757,RIG_07,SEN_20,temperature,193.48,C,2025-02-01 22:58:00
E002758,RIG_08,SEN_20,pressure,2519.43,psi,2025-02-01 22:58:30
E002759,RIG_09,SEN_13,temperature,81.26,C,2025-02-01 22:59:00
E002760,RIG_02,SEN_07,pressure,3197.98,psi,2025-02-01 22:59:30
E002761,RIG_02,SEN_01,pressure,2459.88,psi,2025-02-01 23:00:00
E002762,RIG_09,SEN_18,flow,134.81,l/min,2025-02-01 23:00:30
E002763,RIG_06,SEN_09,pressure,3209.43,psi,2025-02-01 23:01:00
E002764,RIG_06,SEN_17,vibration,3.86,mm/s,2025-02-01 23:01:30
E002765,RIG_02,SEN_17,pressure,2678.97,psi,2025-02-01 23:02:00
E002766,RIG_01,SEN_12,temperature,79.31,C,2025-02-01 23:02:30
E002767,RIG_04,SEN_14,flow,135.87,l/min,2025-02-01 23:03:00
E002768,RIG_01,SEN_17,temperature,91.02,C,2025-02-01 23:03:30
E002769,RIG_08,SEN_15,vibration,5.37,mm/s,2025-02-01 23:04:00
E002770,RIG_05,SEN_14,pressure,2344.74,psi,2025-02-01 23:04:30
E002771,RIG_01,SEN_15,pressure,2450.02,psi,2025-02-01 23:05:00
E002772,RIG_07,SEN_08,flow,114.16,l/min,2025-02-01 23:05:30
E002773,RIG_09,SEN_06,pressure,3257.69,psi,2025-02-01 23:06:00
E002774,RIG_01,SEN_12,vibration,3.54,mm/s,2025-02-01 23:06:30
E002775,RIG_08,SEN_10,pressure,2293.73,psi,2025-02-01 23:07:00
E002776,RIG_04,SEN_13,flow,135.72,l/min,2025-02-01 23:07:30
E002777,RIG_07,SEN_18,vibration,2.91,mm/s,2025-02-01 23:08:00
E002778,RIG_06,SEN_18,vibration,2.22,mm/s,2025-02-01 23:08:30
E002779,RIG_05,SEN_01,flow,136.23,l/min,2025-02-01 23:09:00
E002780,RIG_08,SEN_18,vibration,4.05,mm/s,2025-02-01 23:09:30
E002781,RIG_04,SEN_07,temperature,82.9,C,2025-02-01 23:10:00
E002782,RIG_04,SEN_09,pressure,2826.43,psi,2025-02-01 23:10:30
E002783,RIG_07,SEN_04,pressure,2769.7,psi,2025-02-01 23:11:00
E002784,RIG_10,SEN_14,flow,126.42,l/min,2025-02-01 23:11:30
E002785,RIG_10,SEN_08,vibration,4.21,mm/s,2025-02-01 23:12:00
E002786,RIG_01,SEN_18,flow,132.84,l/min,2025-02-01 23:12:30
E002787,RIG_07,SEN_10,pressure,2631.38,psi,2025-02-01 23:13:00
E002788,RIG_01,SEN_05,vibration,4.87,mm/s,2025-02-01 23:13:30
E002789,RIG_06,SEN_11,temperature,87.1,C,2025-02-01 23:14:00
E002790,RIG_02,SEN_17,flow,131.48,l/min,2025-02-01 23:14:30
E002791,RIG_09,SEN_04,pressure,2398.74,psi,2025-02-01 23:15:00
E002792,RIG_07,SEN_12,temperature,91.63,C,2025-02-01 23:15:30
E002793,RIG_04,SEN_20,vibration,3.45,mm/s,2025-02-01 23:16:00
E002794,RIG_01,SEN_14,temperature,87.27,C,2025-02-01 23:16:30
E002795,RIG_02,SEN_13,temperature,208.04,C,2025-02-01 23:17:00
E002796,RIG_05,SEN_01,flow,105.6,l/min,2025-02-01 23:17:30
E002797,RIG_06,SEN_03,temperature,81.12,C,2025-02-01 23:18:00
E002798,RIG_06,SEN_12,flow,123.03,l/min,2025-02-01 23:18:30
E002799,RIG_10,SEN_05,pressure,3008.38,psi,2025-02-01 23:19:00
E002800,RIG_08,SEN_04,temperature,85.76,C,2025-02-01 23:19:30
E002801,RIG_01,SEN_20,pressure,3032.13,psi,2025-02-01 23:20:00
E002802,RIG_10,SEN_17,pressure,2441.48,psi,2025-02-01 23:20:30
E002803,RIG_02,SEN_06,pressure,3275.56,psi,2025-02-01 23:21:00
E002804,RIG_07,SEN_15,temperature,91.76,C,2025-02-01 23:21:30
E002805,RIG_04,SEN_15,vibration,8.88,mm/s,2025-02-01 23:22:00
E002806,RIG_08,SEN_13,vibration,2.15,mm/s,2025-02-01 23:22:30
E002807,RIG_07,SEN_14,flow,117.79,l/min,2025-02-01 23:23:00
E002808,RIG_03,SEN_16,pressure,3223.68,psi,2025-02-01 23:23:30
E002809,RIG_07,SEN_03,pressure,2964.77,psi,2025-02-01 23:24:00
E002810,RIG_05,SEN_15,pressure,2621.5,psi,2025-02-01 23:24:30
E002811,RIG_07,SEN_15,temperature,84.26,C,2025-02-01 23:25:00
E002812,RIG_05,SEN_16,flow,135.54,l/min,2025-02-01 23:25:30
E002813,RIG_06,SEN_18,vibration,4.0,mm/s,2025-02-01 23:26:00
E002814,RIG_01,SEN_17,pressure,2723.42,psi,2025-02-01 23:26:30
E002815,RIG_06,SEN_03,temperature,86.72,C,2025-02-01 23:27:00
E002816,RIG_05,SEN_11,vibration,2.75,mm/s,2025-02-01 23:27:30
E002817,RIG_07,SEN_18,vibration,4.47,mm/s,2025-02-01 23:28:00
E002818,RIG_02,SEN_20,pressure,2567.86,psi,2025-02-01 23:28:30
E002819,RIG_06,SEN_13,temperature,82.95,C,2025-02-01 23:29:00
E002820,RIG_07,SEN_20,flow,102.81,l/min,2025-02-01 23:29:30
E002821,RIG_05,SEN_14,temperature,83.44,C,2025-02-01 23:30:00
E002822,RIG_08,SEN_10,vibration,3.44,mm/s,2025-02-01 23:30:30
E002823,RIG_07,SEN_03,vibration,5.88,mm/s,2025-02-01 23:31:00
E002824,RIG_08,SEN_08,pressure,2335.63,psi,2025-02-01 23:31:30
E002825,RIG_02,SEN_06,flow,117.6,l/min,2025-02-01 23:32:00
E002826,RIG_05,SEN_11,temperature,84.01,C,2025-02-01 23:32:30
E002827,RIG_08,SEN_08,pressure,2643.9,psi,2025-02-01 23:33:00
E002828,RIG_03,SEN_17,temperature,82.25,C,2025-02-01 23:33:30
E002829,RIG_07,SEN_04,flow,136.52,l/min,2025-02-01 23:34:00
E002830,RIG_04,SEN_08,flow,107.21,l/min,2025-02-01 23:34:30
E002831,RIG_02,SEN_05,temperature,93.97,C,2025-02-01 23:35:00
E002832,RIG_07,SEN_04,vibration,3.35,mm/s,2025-02-01 23:35:30
E002833,RIG_01,SEN_01,pressure,2895.85,psi,2025-02-01 23:36:00
E002834,RIG_01,SEN_17,vibration,3.1,mm/s,2025-02-01 23:36:30
E002835,RIG_10,SEN_02,vibration,2.45,mm/s,2025-02-01 23:37:00
E002836,RIG_10,SEN_11,flow,129.78,l/min,2025-02-01 23:37:30
E002837,RIG_01,SEN_09,temperature,79.59,C,2025-02-01 23:38:00
E002838,RIG_04,SEN_10,temperature,92.16,C,2025-02-01 23:38:30
E002839,RIG_07,SEN_16,temperature,90.84,C,2025-02-01 23:39:00
E002840,RIG_05,SEN_19,vibration,5.26,mm/s,2025-02-01 23:39:30
E002841,RIG_10,SEN_04,temperature,88.08,C,2025-02-01 23:40:00
E002842,RIG_08,SEN_09,temperature,79.22,C,2025-02-01 23:40:30
E002843,RIG_03,SEN_09,temperature,95.37,C,2025-02-01 23:41:00
E002844,RIG_07,SEN_03,flow,127.3,l/min,2025-02-01 23:41:30
E002845,RIG_09,SEN_15,pressure,2627.49,psi,2025-02-01 23:42:00
E002846,RIG_08,SEN_14,flow,135.53,l/min,2025-02-01 23:42:30
E002847,RIG_08,SEN_03,temperature,79.43,C,2025-02-01 23:43:00
E002848,RIG_10,SEN_07,pressure,2696.17,psi,2025-02-01 23:43:30
E002849,RIG_02,SEN_11,vibration,2.31,mm/s,2025-02-01 23:44:00
E002850,RIG_02,SEN_15,temperature,76.2,C,2025-02-01 23:44:30
E002851,RIG_10,SEN_12,flow,109.03,l/min,2025-02-01 23:45:00
E002852,RIG_05,SEN_10,flow,112.41,l/min,2025-02-01 23:45:30
E002853,RIG_07,SEN_04,flow,115.71,l/min,2025-02-01 23:46:00
E002854,RIG_09,SEN_08,vibration,4.89,mm/s,2025-02-01 23:46:30
E002855,RIG_05,SEN_17,flow,106.35,l/min,2025-02-01 23:47:00
E002856,RIG_01,SEN_04,temperature,80.4,C,2025-02-01 23:47:30
E002857,RIG_03,SEN_16,temperature,92.56,C,2025-02-01 23:48:00
E002858,RIG_06,SEN_19,flow,124.03,l/min,2025-02-01 23:48:30
E002859,RIG_08,SEN_05,pressure,2993.39,psi,2025-02-01 23:49:00
E002860,RIG_08,SEN_09,flow,102.65,l/min,2025-02-01 23:49:30
E002861,RIG_08,SEN_02,pressure,2476.95,psi,2025-02-01 23:50:00
E002862,RIG_09,SEN_08,pressure,2294.01,psi,2025-02-01 23:50:30
E002863,RIG_06,SEN_07,vibration,3.94,mm/s,2025-02-01 23:51:00
E002864,RIG_04,SEN_18,pressure,2631.12,psi,2025-02-01 23:51:30
E002865,RIG_03,SEN_04,pressure,3189.09,psi,2025-02-01 23:52:00
E002866,RIG_07,SEN_06,vibration,3.27,mm/s,2025-02-01 23:52:30
E002867,RIG_01,SEN_16,pressure,2774.45,psi,2025-02-01 23:53:00
E002868,RIG_06,SEN_10,pressure,2405.6,psi,2025-02-01 23:53:30
E002869,RIG_04,SEN_19,flow,127.7,l/min,2025-02-01 23:54:00
E002870,RIG_03,SEN_19,temperature,86.31,C,2025-02-01 23:54:30
E002871,RIG_06,SEN_18,flow,113.29,l/min,2025-02-01 23:55:00
E002872,RIG_02,SEN_20,flow,117.39,l/min,2025-02-01 23:55:30
E002873,RIG_01,SEN_15,vibration,6.14,mm/s,2025-02-01 23:56:00
E002874,RIG_06,SEN_07,vibration,15.02,mm/s,2025-02-01 23:56:30
E002875,RIG_03,SEN_13,pressure,2484.3,psi,2025-02-01 23:57:00
E002876,RIG_02,SEN_04,pressure,3143.53,psi,2025-02-01 23:57:30
E002877,RIG_07,SEN_10,temperature,86.83,C,2025-02-01 23:58:00
E002878,RIG_10,SEN_06,flow,112.45,l/min,2025-02-01 23:58:30
E002879,RIG_08,SEN_19,pressure,3155.68,psi,2025-02-01 23:59:00
E002880,RIG_10,SEN_01,vibration,5.02,mm/s,2025-02-01 23:59:30
E002881,RIG_01,SEN_07,vibration,3.89,mm/s,2025-02-02 00:00:00
E002882,RIG_01,SEN_02,temperature,91.13,C,2025-02-02 00:00:30
E002883,RIG_09,SEN_12,vibration,5.44,mm/s,2025-02-02 00:01:00
E002884,RIG_05,SEN_03,temperature,89.8,C,2025-02-02 00:01:30
E002885,RIG_01,SEN_07,pressure,2462.58,psi,2025-02-02 00:02:00
E002886,RIG_07,SEN_03,pressure,2807.51,psi,2025-02-02 00:02:30
E002887,RIG_06,SEN_12,pressure,2442.68,psi,2025-02-02 00:03:00
E002888,RIG_05,SEN_05,vibration,5.13,mm/s,2025-02-02 00:03:30
E002889,RIG_04,SEN_02,pressure,3262.04,psi,2025-02-02 00:04:00
E002890,RIG_02,SEN_01,temperature,76.79,C,2025-02-02 00:04:30
E002891,RIG_07,SEN_05,flow,118.65,l/min,2025-02-02 00:05:00
E002892,RIG_09,SEN_15,vibration,5.49,mm/s,2025-02-02 00:05:30
E002893,RIG_09,SEN_14,temperature,76.92,C,2025-02-02 00:06:00
E002894,RIG_04,SEN_07,temperature,144.17,C,2025-02-02 00:06:30
E002895,RIG_07,SEN_06,vibration,2.81,mm/s,2025-02-02 00:07:00
E002896,RIG_04,SEN_07,pressure,5139.04,psi,2025-02-02 00:07:30
E002897,RIG_06,SEN_06,temperature,93.91,C,2025-02-02 00:08:00
E002898,RIG_08,SEN_11,flow,123.43,l/min,2025-02-02 00:08:30
E002899,RIG_06,SEN_04,flow,128.97,l/min,2025-02-02 00:09:00
E002900,RIG_03,SEN_13,vibration,3.8,mm/s,2025-02-02 00:09:30
E002901,RIG_05,SEN_06,flow,126.68,l/min,2025-02-02 00:10:00
E002902,RIG_10,SEN_06,temperature,89.69,C,2025-02-02 00:10:30
E002903,RIG_02,SEN_06,flow,111.63,l/min,2025-02-02 00:11:00
E002904,RIG_01,SEN_16,pressure,3066.38,psi,2025-02-02 00:11:30
E002905,RIG_03,SEN_08,vibration,5.63,mm/s,2025-02-02 00:12:00
E002906,RIG_05,SEN_20,flow,134.22,l/min,2025-02-02 00:12:30
E002907,RIG_07,SEN_14,flow,131.24,l/min,2025-02-02 00:13:00
E002908,RIG_03,SEN_12,flow,132.43,l/min,2025-02-02 00:13:30
E002909,RIG_10,SEN_02,temperature,87.44,C,2025-02-02 00:14:00
E002910,RIG_01,SEN_18,vibration,4.67,mm/s,2025-02-02 00:14:30
E002911,RIG_08,SEN_08,flow,122.39,l/min,2025-02-02 00:15:00
E002912,RIG_01,SEN_02,vibration,7.48,mm/s,2025-02-02 00:15:30
E002913,RIG_09,SEN_08,vibration,5.1,mm/s,2025-02-02 00:16:00
E002914,RIG_01,SEN_16,temperature,85.82,C,2025-02-02 00:16:30
E002915,RIG_09,SEN_05,temperature,77.59,C,2025-02-02 00:17:00
E002916,RIG_09,SEN_06,flow,122.25,l/min,2025-02-02 00:17:30
E002917,RIG_02,SEN_15,pressure,2623.54,psi,2025-02-02 00:18:00
E002918,RIG_10,SEN_14,temperature,81.1,C,2025-02-02 00:18:30
E002919,RIG_10,SEN_17,flow,122.99,l/min,2025-02-02 00:19:00
E002920,RIG_02,SEN_12,flow,116.66,l/min,2025-02-02 00:19:30
E002921,RIG_06,SEN_07,pressure,2600.09,psi,2025-02-02 00:20:00
E002922,RIG_02,SEN_15,pressure,2801.6,psi,2025-02-02 00:20:30
E002923,RIG_10,SEN_14,flow,112.25,l/min,2025-02-02 00:21:00
E002924,RIG_02,SEN_18,temperature,84.86,C,2025-02-02 00:21:30
E002925,RIG_03,SEN_11,vibration,5.32,mm/s,2025-02-02 00:22:00
E002926,RIG_01,SEN_09,flow,124.38,l/min,2025-02-02 00:22:30
E002927,RIG_03,SEN_05,pressure,2779.97,psi,2025-02-02 00:23:00
E002928,RIG_03,SEN_19,vibration,6.15,mm/s,2025-02-02 00:23:30
E002929,RIG_09,SEN_06,vibration,3.86,mm/s,2025-02-02 00:24:00
E002930,RIG_06,SEN_12,pressure,2667.89,psi,2025-02-02 00:24:30
E002931,RIG_06,SEN_15,temperature,91.82,C,2025-02-02 00:25:00
E002932,RIG_04,SEN_01,temperature,81.39,C,2025-02-02 00:25:30
E002933,RIG_02,SEN_16,temperature,191.07,C,2025-02-02 00:26:00
E002934,RIG_08,SEN_18,vibration,3.16,mm/s,2025-02-02 00:26:30
E002935,RIG_06,SEN_13,pressure,2819.34,psi,2025-02-02 00:27:00
E002936,RIG_07,SEN_18,flow,123.26,l/min,2025-02-02 00:27:30
E002937,RIG_04,SEN_13,vibration,3.86,mm/s,2025-02-02 00:28:00
E002938,RIG_07,SEN_11,temperature,92.54,C,2025-02-02 00:28:30
E002939,RIG_07,SEN_15,temperature,86.24,C,2025-02-02 00:29:00
E002940,RIG_08,SEN_12,pressure,2788.92,psi,2025-02-02 00:29:30
E002941,RIG_03,SEN_13,pressure,3072.88,psi,2025-02-02 00:30:00
E002942,RIG_09,SEN_03,flow,129.78,l/min,2025-02-02 00:30:30
E002943,RIG_01,SEN_12,pressure,3013.95,psi,2025-02-02 00:31:00
E002944,RIG_02,SEN_17,vibration,3.96,mm/s,2025-02-02 00:31:30
E002945,RIG_02,SEN_14,pressure,2794.96,psi,2025-02-02 00:32:00
E002946,RIG_07,SEN_20,vibration,5.18,mm/s,2025-02-02 00:32:30
E002947,RIG_08,SEN_01,pressure,5575.83,psi,2025-02-02 00:33:00
E002948,RIG_01,SEN_13,temperature,91.7,C,2025-02-02 00:33:30
E002949,RIG_02,SEN_20,temperature,88.21,C,2025-02-02 00:34:00
E002950,RIG_02,SEN_19,pressure,3268.85,psi,2025-02-02 00:34:30
E002951,RIG_03,SEN_08,pressure,2323.48,psi,2025-02-02 00:35:00
E002952,RIG_01,SEN_09,vibration,3.81,mm/s,2025-02-02 00:35:30
E002953,RIG_06,SEN_14,flow,139.84,l/min,2025-02-02 00:36:00
E002954,RIG_06,SEN_06,temperature,93.17,C,2025-02-02 00:36:30
E002955,RIG_06,SEN_06,pressure,2999.84,psi,2025-02-02 00:37:00
E002956,RIG_03,SEN_05,vibration,5.62,mm/s,2025-02-02 00:37:30
E002957,RIG_07,SEN_11,pressure,3261.91,psi,2025-02-02 00:38:00
E002958,RIG_09,SEN_10,vibration,5.59,mm/s,2025-02-02 00:38:30
E002959,RIG_09,SEN_17,flow,128.18,l/min,2025-02-02 00:39:00
E002960,RIG_10,SEN_16,temperature,90.04,C,2025-02-02 00:39:30
E002961,RIG_03,SEN_19,vibration,3.18,mm/s,2025-02-02 00:40:00
E002962,RIG_06,SEN_11,flow,112.44,l/min,2025-02-02 00:40:30
E002963,RIG_04,SEN_07,temperature,92.17,C,2025-02-02 00:41:00
E002964,RIG_10,SEN_03,flow,131.15,l/min,2025-02-02 00:41:30
E002965,RIG_05,SEN_04,temperature,77.39,C,2025-02-02 00:42:00
E002966,RIG_02,SEN_06,temperature,94.72,C,2025-02-02 00:42:30
E002967,RIG_08,SEN_11,pressure,2730.71,psi,2025-02-02 00:43:00
E002968,RIG_09,SEN_16,pressure,2373.96,psi,2025-02-02 00:43:30
E002969,RIG_03,SEN_03,temperature,78.06,C,2025-02-02 00:44:00
E002970,RIG_07,SEN_11,pressure,3082.55,psi,2025-02-02 00:44:30
E002971,RIG_08,SEN_10,pressure,2350.19,psi,2025-02-02 00:45:00
E002972,RIG_08,SEN_06,vibration,6.01,mm/s,2025-02-02 00:45:30
E002973,RIG_03,SEN_10,pressure,3149.69,psi,2025-02-02 00:46:00
E002974,RIG_05,SEN_10,flow,120.33,l/min,2025-02-02 00:46:30
E002975,RIG_02,SEN_07,pressure,2545.07,psi,2025-02-02 00:47:00
E002976,RIG_09,SEN_11,vibration,3.78,mm/s,2025-02-02 00:47:30
E002977,RIG_05,SEN_07,flow,111.47,l/min,2025-02-02 00:48:00
E002978,RIG_08,SEN_17,flow,122.8,l/min,2025-02-02 00:48:30
E002979,RIG_01,SEN_10,pressure,2845.2,psi,2025-02-02 00:49:00
E002980,RIG_03,SEN_11,temperature,94.63,C,2025-02-02 00:49:30
E002981,RIG_10,SEN_07,pressure,4634.59,psi,2025-02-02 00:50:00
E002982,RIG_01,SEN_14,vibration,4.07,mm/s,2025-02-02 00:50:30
E002983,RIG_06,SEN_09,vibration,5.58,mm/s,2025-02-02 00:51:00
E002984,RIG_01,SEN_05,vibration,3.74,mm/s,2025-02-02 00:51:30
E002985,RIG_06,SEN_17,vibration,2.72,mm/s,2025-02-02 00:52:00
E002986,RIG_08,SEN_17,pressure,3186.75,psi,2025-02-02 00:52:30
E002987,RIG_10,SEN_15,flow,127.08,l/min,2025-02-02 00:53:00
E002988,RIG_07,SEN_12,vibration,3.84,mm/s,2025-02-02 00:53:30
E002989,RIG_01,SEN_18,flow,105.96,l/min,2025-02-02 00:54:00
E002990,RIG_08,SEN_19,flow,108.93,l/min,2025-02-02 00:54:30
E002991,RIG_09,SEN_14,vibration,3.47,mm/s,2025-02-02 00:55:00
E002992,RIG_02,SEN_05,flow,129.4,l/min,2025-02-02 00:55:30
E002993,RIG_06,SEN_03,flow,123.19,l/min,2025-02-02 00:56:00
E002994,RIG_01,SEN_10,pressure,5158.59,psi,2025-02-02 00:56:30
E002995,RIG_03,SEN_10,temperature,93.13,C,2025-02-02 00:57:00
E002996,RIG_10,SEN_06,pressure,2970.41,psi,2025-02-02 00:57:30
E002997,RIG_01,SEN_05,vibration,5.62,mm/s,2025-02-02 00:58:00
E002998,RIG_10,SEN_07,temperature,87.37,C,2025-02-02 00:58:30
E002999,RIG_07,SEN_20,flow,137.69,l/min,2025-02-02 00:59:00
E003000,RIG_06,SEN_18,temperature,81.54,C,2025-02-02 00:59:30
E003001,RIG_04,SEN_04,pressure,3082.78,psi,2025-02-02 01:00:00
E003002,RIG_04,SEN_04,temperature,83.78,C,2025-02-02 01:00:30
E003003,RIG_04,SEN_15,temperature,77.08,C,2025-02-02 01:01:00
E003004,RIG_06,SEN_15,temperature,201.18,C,2025-02-02 01:01:30
E003005,RIG_05,SEN_07,pressure,2313.92,psi,2025-02-02 01:02:00
E003006,RIG_01,SEN_03,vibration,2.76,mm/s,2025-02-02 01:02:30
E003007,RIG_02,SEN_17,vibration,2.29,mm/s,2025-02-02 01:03:00
E003008,RIG_06,SEN_08,pressure,2717.12,psi,2025-02-02 01:03:30
E003009,RIG_05,SEN_10,flow,120.79,l/min,2025-02-02 01:04:00
E003010,RIG_10,SEN_12,flow,108.69,l/min,2025-02-02 01:04:30
E003011,RIG_09,SEN_15,flow,117.01,l/min,2025-02-02 01:05:00
E003012,RIG_03,SEN_04,vibration,4.14,mm/s,2025-02-02 01:05:30
E003013,RIG_06,SEN_11,pressure,2964.45,psi,2025-02-02 01:06:00
E003014,RIG_07,SEN_04,pressure,2903.55,psi,2025-02-02 01:06:30
E003015,RIG_09,SEN_04,flow,130.91,l/min,2025-02-02 01:07:00
E003016,RIG_04,SEN_17,flow,133.59,l/min,2025-02-02 01:07:30
E003017,RIG_03,SEN_08,temperature,159.32,C,2025-02-02 01:08:00
E003018,RIG_02,SEN_05,vibration,4.9,mm/s,2025-02-02 01:08:30
E003019,RIG_10,SEN_06,temperature,87.58,C,2025-02-02 01:09:00
E003020,RIG_10,SEN_06,vibration,6.1,mm/s,2025-02-02 01:09:30
E003021,RIG_09,SEN_19,vibration,2.62,mm/s,2025-02-02 01:10:00
E003022,RIG_02,SEN_14,temperature,87.97,C,2025-02-02 01:10:30
E003023,RIG_09,SEN_17,flow,135.48,l/min,2025-02-02 01:11:00
E003024,RIG_06,SEN_06,temperature,78.22,C,2025-02-02 01:11:30
E003025,RIG_04,SEN_18,temperature,78.76,C,2025-02-02 01:12:00
E003026,RIG_05,SEN_09,vibration,4.9,mm/s,2025-02-02 01:12:30
E003027,RIG_10,SEN_13,temperature,87.99,C,2025-02-02 01:13:00
E003028,RIG_01,SEN_09,flow,112.35,l/min,2025-02-02 01:13:30
E003029,RIG_06,SEN_12,pressure,2529.36,psi,2025-02-02 01:14:00
E003030,RIG_10,SEN_17,flow,115.99,l/min,2025-02-02 01:14:30
E003031,RIG_07,SEN_19,pressure,2662.15,psi,2025-02-02 01:15:00
E003032,RIG_09,SEN_06,temperature,93.65,C,2025-02-02 01:15:30
E003033,RIG_09,SEN_11,pressure,2988.62,psi,2025-02-02 01:16:00
E003034,RIG_06,SEN_15,vibration,3.39,mm/s,2025-02-02 01:16:30
E003035,RIG_09,SEN_02,vibration,5.4,mm/s,2025-02-02 01:17:00
E003036,RIG_09,SEN_17,pressure,2958.45,psi,2025-02-02 01:17:30
E003037,RIG_08,SEN_10,pressure,2718.73,psi,2025-02-02 01:18:00
E003038,RIG_10,SEN_20,pressure,2971.95,psi,2025-02-02 01:18:30
E003039,RIG_06,SEN_16,vibration,5.97,mm/s,2025-02-02 01:19:00
E003040,RIG_03,SEN_02,pressure,2910.77,psi,2025-02-02 01:19:30
E003041,RIG_01,SEN_09,temperature,82.35,C,2025-02-02 01:20:00
E003042,RIG_05,SEN_07,vibration,3.6,mm/s,2025-02-02 01:20:30
E003043,RIG_03,SEN_18,flow,116.09,l/min,2025-02-02 01:21:00
E003044,RIG_06,SEN_14,flow,133.06,l/min,2025-02-02 01:21:30
E003045,RIG_07,SEN_05,temperature,81.38,C,2025-02-02 01:22:00
E003046,RIG_04,SEN_20,flow,118.51,l/min,2025-02-02 01:22:30
E003047,RIG_01,SEN_02,flow,125.9,l/min,2025-02-02 01:23:00
E003048,RIG_02,SEN_07,pressure,2528.89,psi,2025-02-02 01:23:30
E003049,RIG_08,SEN_11,temperature,79.52,C,2025-02-02 01:24:00
E003050,RIG_02,SEN_12,pressure,3178.35,psi,2025-02-02 01:24:30
E003051,RIG_05,SEN_07,pressure,2691.42,psi,2025-02-02 01:25:00
E003052,RIG_05,SEN_03,pressure,2348.95,psi,2025-02-02 01:25:30
E003053,RIG_05,SEN_08,temperature,93.89,C,2025-02-02 01:26:00
E003054,RIG_09,SEN_19,flow,139.62,l/min,2025-02-02 01:26:30
E003055,RIG_02,SEN_01,vibration,6.21,mm/s,2025-02-02 01:27:00
E003056,RIG_09,SEN_01,flow,272.84,l/min,2025-02-02 01:27:30
E003057,RIG_01,SEN_11,pressure,3244.26,psi,2025-02-02 01:28:00
E003058,RIG_09,SEN_10,pressure,2928.33,psi,2025-02-02 01:28:30
E003059,RIG_06,SEN_09,pressure,3803.84,psi,2025-02-02 01:29:00
E003060,RIG_06,SEN_07,temperature,76.42,C,2025-02-02 01:29:30
E003061,RIG_02,SEN_19,flow,137.64,l/min,2025-02-02 01:30:00
E003062,RIG_07,SEN_13,flow,138.05,l/min,2025-02-02 01:30:30
E003063,RIG_09,SEN_10,flow,108.23,l/min,2025-02-02 01:31:00
E003064,RIG_05,SEN_12,vibration,5.96,mm/s,2025-02-02 01:31:30
E003065,RIG_03,SEN_17,vibration,4.12,mm/s,2025-02-02 01:32:00
E003066,RIG_06,SEN_06,vibration,4.96,mm/s,2025-02-02 01:32:30
E003067,RIG_07,SEN_03,vibration,3.22,mm/s,2025-02-02 01:33:00
E003068,RIG_03,SEN_13,flow,109.27,l/min,2025-02-02 01:33:30
E003069,RIG_06,SEN_07,flow,123.86,l/min,2025-02-02 01:34:00
E003070,RIG_05,SEN_19,pressure,3176.19,psi,2025-02-02 01:34:30
E003071,RIG_06,SEN_04,flow,138.05,l/min,2025-02-02 01:35:00
E003072,RIG_06,SEN_09,flow,141.97,l/min,2025-02-02 01:35:30
E003073,RIG_02,SEN_16,vibration,5.97,mm/s,2025-02-02 01:36:00
E003074,RIG_05,SEN_06,vibration,7.24,mm/s,2025-02-02 01:36:30
E003075,RIG_04,SEN_16,pressure,2643.31,psi,2025-02-02 01:37:00
E003076,RIG_04,SEN_08,temperature,94.17,C,2025-02-02 01:37:30
E003077,RIG_10,SEN_14,flow,123.18,l/min,2025-02-02 01:38:00
E003078,RIG_05,SEN_20,pressure,3955.15,psi,2025-02-02 01:38:30
E003079,RIG_10,SEN_02,vibration,5.21,mm/s,2025-02-02 01:39:00
E003080,RIG_06,SEN_09,pressure,2730.95,psi,2025-02-02 01:39:30
E003081,RIG_07,SEN_17,flow,138.81,l/min,2025-02-02 01:40:00
E003082,RIG_07,SEN_03,pressure,3099.47,psi,2025-02-02 01:40:30
E003083,RIG_03,SEN_13,flow,123.45,l/min,2025-02-02 01:41:00
E003084,RIG_02,SEN_12,pressure,2890.33,psi,2025-02-02 01:41:30
E003085,RIG_07,SEN_02,temperature,90.37,C,2025-02-02 01:42:00
E003086,RIG_02,SEN_17,flow,136.4,l/min,2025-02-02 01:42:30
E003087,RIG_08,SEN_13,flow,105.01,l/min,2025-02-02 01:43:00
E003088,RIG_03,SEN_16,vibration,4.11,mm/s,2025-02-02 01:43:30
E003089,RIG_06,SEN_03,flow,127.19,l/min,2025-02-02 01:44:00
E003090,RIG_08,SEN_12,vibration,2.61,mm/s,2025-02-02 01:44:30
E003091,RIG_04,SEN_16,pressure,2929.79,psi,2025-02-02 01:45:00
E003092,RIG_04,SEN_18,vibration,9.82,mm/s,2025-02-02 01:45:30
E003093,RIG_03,SEN_10,vibration,2.97,mm/s,2025-02-02 01:46:00
E003094,RIG_08,SEN_16,temperature,91.58,C,2025-02-02 01:46:30
E003095,RIG_02,SEN_14,vibration,4.15,mm/s,2025-02-02 01:47:00
E003096,RIG_08,SEN_18,flow,121.8,l/min,2025-02-02 01:47:30
E003097,RIG_04,SEN_08,pressure,2450.12,psi,2025-02-02 01:48:00
E003098,RIG_01,SEN_05,pressure,5878.3,psi,2025-02-02 01:48:30
E003099,RIG_01,SEN_12,flow,113.61,l/min,2025-02-02 01:49:00
E003100,RIG_03,SEN_12,temperature,83.91,C,2025-02-02 01:49:30
E003101,RIG_01,SEN_09,temperature,86.67,C,2025-02-02 01:50:00
E003102,RIG_10,SEN_12,pressure,3298.13,psi,2025-02-02 01:50:30
E003103,RIG_05,SEN_04,vibration,4.51,mm/s,2025-02-02 01:51:00
E003104,RIG_06,SEN_18,pressure,3299.73,psi,2025-02-02 01:51:30
E003105,RIG_02,SEN_10,vibration,2.33,mm/s,2025-02-02 01:52:00
E003106,RIG_01,SEN_18,temperature,213.24,C,2025-02-02 01:52:30
E003107,RIG_02,SEN_01,vibration,3.58,mm/s,2025-02-02 01:53:00
E003108,RIG_03,SEN_17,flow,137.87,l/min,2025-02-02 01:53:30
E003109,RIG_05,SEN_05,flow,134.64,l/min,2025-02-02 01:54:00
E003110,RIG_03,SEN_02,pressure,2317.24,psi,2025-02-02 01:54:30
E003111,RIG_03,SEN_04,pressure,2368.37,psi,2025-02-02 01:55:00
E003112,RIG_05,SEN_16,pressure,3030.89,psi,2025-02-02 01:55:30
E003113,RIG_09,SEN_09,flow,102.99,l/min,2025-02-02 01:56:00
E003114,RIG_10,SEN_17,flow,131.01,l/min,2025-02-02 01:56:30
E003115,RIG_03,SEN_16,vibration,3.84,mm/s,2025-02-02 01:57:00
E003116,RIG_03,SEN_04,flow,138.34,l/min,2025-02-02 01:57:30
E003117,RIG_08,SEN_06,vibration,5.51,mm/s,2025-02-02 01:58:00
E003118,RIG_03,SEN_03,flow,137.35,l/min,2025-02-02 01:58:30
E003119,RIG_10,SEN_18,flow,131.54,l/min,2025-02-02 01:59:00
E003120,RIG_09,SEN_06,temperature,88.2,C,2025-02-02 01:59:30
E003121,RIG_03,SEN_20,flow,121.99,l/min,2025-02-02 02:00:00
E003122,RIG_10,SEN_12,pressure,2470.72,psi,2025-02-02 02:00:30
E003123,RIG_10,SEN_06,pressure,2574.19,psi,2025-02-02 02:01:00
E003124,RIG_05,SEN_06,flow,142.48,l/min,2025-02-02 02:01:30
E003125,RIG_02,SEN_19,temperature,86.52,C,2025-02-02 02:02:00
E003126,RIG_06,SEN_15,vibration,3.87,mm/s,2025-02-02 02:02:30
E003127,RIG_01,SEN_17,pressure,2973.66,psi,2025-02-02 02:03:00
E003128,RIG_08,SEN_15,flow,137.02,l/min,2025-02-02 02:03:30
E003129,RIG_08,SEN_13,temperature,90.17,C,2025-02-02 02:04:00
E003130,RIG_09,SEN_20,vibration,5.91,mm/s,2025-02-02 02:04:30
E003131,RIG_07,SEN_04,pressure,2803.53,psi,2025-02-02 02:05:00
E003132,RIG_10,SEN_17,vibration,2.58,mm/s,2025-02-02 02:05:30
E003133,RIG_06,SEN_08,flow,132.72,l/min,2025-02-02 02:06:00
E003134,RIG_02,SEN_09,flow,109.77,l/min,2025-02-02 02:06:30
E003135,RIG_03,SEN_18,flow,103.47,l/min,2025-02-02 02:07:00
E003136,RIG_10,SEN_03,pressure,2502.95,psi,2025-02-02 02:07:30
E003137,RIG_10,SEN_06,temperature,81.93,C,2025-02-02 02:08:00
E003138,RIG_09,SEN_06,temperature,78.29,C,2025-02-02 02:08:30
E003139,RIG_08,SEN_11,temperature,86.43,C,2025-02-02 02:09:00
E003140,RIG_08,SEN_16,flow,132.95,l/min,2025-02-02 02:09:30
E003141,RIG_01,SEN_14,pressure,3282.57,psi,2025-02-02 02:10:00
E003142,RIG_03,SEN_02,flow,126.06,l/min,2025-02-02 02:10:30
E003143,RIG_03,SEN_07,pressure,3036.47,psi,2025-02-02 02:11:00
E003144,RIG_09,SEN_11,pressure,2967.2,psi,2025-02-02 02:11:30
E003145,RIG_04,SEN_05,vibration,2.87,mm/s,2025-02-02 02:12:00
E003146,RIG_05,SEN_10,temperature,86.34,C,2025-02-02 02:12:30
E003147,RIG_06,SEN_20,temperature,81.48,C,2025-02-02 02:13:00
E003148,RIG_06,SEN_18,temperature,83.27,C,2025-02-02 02:13:30
E003149,RIG_07,SEN_12,vibration,4.97,mm/s,2025-02-02 02:14:00
E003150,RIG_02,SEN_05,vibration,2.6,mm/s,2025-02-02 02:14:30
E003151,RIG_09,SEN_13,pressure,2360.64,psi,2025-02-02 02:15:00
E003152,RIG_05,SEN_08,flow,131.28,l/min,2025-02-02 02:15:30
E003153,RIG_01,SEN_18,flow,140.56,l/min,2025-02-02 02:16:00
E003154,RIG_03,SEN_15,pressure,3118.48,psi,2025-02-02 02:16:30
E003155,RIG_04,SEN_04,pressure,2330.89,psi,2025-02-02 02:17:00
E003156,RIG_01,SEN_12,temperature,94.11,C,2025-02-02 02:17:30
E003157,RIG_08,SEN_03,vibration,3.31,mm/s,2025-02-02 02:18:00
E003158,RIG_06,SEN_14,vibration,3.63,mm/s,2025-02-02 02:18:30
E003159,RIG_05,SEN_16,vibration,2.88,mm/s,2025-02-02 02:19:00
E003160,RIG_10,SEN_18,vibration,10.23,mm/s,2025-02-02 02:19:30
E003161,RIG_06,SEN_10,flow,138.56,l/min,2025-02-02 02:20:00
E003162,RIG_01,SEN_10,pressure,2735.68,psi,2025-02-02 02:20:30
E003163,RIG_09,SEN_14,temperature,89.38,C,2025-02-02 02:21:00
E003164,RIG_04,SEN_12,vibration,3.4,mm/s,2025-02-02 02:21:30
E003165,RIG_10,SEN_19,temperature,96.1,C,2025-02-02 02:22:00
E003166,RIG_01,SEN_10,temperature,85.44,C,2025-02-02 02:22:30
E003167,RIG_10,SEN_09,temperature,94.2,C,2025-02-02 02:23:00
E003168,RIG_09,SEN_03,pressure,2616.42,psi,2025-02-02 02:23:30
E003169,RIG_04,SEN_18,flow,132.36,l/min,2025-02-02 02:24:00
E003170,RIG_05,SEN_01,vibration,2.3,mm/s,2025-02-02 02:24:30
E003171,RIG_10,SEN_20,flow,136.33,l/min,2025-02-02 02:25:00
E003172,RIG_04,SEN_18,pressure,2804.93,psi,2025-02-02 02:25:30
E003173,RIG_05,SEN_06,temperature,84.47,C,2025-02-02 02:26:00
E003174,RIG_03,SEN_13,vibration,3.96,mm/s,2025-02-02 02:26:30
E003175,RIG_07,SEN_11,flow,115.13,l/min,2025-02-02 02:27:00
E003176,RIG_08,SEN_06,vibration,2.37,mm/s,2025-02-02 02:27:30
E003177,RIG_09,SEN_04,vibration,4.02,mm/s,2025-02-02 02:28:00
E003178,RIG_01,SEN_12,vibration,5.56,mm/s,2025-02-02 02:28:30
E003179,RIG_05,SEN_07,temperature,81.06,C,2025-02-02 02:29:00
E003180,RIG_02,SEN_08,temperature,86.29,C,2025-02-02 02:29:30
E003181,RIG_03,SEN_03,vibration,3.91,mm/s,2025-02-02 02:30:00
E003182,RIG_06,SEN_06,temperature,82.27,C,2025-02-02 02:30:30
E003183,RIG_07,SEN_04,temperature,94.15,C,2025-02-02 02:31:00
E003184,RIG_09,SEN_02,flow,120.68,l/min,2025-02-02 02:31:30
E003185,RIG_07,SEN_05,vibration,4.85,mm/s,2025-02-02 02:32:00
E003186,RIG_05,SEN_05,pressure,2538.65,psi,2025-02-02 02:32:30
E003187,RIG_01,SEN_02,pressure,2495.48,psi,2025-02-02 02:33:00
E003188,RIG_05,SEN_08,pressure,2494.61,psi,2025-02-02 02:33:30
E003189,RIG_05,SEN_03,vibration,6.09,mm/s,2025-02-02 02:34:00
E003190,RIG_01,SEN_07,flow,129.19,l/min,2025-02-02 02:34:30
E003191,RIG_04,SEN_15,temperature,85.42,C,2025-02-02 02:35:00
E003192,RIG_03,SEN_04,flow,114.2,l/min,2025-02-02 02:35:30
E003193,RIG_03,SEN_14,pressure,3286.7,psi,2025-02-02 02:36:00
E003194,RIG_09,SEN_14,vibration,5.69,mm/s,2025-02-02 02:36:30
E003195,RIG_03,SEN_18,vibration,2.76,mm/s,2025-02-02 02:37:00
E003196,RIG_01,SEN_16,pressure,3215.84,psi,2025-02-02 02:37:30
E003197,RIG_02,SEN_02,pressure,2442.63,psi,2025-02-02 02:38:00
E003198,RIG_02,SEN_05,temperature,88.21,C,2025-02-02 02:38:30
E003199,RIG_10,SEN_12,temperature,78.14,C,2025-02-02 02:39:00
E003200,RIG_01,SEN_19,vibration,4.03,mm/s,2025-02-02 02:39:30
E003201,RIG_08,SEN_11,pressure,3162.67,psi,2025-02-02 02:40:00
E003202,RIG_04,SEN_19,pressure,3063.39,psi,2025-02-02 02:40:30
E003203,RIG_03,SEN_04,flow,135.99,l/min,2025-02-02 02:41:00
E003204,RIG_07,SEN_17,vibration,4.56,mm/s,2025-02-02 02:41:30
E003205,RIG_07,SEN_07,vibration,4.62,mm/s,2025-02-02 02:42:00
E003206,RIG_09,SEN_06,vibration,5.02,mm/s,2025-02-02 02:42:30
E003207,RIG_04,SEN_09,pressure,2526.44,psi,2025-02-02 02:43:00
E003208,RIG_03,SEN_04,flow,125.59,l/min,2025-02-02 02:43:30
E003209,RIG_03,SEN_16,temperature,81.72,C,2025-02-02 02:44:00
E003210,RIG_09,SEN_09,flow,127.46,l/min,2025-02-02 02:44:30
E003211,RIG_01,SEN_17,vibration,5.74,mm/s,2025-02-02 02:45:00
E003212,RIG_01,SEN_16,temperature,81.89,C,2025-02-02 02:45:30
E003213,RIG_09,SEN_13,temperature,93.59,C,2025-02-02 02:46:00
E003214,RIG_04,SEN_18,flow,136.12,l/min,2025-02-02 02:46:30
E003215,RIG_09,SEN_17,vibration,2.48,mm/s,2025-02-02 02:47:00
E003216,RIG_10,SEN_10,vibration,3.57,mm/s,2025-02-02 02:47:30
E003217,RIG_08,SEN_17,vibration,5.65,mm/s,2025-02-02 02:48:00
E003218,RIG_03,SEN_04,vibration,5.72,mm/s,2025-02-02 02:48:30
E003219,RIG_09,SEN_03,vibration,6.25,mm/s,2025-02-02 02:49:00
E003220,RIG_04,SEN_03,temperature,90.72,C,2025-02-02 02:49:30
E003221,RIG_05,SEN_05,flow,141.95,l/min,2025-02-02 02:50:00
E003222,RIG_07,SEN_15,pressure,2580.17,psi,2025-02-02 02:50:30
E003223,RIG_06,SEN_03,vibration,3.09,mm/s,2025-02-02 02:51:00
E003224,RIG_02,SEN_08,pressure,2570.35,psi,2025-02-02 02:51:30
E003225,RIG_09,SEN_04,pressure,4789.83,psi,2025-02-02 02:52:00
E003226,RIG_02,SEN_08,pressure,2561.9,psi,2025-02-02 02:52:30
E003227,RIG_04,SEN_06,flow,130.65,l/min,2025-02-02 02:53:00
E003228,RIG_02,SEN_10,pressure,2877.98,psi,2025-02-02 02:53:30
E003229,RIG_03,SEN_17,flow,139.22,l/min,2025-02-02 02:54:00
E003230,RIG_06,SEN_14,temperature,78.34,C,2025-02-02 02:54:30
E003231,RIG_09,SEN_05,pressure,2752.79,psi,2025-02-02 02:55:00
E003232,RIG_07,SEN_18,temperature,93.43,C,2025-02-02 02:55:30
E003233,RIG_06,SEN_07,pressure,3078.66,psi,2025-02-02 02:56:00
E003234,RIG_10,SEN_14,flow,125.59,l/min,2025-02-02 02:56:30
E003235,RIG_07,SEN_13,temperature,85.13,C,2025-02-02 02:57:00
E003236,RIG_06,SEN_03,temperature,82.21,C,2025-02-02 02:57:30
E003237,RIG_02,SEN_01,flow,140.29,l/min,2025-02-02 02:58:00
E003238,RIG_02,SEN_15,flow,212.33,l/min,2025-02-02 02:58:30
E003239,RIG_05,SEN_18,flow,115.03,l/min,2025-02-02 02:59:00
E003240,RIG_10,SEN_06,pressure,3076.73,psi,2025-02-02 02:59:30
E003241,RIG_01,SEN_16,temperature,76.85,C,2025-02-02 03:00:00
E003242,RIG_02,SEN_13,temperature,93.48,C,2025-02-02 03:00:30
E003243,RIG_01,SEN_12,flow,114.68,l/min,2025-02-02 03:01:00
E003244,RIG_07,SEN_08,pressure,5481.45,psi,2025-02-02 03:01:30
E003245,RIG_10,SEN_07,temperature,89.06,C,2025-02-02 03:02:00
E003246,RIG_05,SEN_03,vibration,2.42,mm/s,2025-02-02 03:02:30
E003247,RIG_08,SEN_03,flow,114.31,l/min,2025-02-02 03:03:00
E003248,RIG_06,SEN_13,temperature,89.02,C,2025-02-02 03:03:30
E003249,RIG_10,SEN_16,vibration,5.66,mm/s,2025-02-02 03:04:00
E003250,RIG_09,SEN_15,pressure,2850.81,psi,2025-02-02 03:04:30
E003251,RIG_07,SEN_10,pressure,3321.63,psi,2025-02-02 03:05:00
E003252,RIG_09,SEN_10,pressure,2897.57,psi,2025-02-02 03:05:30
E003253,RIG_01,SEN_08,vibration,2.37,mm/s,2025-02-02 03:06:00
E003254,RIG_06,SEN_18,pressure,2960.95,psi,2025-02-02 03:06:30
E003255,RIG_03,SEN_13,vibration,3.14,mm/s,2025-02-02 03:07:00
E003256,RIG_06,SEN_17,pressure,2816.91,psi,2025-02-02 03:07:30
E003257,RIG_09,SEN_14,flow,193.96,l/min,2025-02-02 03:08:00
E003258,RIG_10,SEN_15,temperature,81.17,C,2025-02-02 03:08:30
E003259,RIG_06,SEN_15,temperature,79.51,C,2025-02-02 03:09:00
E003260,RIG_08,SEN_03,temperature,81.87,C,2025-02-02 03:09:30
E003261,RIG_07,SEN_16,flow,104.53,l/min,2025-02-02 03:10:00
E003262,RIG_10,SEN_06,pressure,2634.35,psi,2025-02-02 03:10:30
E003263,RIG_09,SEN_05,pressure,2749.41,psi,2025-02-02 03:11:00
E003264,RIG_04,SEN_12,vibration,5.53,mm/s,2025-02-02 03:11:30
E003265,RIG_09,SEN_15,temperature,90.56,C,2025-02-02 03:12:00
E003266,RIG_05,SEN_17,vibration,3.62,mm/s,2025-02-02 03:12:30
E003267,RIG_07,SEN_13,temperature,86.16,C,2025-02-02 03:13:00
E003268,RIG_07,SEN_11,temperature,89.8,C,2025-02-02 03:13:30
E003269,RIG_04,SEN_04,vibration,6.25,mm/s,2025-02-02 03:14:00
E003270,RIG_09,SEN_03,vibration,5.76,mm/s,2025-02-02 03:14:30
E003271,RIG_03,SEN_18,vibration,2.48,mm/s,2025-02-02 03:15:00
E003272,RIG_08,SEN_10,temperature,81.55,C,2025-02-02 03:15:30
E003273,RIG_08,SEN_04,flow,130.17,l/min,2025-02-02 03:16:00
E003274,RIG_02,SEN_09,flow,142.22,l/min,2025-02-02 03:16:30
E003275,RIG_07,SEN_07,pressure,2383.97,psi,2025-02-02 03:17:00
E003276,RIG_10,SEN_15,pressure,2797.35,psi,2025-02-02 03:17:30
E003277,RIG_08,SEN_04,flow,131.6,l/min,2025-02-02 03:18:00
E003278,RIG_06,SEN_11,flow,134.66,l/min,2025-02-02 03:18:30
E003279,RIG_01,SEN_04,pressure,2487.48,psi,2025-02-02 03:19:00
E003280,RIG_04,SEN_19,flow,114.98,l/min,2025-02-02 03:19:30
E003281,RIG_02,SEN_06,temperature,91.37,C,2025-02-02 03:20:00
E003282,RIG_04,SEN_19,pressure,3142.25,psi,2025-02-02 03:20:30
E003283,RIG_08,SEN_04,pressure,2519.15,psi,2025-02-02 03:21:00
E003284,RIG_06,SEN_20,temperature,95.01,C,2025-02-02 03:21:30
E003285,RIG_06,SEN_01,pressure,2366.29,psi,2025-02-02 03:22:00
E003286,RIG_07,SEN_06,vibration,4.45,mm/s,2025-02-02 03:22:30
E003287,RIG_06,SEN_04,flow,119.41,l/min,2025-02-02 03:23:00
E003288,RIG_03,SEN_14,pressure,2685.05,psi,2025-02-02 03:23:30
E003289,RIG_01,SEN_14,flow,108.9,l/min,2025-02-02 03:24:00
E003290,RIG_08,SEN_19,flow,125.4,l/min,2025-02-02 03:24:30
E003291,RIG_07,SEN_14,vibration,3.39,mm/s,2025-02-02 03:25:00
E003292,RIG_10,SEN_16,vibration,3.39,mm/s,2025-02-02 03:25:30
E003293,RIG_05,SEN_12,temperature,87.22,C,2025-02-02 03:26:00
E003294,RIG_01,SEN_17,temperature,83.09,C,2025-02-02 03:26:30
E003295,RIG_03,SEN_03,flow,135.45,l/min,2025-02-02 03:27:00
E003296,RIG_10,SEN_04,vibration,2.35,mm/s,2025-02-02 03:27:30
E003297,RIG_02,SEN_15,flow,113.15,l/min,2025-02-02 03:28:00
E003298,RIG_02,SEN_13,pressure,3107.85,psi,2025-02-02 03:28:30
E003299,RIG_10,SEN_20,flow,247.17,l/min,2025-02-02 03:29:00
E003300,RIG_04,SEN_09,pressure,2545.06,psi,2025-02-02 03:29:30
E003301,RIG_07,SEN_13,temperature,145.25,C,2025-02-02 03:30:00
E003302,RIG_10,SEN_02,vibration,11.9,mm/s,2025-02-02 03:30:30
E003303,RIG_05,SEN_04,vibration,5.35,mm/s,2025-02-02 03:31:00
E003304,RIG_10,SEN_19,flow,120.14,l/min,2025-02-02 03:31:30
E003305,RIG_06,SEN_13,flow,130.64,l/min,2025-02-02 03:32:00
E003306,RIG_09,SEN_05,vibration,5.27,mm/s,2025-02-02 03:32:30
E003307,RIG_09,SEN_08,pressure,2911.86,psi,2025-02-02 03:33:00
E003308,RIG_10,SEN_07,flow,112.64,l/min,2025-02-02 03:33:30
E003309,RIG_09,SEN_18,vibration,6.06,mm/s,2025-02-02 03:34:00
E003310,RIG_02,SEN_20,temperature,198.54,C,2025-02-02 03:34:30
E003311,RIG_04,SEN_18,vibration,6.68,mm/s,2025-02-02 03:35:00
E003312,RIG_06,SEN_09,vibration,4.39,mm/s,2025-02-02 03:35:30
E003313,RIG_07,SEN_16,flow,110.18,l/min,2025-02-02 03:36:00
E003314,RIG_04,SEN_05,temperature,91.08,C,2025-02-02 03:36:30
E003315,RIG_09,SEN_04,flow,141.4,l/min,2025-02-02 03:37:00
E003316,RIG_04,SEN_19,vibration,3.47,mm/s,2025-02-02 03:37:30
E003317,RIG_09,SEN_11,pressure,2693.36,psi,2025-02-02 03:38:00
E003318,RIG_04,SEN_04,flow,132.23,l/min,2025-02-02 03:38:30
E003319,RIG_02,SEN_18,temperature,77.37,C,2025-02-02 03:39:00
E003320,RIG_06,SEN_10,flow,141.29,l/min,2025-02-02 03:39:30
E003321,RIG_03,SEN_06,temperature,89.64,C,2025-02-02 03:40:00
E003322,RIG_01,SEN_15,temperature,206.31,C,2025-02-02 03:40:30
E003323,RIG_09,SEN_03,temperature,89.49,C,2025-02-02 03:41:00
E003324,RIG_10,SEN_17,pressure,2810.27,psi,2025-02-02 03:41:30
E003325,RIG_03,SEN_07,temperature,88.82,C,2025-02-02 03:42:00
E003326,RIG_06,SEN_17,pressure,3185.73,psi,2025-02-02 03:42:30
E003327,RIG_09,SEN_03,temperature,79.84,C,2025-02-02 03:43:00
E003328,RIG_07,SEN_04,vibration,2.95,mm/s,2025-02-02 03:43:30
E003329,RIG_09,SEN_12,pressure,2544.85,psi,2025-02-02 03:44:00
E003330,RIG_08,SEN_08,temperature,94.86,C,2025-02-02 03:44:30
E003331,RIG_09,SEN_20,vibration,2.88,mm/s,2025-02-02 03:45:00
E003332,RIG_09,SEN_18,pressure,3001.96,psi,2025-02-02 03:45:30
E003333,RIG_10,SEN_15,flow,130.01,l/min,2025-02-02 03:46:00
E003334,RIG_01,SEN_09,flow,137.03,l/min,2025-02-02 03:46:30
E003335,RIG_07,SEN_02,pressure,3312.68,psi,2025-02-02 03:47:00
E003336,RIG_10,SEN_05,pressure,3070.75,psi,2025-02-02 03:47:30
E003337,RIG_03,SEN_13,vibration,4.25,mm/s,2025-02-02 03:48:00
E003338,RIG_03,SEN_04,temperature,87.89,C,2025-02-02 03:48:30
E003339,RIG_06,SEN_02,flow,136.81,l/min,2025-02-02 03:49:00
E003340,RIG_06,SEN_06,pressure,2898.92,psi,2025-02-02 03:49:30
E003341,RIG_07,SEN_03,temperature,83.55,C,2025-02-02 03:50:00
E003342,RIG_03,SEN_09,vibration,3.51,mm/s,2025-02-02 03:50:30
E003343,RIG_05,SEN_11,vibration,5.93,mm/s,2025-02-02 03:51:00
E003344,RIG_01,SEN_04,vibration,5.92,mm/s,2025-02-02 03:51:30
E003345,RIG_02,SEN_05,vibration,2.84,mm/s,2025-02-02 03:52:00
E003346,RIG_07,SEN_04,flow,129.2,l/min,2025-02-02 03:52:30
E003347,RIG_01,SEN_17,vibration,3.31,mm/s,2025-02-02 03:53:00
E003348,RIG_09,SEN_08,temperature,93.57,C,2025-02-02 03:53:30
E003349,RIG_06,SEN_13,pressure,2909.98,psi,2025-02-02 03:54:00
E003350,RIG_09,SEN_05,flow,113.04,l/min,2025-02-02 03:54:30
E003351,RIG_08,SEN_11,pressure,2865.58,psi,2025-02-02 03:55:00
E003352,RIG_10,SEN_20,pressure,5226.84,psi,2025-02-02 03:55:30
E003353,RIG_05,SEN_16,pressure,3118.78,psi,2025-02-02 03:56:00
E003354,RIG_04,SEN_02,pressure,5893.47,psi,2025-02-02 03:56:30
E003355,RIG_09,SEN_17,pressure,2847.89,psi,2025-02-02 03:57:00
E003356,RIG_01,SEN_19,vibration,4.06,mm/s,2025-02-02 03:57:30
E003357,RIG_04,SEN_15,vibration,4.24,mm/s,2025-02-02 03:58:00
E003358,RIG_04,SEN_17,vibration,5.49,mm/s,2025-02-02 03:58:30
E003359,RIG_09,SEN_18,temperature,82.49,C,2025-02-02 03:59:00
E003360,RIG_02,SEN_01,pressure,3179.85,psi,2025-02-02 03:59:30
E003361,RIG_10,SEN_03,flow,127.02,l/min,2025-02-02 04:00:00
E003362,RIG_10,SEN_18,temperature,89.1,C,2025-02-02 04:00:30
E003363,RIG_05,SEN_16,pressure,2928.63,psi,2025-02-02 04:01:00
E003364,RIG_01,SEN_07,temperature,88.42,C,2025-02-02 04:01:30
E003365,RIG_08,SEN_02,pressure,2578.52,psi,2025-02-02 04:02:00
E003366,RIG_06,SEN_03,pressure,2998.65,psi,2025-02-02 04:02:30
E003367,RIG_06,SEN_11,pressure,3170.81,psi,2025-02-02 04:03:00
E003368,RIG_02,SEN_19,pressure,2562.33,psi,2025-02-02 04:03:30
E003369,RIG_01,SEN_13,flow,143.33,l/min,2025-02-02 04:04:00
E003370,RIG_01,SEN_17,pressure,2743.45,psi,2025-02-02 04:04:30
E003371,RIG_07,SEN_17,pressure,2393.11,psi,2025-02-02 04:05:00
E003372,RIG_10,SEN_06,pressure,2921.6,psi,2025-02-02 04:05:30
E003373,RIG_02,SEN_11,flow,134.81,l/min,2025-02-02 04:06:00
E003374,RIG_03,SEN_18,vibration,5.73,mm/s,2025-02-02 04:06:30
E003375,RIG_02,SEN_09,vibration,6.15,mm/s,2025-02-02 04:07:00
E003376,RIG_05,SEN_05,flow,104.09,l/min,2025-02-02 04:07:30
E003377,RIG_05,SEN_04,pressure,2853.42,psi,2025-02-02 04:08:00
E003378,RIG_03,SEN_17,vibration,5.0,mm/s,2025-02-02 04:08:30
E003379,RIG_04,SEN_14,flow,114.11,l/min,2025-02-02 04:09:00
E003380,RIG_02,SEN_16,vibration,5.53,mm/s,2025-02-02 04:09:30
E003381,RIG_01,SEN_18,pressure,2550.68,psi,2025-02-02 04:10:00
E003382,RIG_10,SEN_04,pressure,2887.64,psi,2025-02-02 04:10:30
E003383,RIG_03,SEN_04,vibration,4.28,mm/s,2025-02-02 04:11:00
E003384,RIG_04,SEN_04,pressure,3283.47,psi,2025-02-02 04:11:30
E003385,RIG_08,SEN_10,vibration,2.94,mm/s,2025-02-02 04:12:00
E003386,RIG_01,SEN_11,flow,110.4,l/min,2025-02-02 04:12:30
E003387,RIG_03,SEN_15,pressure,3137.25,psi,2025-02-02 04:13:00
E003388,RIG_07,SEN_03,temperature,141.8,C,2025-02-02 04:13:30
E003389,RIG_07,SEN_14,pressure,2357.3,psi,2025-02-02 04:14:00
E003390,RIG_07,SEN_10,temperature,77.7,C,2025-02-02 04:14:30
E003391,RIG_09,SEN_16,pressure,2579.93,psi,2025-02-02 04:15:00
E003392,RIG_09,SEN_13,vibration,6.1,mm/s,2025-02-02 04:15:30
E003393,RIG_10,SEN_16,vibration,3.1,mm/s,2025-02-02 04:16:00
E003394,RIG_02,SEN_07,vibration,3.11,mm/s,2025-02-02 04:16:30
E003395,RIG_10,SEN_05,flow,124.8,l/min,2025-02-02 04:17:00
E003396,RIG_09,SEN_16,temperature,85.53,C,2025-02-02 04:17:30
E003397,RIG_03,SEN_11,flow,139.85,l/min,2025-02-02 04:18:00
E003398,RIG_03,SEN_04,temperature,88.01,C,2025-02-02 04:18:30
E003399,RIG_06,SEN_17,flow,140.53,l/min,2025-02-02 04:19:00
E003400,RIG_07,SEN_07,pressure,3228.52,psi,2025-02-02 04:19:30
E003401,RIG_01,SEN_11,vibration,3.04,mm/s,2025-02-02 04:20:00
E003402,RIG_01,SEN_01,vibration,4.41,mm/s,2025-02-02 04:20:30
E003403,RIG_02,SEN_08,vibration,2.84,mm/s,2025-02-02 04:21:00
E003404,RIG_01,SEN_03,pressure,2383.46,psi,2025-02-02 04:21:30
E003405,RIG_10,SEN_15,pressure,2498.22,psi,2025-02-02 04:22:00
E003406,RIG_10,SEN_14,temperature,93.35,C,2025-02-02 04:22:30
E003407,RIG_09,SEN_09,flow,114.87,l/min,2025-02-02 04:23:00
E003408,RIG_02,SEN_01,flow,118.98,l/min,2025-02-02 04:23:30
E003409,RIG_07,SEN_12,temperature,83.04,C,2025-02-02 04:24:00
E003410,RIG_02,SEN_04,flow,105.96,l/min,2025-02-02 04:24:30
E003411,RIG_05,SEN_09,temperature,81.26,C,2025-02-02 04:25:00
E003412,RIG_06,SEN_09,vibration,3.16,mm/s,2025-02-02 04:25:30
E003413,RIG_06,SEN_04,flow,126.85,l/min,2025-02-02 04:26:00
E003414,RIG_02,SEN_13,flow,117.69,l/min,2025-02-02 04:26:30
E003415,RIG_06,SEN_03,flow,266.61,l/min,2025-02-02 04:27:00
E003416,RIG_08,SEN_08,vibration,5.24,mm/s,2025-02-02 04:27:30
E003417,RIG_04,SEN_12,pressure,2344.69,psi,2025-02-02 04:28:00
E003418,RIG_06,SEN_19,flow,119.09,l/min,2025-02-02 04:28:30
E003419,RIG_02,SEN_11,temperature,96.33,C,2025-02-02 04:29:00
E003420,RIG_02,SEN_18,pressure,3293.84,psi,2025-02-02 04:29:30
E003421,RIG_01,SEN_07,flow,130.81,l/min,2025-02-02 04:30:00
E003422,RIG_09,SEN_02,pressure,3233.59,psi,2025-02-02 04:30:30
E003423,RIG_08,SEN_19,vibration,5.19,mm/s,2025-02-02 04:31:00
E003424,RIG_06,SEN_18,pressure,2791.02,psi,2025-02-02 04:31:30
E003425,RIG_04,SEN_15,pressure,2667.86,psi,2025-02-02 04:32:00
E003426,RIG_08,SEN_09,vibration,8.71,mm/s,2025-02-02 04:32:30
E003427,RIG_10,SEN_08,flow,107.53,l/min,2025-02-02 04:33:00
E003428,RIG_10,SEN_14,pressure,3216.68,psi,2025-02-02 04:33:30
E003429,RIG_10,SEN_08,flow,123.49,l/min,2025-02-02 04:34:00
E003430,RIG_09,SEN_04,temperature,93.58,C,2025-02-02 04:34:30
E003431,RIG_05,SEN_02,vibration,5.45,mm/s,2025-02-02 04:35:00
E003432,RIG_02,SEN_20,vibration,5.07,mm/s,2025-02-02 04:35:30
E003433,RIG_07,SEN_06,flow,107.66,l/min,2025-02-02 04:36:00
E003434,RIG_06,SEN_08,vibration,5.18,mm/s,2025-02-02 04:36:30
E003435,RIG_10,SEN_02,pressure,3246.72,psi,2025-02-02 04:37:00
E003436,RIG_02,SEN_12,flow,199.42,l/min,2025-02-02 04:37:30
E003437,RIG_06,SEN_07,temperature,87.69,C,2025-02-02 04:38:00
E003438,RIG_08,SEN_02,pressure,3014.15,psi,2025-02-02 04:38:30
E003439,RIG_01,SEN_11,pressure,3165.09,psi,2025-02-02 04:39:00
E003440,RIG_01,SEN_16,pressure,2612.75,psi,2025-02-02 04:39:30
E003441,RIG_03,SEN_11,flow,142.77,l/min,2025-02-02 04:40:00
E003442,RIG_05,SEN_13,temperature,77.99,C,2025-02-02 04:40:30
E003443,RIG_05,SEN_16,flow,105.22,l/min,2025-02-02 04:41:00
E003444,RIG_08,SEN_05,temperature,94.76,C,2025-02-02 04:41:30
E003445,RIG_02,SEN_20,pressure,2607.49,psi,2025-02-02 04:42:00
E003446,RIG_10,SEN_05,temperature,90.51,C,2025-02-02 04:42:30
E003447,RIG_09,SEN_16,temperature,79.96,C,2025-02-02 04:43:00
E003448,RIG_03,SEN_03,temperature,94.61,C,2025-02-02 04:43:30
E003449,RIG_02,SEN_07,temperature,86.02,C,2025-02-02 04:44:00
E003450,RIG_02,SEN_01,temperature,87.6,C,2025-02-02 04:44:30
E003451,RIG_06,SEN_04,flow,142.62,l/min,2025-02-02 04:45:00
E003452,RIG_04,SEN_08,temperature,94.63,C,2025-02-02 04:45:30
E003453,RIG_08,SEN_20,pressure,2715.63,psi,2025-02-02 04:46:00
E003454,RIG_04,SEN_11,vibration,4.96,mm/s,2025-02-02 04:46:30
E003455,RIG_04,SEN_14,temperature,88.73,C,2025-02-02 04:47:00
E003456,RIG_05,SEN_13,vibration,2.42,mm/s,2025-02-02 04:47:30
E003457,RIG_07,SEN_14,flow,122.97,l/min,2025-02-02 04:48:00
E003458,RIG_09,SEN_17,pressure,2541.74,psi,2025-02-02 04:48:30
E003459,RIG_06,SEN_08,temperature,87.51,C,2025-02-02 04:49:00
E003460,RIG_10,SEN_16,flow,142.01,l/min,2025-02-02 04:49:30
E003461,RIG_07,SEN_13,vibration,6.18,mm/s,2025-02-02 04:50:00
E003462,RIG_01,SEN_17,flow,118.89,l/min,2025-02-02 04:50:30
E003463,RIG_06,SEN_18,vibration,3.0,mm/s,2025-02-02 04:51:00
E003464,RIG_07,SEN_07,flow,130.96,l/min,2025-02-02 04:51:30
E003465,RIG_03,SEN_18,vibration,4.82,mm/s,2025-02-02 04:52:00
E003466,RIG_05,SEN_13,temperature,92.51,C,2025-02-02 04:52:30
E003467,RIG_01,SEN_07,pressure,2663.85,psi,2025-02-02 04:53:00
E003468,RIG_09,SEN_03,temperature,90.26,C,2025-02-02 04:53:30
E003469,RIG_03,SEN_20,pressure,2788.91,psi,2025-02-02 04:54:00
E003470,RIG_04,SEN_06,flow,110.56,l/min,2025-02-02 04:54:30
E003471,RIG_07,SEN_14,pressure,2604.32,psi,2025-02-02 04:55:00
E003472,RIG_04,SEN_18,pressure,2981.97,psi,2025-02-02 04:55:30
E003473,RIG_01,SEN_16,pressure,2510.69,psi,2025-02-02 04:56:00
E003474,RIG_03,SEN_06,flow,297.41,l/min,2025-02-02 04:56:30
E003475,RIG_01,SEN_05,vibration,3.19,mm/s,2025-02-02 04:57:00
E003476,RIG_02,SEN_04,temperature,79.51,C,2025-02-02 04:57:30
E003477,RIG_05,SEN_16,temperature,88.27,C,2025-02-02 04:58:00
E003478,RIG_10,SEN_04,vibration,5.0,mm/s,2025-02-02 04:58:30
E003479,RIG_05,SEN_19,flow,134.38,l/min,2025-02-02 04:59:00
E003480,RIG_09,SEN_16,vibration,5.79,mm/s,2025-02-02 04:59:30
E003481,RIG_09,SEN_03,temperature,91.02,C,2025-02-02 05:00:00
E003482,RIG_04,SEN_11,flow,122.01,l/min,2025-02-02 05:00:30
E003483,RIG_08,SEN_20,flow,137.04,l/min,2025-02-02 05:01:00
E003484,RIG_10,SEN_01,flow,140.17,l/min,2025-02-02 05:01:30
E003485,RIG_08,SEN_15,pressure,2467.49,psi,2025-02-02 05:02:00
E003486,RIG_01,SEN_19,flow,119.05,l/min,2025-02-02 05:02:30
E003487,RIG_07,SEN_02,flow,129.47,l/min,2025-02-02 05:03:00
E003488,RIG_02,SEN_04,pressure,3313.59,psi,2025-02-02 05:03:30
E003489,RIG_09,SEN_19,vibration,5.33,mm/s,2025-02-02 05:04:00
E003490,RIG_04,SEN_10,pressure,2977.39,psi,2025-02-02 05:04:30
E003491,RIG_03,SEN_06,vibration,4.02,mm/s,2025-02-02 05:05:00
E003492,RIG_02,SEN_06,temperature,87.53,C,2025-02-02 05:05:30
E003493,RIG_10,SEN_03,flow,135.28,l/min,2025-02-02 05:06:00
E003494,RIG_03,SEN_03,vibration,11.48,mm/s,2025-02-02 05:06:30
E003495,RIG_07,SEN_05,flow,116.71,l/min,2025-02-02 05:07:00
E003496,RIG_06,SEN_18,temperature,85.86,C,2025-02-02 05:07:30
E003497,RIG_05,SEN_15,pressure,3046.94,psi,2025-02-02 05:08:00
E003498,RIG_03,SEN_07,vibration,2.53,mm/s,2025-02-02 05:08:30
E003499,RIG_10,SEN_18,vibration,5.14,mm/s,2025-02-02 05:09:00
E003500,RIG_08,SEN_17,flow,124.13,l/min,2025-02-02 05:09:30
E003501,RIG_01,SEN_08,flow,107.78,l/min,2025-02-02 05:10:00
E003502,RIG_01,SEN_06,flow,123.6,l/min,2025-02-02 05:10:30
E003503,RIG_01,SEN_04,flow,113.53,l/min,2025-02-02 05:11:00
E003504,RIG_08,SEN_04,pressure,3078.2,psi,2025-02-02 05:11:30
E003505,RIG_05,SEN_13,pressure,2395.7,psi,2025-02-02 05:12:00
E003506,RIG_06,SEN_04,vibration,2.95,mm/s,2025-02-02 05:12:30
E003507,RIG_02,SEN_11,flow,122.44,l/min,2025-02-02 05:13:00
E003508,RIG_06,SEN_07,vibration,2.56,mm/s,2025-02-02 05:13:30
E003509,RIG_01,SEN_03,vibration,3.03,mm/s,2025-02-02 05:14:00
E003510,RIG_10,SEN_04,pressure,3286.98,psi,2025-02-02 05:14:30
E003511,RIG_02,SEN_03,temperature,78.37,C,2025-02-02 05:15:00
E003512,RIG_03,SEN_14,vibration,2.48,mm/s,2025-02-02 05:15:30
E003513,RIG_09,SEN_16,temperature,95.11,C,2025-02-02 05:16:00
E003514,RIG_01,SEN_05,vibration,3.0,mm/s,2025-02-02 05:16:30
E003515,RIG_06,SEN_19,temperature,94.54,C,2025-02-02 05:17:00
E003516,RIG_03,SEN_08,flow,109.67,l/min,2025-02-02 05:17:30
E003517,RIG_04,SEN_06,vibration,6.21,mm/s,2025-02-02 05:18:00
E003518,RIG_06,SEN_19,vibration,4.11,mm/s,2025-02-02 05:18:30
E003519,RIG_01,SEN_02,temperature,80.7,C,2025-02-02 05:19:00
E003520,RIG_01,SEN_17,vibration,3.36,mm/s,2025-02-02 05:19:30
E003521,RIG_04,SEN_03,flow,141.44,l/min,2025-02-02 05:20:00
E003522,RIG_09,SEN_20,vibration,4.26,mm/s,2025-02-02 05:20:30
E003523,RIG_01,SEN_05,pressure,2786.9,psi,2025-02-02 05:21:00
E003524,RIG_05,SEN_08,pressure,2514.75,psi,2025-02-02 05:21:30
E003525,RIG_10,SEN_15,pressure,2579.11,psi,2025-02-02 05:22:00
E003526,RIG_03,SEN_10,temperature,95.44,C,2025-02-02 05:22:30
E003527,RIG_04,SEN_04,pressure,2934.0,psi,2025-02-02 05:23:00
E003528,RIG_02,SEN_04,pressure,2970.04,psi,2025-02-02 05:23:30
E003529,RIG_01,SEN_15,temperature,84.49,C,2025-02-02 05:24:00
E003530,RIG_05,SEN_15,temperature,86.64,C,2025-02-02 05:24:30
E003531,RIG_09,SEN_13,flow,119.11,l/min,2025-02-02 05:25:00
E003532,RIG_05,SEN_17,vibration,5.38,mm/s,2025-02-02 05:25:30
E003533,RIG_03,SEN_01,pressure,2413.78,psi,2025-02-02 05:26:00
E003534,RIG_02,SEN_10,temperature,80.27,C,2025-02-02 05:26:30
E003535,RIG_06,SEN_16,vibration,4.25,mm/s,2025-02-02 05:27:00
E003536,RIG_10,SEN_12,temperature,96.16,C,2025-02-02 05:27:30
E003537,RIG_08,SEN_03,vibration,2.53,mm/s,2025-02-02 05:28:00
E003538,RIG_03,SEN_08,pressure,6255.84,psi,2025-02-02 05:28:30
E003539,RIG_06,SEN_03,temperature,77.86,C,2025-02-02 05:29:00
E003540,RIG_08,SEN_06,temperature,88.45,C,2025-02-02 05:29:30
E003541,RIG_04,SEN_15,pressure,3727.64,psi,2025-02-02 05:30:00
E003542,RIG_05,SEN_09,temperature,190.49,C,2025-02-02 05:30:30
E003543,RIG_09,SEN_15,vibration,13.09,mm/s,2025-02-02 05:31:00
E003544,RIG_01,SEN_03,flow,125.8,l/min,2025-02-02 05:31:30
E003545,RIG_08,SEN_20,flow,143.41,l/min,2025-02-02 05:32:00
E003546,RIG_10,SEN_13,vibration,3.95,mm/s,2025-02-02 05:32:30
E003547,RIG_03,SEN_18,temperature,93.09,C,2025-02-02 05:33:00
E003548,RIG_05,SEN_17,pressure,2652.04,psi,2025-02-02 05:33:30
E003549,RIG_01,SEN_03,flow,114.7,l/min,2025-02-02 05:34:00
E003550,RIG_04,SEN_17,pressure,6253.25,psi,2025-02-02 05:34:30
E003551,RIG_02,SEN_05,vibration,5.18,mm/s,2025-02-02 05:35:00
E003552,RIG_02,SEN_08,temperature,87.25,C,2025-02-02 05:35:30
E003553,RIG_08,SEN_20,vibration,10.8,mm/s,2025-02-02 05:36:00
E003554,RIG_09,SEN_06,flow,131.26,l/min,2025-02-02 05:36:30
E003555,RIG_01,SEN_06,vibration,5.35,mm/s,2025-02-02 05:37:00
E003556,RIG_06,SEN_10,vibration,6.0,mm/s,2025-02-02 05:37:30
E003557,RIG_07,SEN_11,temperature,79.96,C,2025-02-02 05:38:00
E003558,RIG_04,SEN_07,vibration,6.24,mm/s,2025-02-02 05:38:30
E003559,RIG_08,SEN_13,vibration,4.67,mm/s,2025-02-02 05:39:00
E003560,RIG_04,SEN_07,pressure,2476.19,psi,2025-02-02 05:39:30
E003561,RIG_08,SEN_12,temperature,95.02,C,2025-02-02 05:40:00
E003562,RIG_04,SEN_08,flow,105.71,l/min,2025-02-02 05:40:30
E003563,RIG_08,SEN_07,temperature,80.39,C,2025-02-02 05:41:00
E003564,RIG_03,SEN_09,vibration,4.62,mm/s,2025-02-02 05:41:30
E003565,RIG_01,SEN_08,flow,113.24,l/min,2025-02-02 05:42:00
E003566,RIG_09,SEN_16,temperature,88.36,C,2025-02-02 05:42:30
E003567,RIG_10,SEN_06,flow,144.18,l/min,2025-02-02 05:43:00
E003568,RIG_09,SEN_04,pressure,2395.83,psi,2025-02-02 05:43:30
E003569,RIG_02,SEN_05,flow,111.94,l/min,2025-02-02 05:44:00
E003570,RIG_06,SEN_15,pressure,3276.36,psi,2025-02-02 05:44:30
E003571,RIG_03,SEN_10,vibration,5.39,mm/s,2025-02-02 05:45:00
E003572,RIG_06,SEN_20,flow,125.5,l/min,2025-02-02 05:45:30
E003573,RIG_10,SEN_14,flow,138.15,l/min,2025-02-02 05:46:00
E003574,RIG_02,SEN_01,temperature,83.03,C,2025-02-02 05:46:30
E003575,RIG_06,SEN_09,vibration,3.73,mm/s,2025-02-02 05:47:00
E003576,RIG_03,SEN_14,temperature,77.91,C,2025-02-02 05:47:30
E003577,RIG_02,SEN_04,flow,131.41,l/min,2025-02-02 05:48:00
E003578,RIG_05,SEN_01,pressure,2715.93,psi,2025-02-02 05:48:30
E003579,RIG_01,SEN_04,pressure,2980.0,psi,2025-02-02 05:49:00
E003580,RIG_03,SEN_13,flow,136.93,l/min,2025-02-02 05:49:30
E003581,RIG_04,SEN_16,flow,141.44,l/min,2025-02-02 05:50:00
E003582,RIG_01,SEN_10,vibration,2.7,mm/s,2025-02-02 05:50:30
E003583,RIG_08,SEN_03,pressure,3341.55,psi,2025-02-02 05:51:00
E003584,RIG_04,SEN_15,pressure,3004.7,psi,2025-02-02 05:51:30
E003585,RIG_05,SEN_18,temperature,82.18,C,2025-02-02 05:52:00
E003586,RIG_08,SEN_12,pressure,3270.56,psi,2025-02-02 05:52:30
E003587,RIG_08,SEN_01,vibration,2.65,mm/s,2025-02-02 05:53:00
E003588,RIG_09,SEN_02,temperature,83.68,C,2025-02-02 05:53:30
E003589,RIG_02,SEN_01,temperature,96.26,C,2025-02-02 05:54:00
E003590,RIG_08,SEN_12,pressure,2715.99,psi,2025-02-02 05:54:30
E003591,RIG_08,SEN_13,vibration,4.23,mm/s,2025-02-02 05:55:00
E003592,RIG_10,SEN_05,temperature,85.29,C,2025-02-02 05:55:30
E003593,RIG_01,SEN_07,flow,112.51,l/min,2025-02-02 05:56:00
E003594,RIG_05,SEN_04,vibration,3.09,mm/s,2025-02-02 05:56:30
E003595,RIG_03,SEN_03,temperature,84.51,C,2025-02-02 05:57:00
E003596,RIG_02,SEN_12,temperature,85.0,C,2025-02-02 05:57:30
E003597,RIG_04,SEN_03,vibration,2.97,mm/s,2025-02-02 05:58:00
E003598,RIG_09,SEN_05,pressure,3072.78,psi,2025-02-02 05:58:30
E003599,RIG_01,SEN_08,pressure,3307.56,psi,2025-02-02 05:59:00
E003600,RIG_08,SEN_16,temperature,91.12,C,2025-02-02 05:59:30
E003601,RIG_06,SEN_15,flow,137.84,l/min,2025-02-02 06:00:00
E003602,RIG_02,SEN_20,temperature,94.43,C,2025-02-02 06:00:30
E003603,RIG_10,SEN_15,flow,133.94,l/min,2025-02-02 06:01:00
E003604,RIG_03,SEN_02,flow,144.05,l/min,2025-02-02 06:01:30
E003605,RIG_10,SEN_06,flow,123.69,l/min,2025-02-02 06:02:00
E003606,RIG_08,SEN_06,temperature,91.49,C,2025-02-02 06:02:30
E003607,RIG_09,SEN_20,flow,116.26,l/min,2025-02-02 06:03:00
E003608,RIG_05,SEN_16,temperature,85.89,C,2025-02-02 06:03:30
E003609,RIG_06,SEN_06,pressure,3152.9,psi,2025-02-02 06:04:00
E003610,RIG_09,SEN_06,flow,119.15,l/min,2025-02-02 06:04:30
E003611,RIG_01,SEN_17,temperature,88.23,C,2025-02-02 06:05:00
E003612,RIG_09,SEN_14,temperature,79.83,C,2025-02-02 06:05:30
E003613,RIG_09,SEN_16,flow,127.86,l/min,2025-02-02 06:06:00
E003614,RIG_02,SEN_18,temperature,92.65,C,2025-02-02 06:06:30
E003615,RIG_08,SEN_06,pressure,3118.53,psi,2025-02-02 06:07:00
E003616,RIG_06,SEN_18,vibration,4.63,mm/s,2025-02-02 06:07:30
E003617,RIG_08,SEN_13,temperature,93.2,C,2025-02-02 06:08:00
E003618,RIG_07,SEN_02,temperature,79.19,C,2025-02-02 06:08:30
E003619,RIG_08,SEN_09,flow,124.71,l/min,2025-02-02 06:09:00
E003620,RIG_10,SEN_02,temperature,78.79,C,2025-02-02 06:09:30
E003621,RIG_06,SEN_14,pressure,2802.77,psi,2025-02-02 06:10:00
E003622,RIG_06,SEN_09,vibration,5.49,mm/s,2025-02-02 06:10:30
E003623,RIG_07,SEN_10,vibration,4.94,mm/s,2025-02-02 06:11:00
E003624,RIG_03,SEN_09,pressure,3329.54,psi,2025-02-02 06:11:30
E003625,RIG_04,SEN_09,pressure,3270.31,psi,2025-02-02 06:12:00
E003626,RIG_03,SEN_05,vibration,3.76,mm/s,2025-02-02 06:12:30
E003627,RIG_03,SEN_18,pressure,2976.67,psi,2025-02-02 06:13:00
E003628,RIG_04,SEN_19,flow,120.83,l/min,2025-02-02 06:13:30
E003629,RIG_01,SEN_01,vibration,4.98,mm/s,2025-02-02 06:14:00
E003630,RIG_07,SEN_18,temperature,200.93,C,2025-02-02 06:14:30
E003631,RIG_04,SEN_13,pressure,2363.31,psi,2025-02-02 06:15:00
E003632,RIG_05,SEN_20,vibration,4.61,mm/s,2025-02-02 06:15:30
E003633,RIG_06,SEN_14,flow,117.1,l/min,2025-02-02 06:16:00
E003634,RIG_07,SEN_13,vibration,6.17,mm/s,2025-02-02 06:16:30
E003635,RIG_02,SEN_19,temperature,89.62,C,2025-02-02 06:17:00
E003636,RIG_10,SEN_07,pressure,3264.3,psi,2025-02-02 06:17:30
E003637,RIG_10,SEN_17,pressure,2661.82,psi,2025-02-02 06:18:00
E003638,RIG_05,SEN_16,vibration,4.53,mm/s,2025-02-02 06:18:30
E003639,RIG_10,SEN_14,vibration,6.4,mm/s,2025-02-02 06:19:00
E003640,RIG_05,SEN_20,vibration,6.28,mm/s,2025-02-02 06:19:30
E003641,RIG_04,SEN_18,vibration,2.48,mm/s,2025-02-02 06:20:00
E003642,RIG_06,SEN_17,flow,119.23,l/min,2025-02-02 06:20:30
E003643,RIG_03,SEN_18,vibration,2.63,mm/s,2025-02-02 06:21:00
E003644,RIG_10,SEN_01,vibration,5.91,mm/s,2025-02-02 06:21:30
E003645,RIG_03,SEN_11,pressure,6723.05,psi,2025-02-02 06:22:00
E003646,RIG_02,SEN_05,flow,118.35,l/min,2025-02-02 06:22:30
E003647,RIG_05,SEN_08,pressure,2723.29,psi,2025-02-02 06:23:00
E003648,RIG_01,SEN_05,flow,114.21,l/min,2025-02-02 06:23:30
E003649,RIG_07,SEN_20,flow,105.9,l/min,2025-02-02 06:24:00
E003650,RIG_02,SEN_07,temperature,95.36,C,2025-02-02 06:24:30
E003651,RIG_08,SEN_02,temperature,87.54,C,2025-02-02 06:25:00
E003652,RIG_05,SEN_03,vibration,5.73,mm/s,2025-02-02 06:25:30
E003653,RIG_01,SEN_13,vibration,2.84,mm/s,2025-02-02 06:26:00
E003654,RIG_03,SEN_01,vibration,3.3,mm/s,2025-02-02 06:26:30
E003655,RIG_05,SEN_01,flow,143.17,l/min,2025-02-02 06:27:00
E003656,RIG_05,SEN_14,vibration,6.37,mm/s,2025-02-02 06:27:30
E003657,RIG_01,SEN_04,vibration,10.76,mm/s,2025-02-02 06:28:00
E003658,RIG_03,SEN_03,temperature,91.46,C,2025-02-02 06:28:30
E003659,RIG_05,SEN_16,flow,110.01,l/min,2025-02-02 06:29:00
E003660,RIG_06,SEN_04,flow,120.76,l/min,2025-02-02 06:29:30
E003661,RIG_03,SEN_11,flow,130.72,l/min,2025-02-02 06:30:00
E003662,RIG_01,SEN_17,flow,124.81,l/min,2025-02-02 06:30:30
E003663,RIG_04,SEN_10,flow,127.09,l/min,2025-02-02 06:31:00
E003664,RIG_06,SEN_06,vibration,3.44,mm/s,2025-02-02 06:31:30
E003665,RIG_07,SEN_03,temperature,88.3,C,2025-02-02 06:32:00
E003666,RIG_02,SEN_12,flow,121.57,l/min,2025-02-02 06:32:30
E003667,RIG_03,SEN_14,vibration,3.58,mm/s,2025-02-02 06:33:00
E003668,RIG_09,SEN_10,vibration,5.26,mm/s,2025-02-02 06:33:30
E003669,RIG_10,SEN_13,pressure,2880.25,psi,2025-02-02 06:34:00
E003670,RIG_06,SEN_07,flow,137.22,l/min,2025-02-02 06:34:30
E003671,RIG_05,SEN_13,flow,118.42,l/min,2025-02-02 06:35:00
E003672,RIG_09,SEN_14,vibration,6.15,mm/s,2025-02-02 06:35:30
E003673,RIG_10,SEN_05,flow,124.21,l/min,2025-02-02 06:36:00
E003674,RIG_03,SEN_05,temperature,77.98,C,2025-02-02 06:36:30
E003675,RIG_09,SEN_18,flow,130.06,l/min,2025-02-02 06:37:00
E003676,RIG_05,SEN_14,vibration,6.19,mm/s,2025-02-02 06:37:30
E003677,RIG_07,SEN_08,temperature,95.14,C,2025-02-02 06:38:00
E003678,RIG_03,SEN_13,pressure,2957.79,psi,2025-02-02 06:38:30
E003679,RIG_03,SEN_10,flow,107.04,l/min,2025-02-02 06:39:00
E003680,RIG_03,SEN_19,vibration,6.0,mm/s,2025-02-02 06:39:30
E003681,RIG_04,SEN_10,temperature,79.56,C,2025-02-02 06:40:00
E003682,RIG_06,SEN_13,vibration,3.74,mm/s,2025-02-02 06:40:30
E003683,RIG_05,SEN_07,temperature,84.52,C,2025-02-02 06:41:00
E003684,RIG_06,SEN_16,temperature,92.71,C,2025-02-02 06:41:30
E003685,RIG_02,SEN_19,temperature,82.1,C,2025-02-02 06:42:00
E003686,RIG_03,SEN_17,temperature,85.95,C,2025-02-02 06:42:30
E003687,RIG_10,SEN_02,temperature,83.8,C,2025-02-02 06:43:00
E003688,RIG_02,SEN_08,flow,131.42,l/min,2025-02-02 06:43:30
E003689,RIG_06,SEN_05,temperature,163.87,C,2025-02-02 06:44:00
E003690,RIG_06,SEN_08,flow,112.12,l/min,2025-02-02 06:44:30
E003691,RIG_07,SEN_09,vibration,5.5,mm/s,2025-02-02 06:45:00
E003692,RIG_01,SEN_14,vibration,4.17,mm/s,2025-02-02 06:45:30
E003693,RIG_03,SEN_16,flow,118.36,l/min,2025-02-02 06:46:00
E003694,RIG_04,SEN_05,temperature,86.66,C,2025-02-02 06:46:30
E003695,RIG_05,SEN_13,flow,119.34,l/min,2025-02-02 06:47:00
E003696,RIG_05,SEN_04,flow,112.69,l/min,2025-02-02 06:47:30
E003697,RIG_09,SEN_13,temperature,86.65,C,2025-02-02 06:48:00
E003698,RIG_08,SEN_06,temperature,79.08,C,2025-02-02 06:48:30
E003699,RIG_07,SEN_14,vibration,3.36,mm/s,2025-02-02 06:49:00
E003700,RIG_01,SEN_13,flow,104.99,l/min,2025-02-02 06:49:30
E003701,RIG_10,SEN_18,flow,119.81,l/min,2025-02-02 06:50:00
E003702,RIG_10,SEN_13,flow,114.09,l/min,2025-02-02 06:50:30
E003703,RIG_01,SEN_06,temperature,92.65,C,2025-02-02 06:51:00
E003704,RIG_07,SEN_06,pressure,2675.05,psi,2025-02-02 06:51:30
E003705,RIG_08,SEN_03,pressure,3298.1,psi,2025-02-02 06:52:00
E003706,RIG_06,SEN_16,flow,135.34,l/min,2025-02-02 06:52:30
E003707,RIG_09,SEN_18,temperature,84.49,C,2025-02-02 06:53:00
E003708,RIG_06,SEN_11,vibration,6.47,mm/s,2025-02-02 06:53:30
E003709,RIG_07,SEN_13,vibration,3.67,mm/s,2025-02-02 06:54:00
E003710,RIG_10,SEN_07,temperature,96.54,C,2025-02-02 06:54:30
E003711,RIG_04,SEN_01,pressure,3187.61,psi,2025-02-02 06:55:00
E003712,RIG_01,SEN_19,temperature,79.05,C,2025-02-02 06:55:30
E003713,RIG_02,SEN_10,flow,113.19,l/min,2025-02-02 06:56:00
E003714,RIG_10,SEN_02,pressure,2727.03,psi,2025-02-02 06:56:30
E003715,RIG_03,SEN_15,pressure,3079.23,psi,2025-02-02 06:57:00
E003716,RIG_10,SEN_01,vibration,4.5,mm/s,2025-02-02 06:57:30
E003717,RIG_07,SEN_01,vibration,2.53,mm/s,2025-02-02 06:58:00
E003718,RIG_01,SEN_16,temperature,83.78,C,2025-02-02 06:58:30
E003719,RIG_02,SEN_09,vibration,3.02,mm/s,2025-02-02 06:59:00
E003720,RIG_05,SEN_19,flow,142.91,l/min,2025-02-02 06:59:30
E003721,RIG_04,SEN_09,pressure,2931.17,psi,2025-02-02 07:00:00
E003722,RIG_04,SEN_07,flow,136.96,l/min,2025-02-02 07:00:30
E003723,RIG_09,SEN_01,pressure,2445.41,psi,2025-02-02 07:01:00
E003724,RIG_06,SEN_09,temperature,89.9,C,2025-02-02 07:01:30
E003725,RIG_03,SEN_20,vibration,4.01,mm/s,2025-02-02 07:02:00
E003726,RIG_06,SEN_18,temperature,90.4,C,2025-02-02 07:02:30
E003727,RIG_01,SEN_19,temperature,83.26,C,2025-02-02 07:03:00
E003728,RIG_08,SEN_11,pressure,2470.3,psi,2025-02-02 07:03:30
E003729,RIG_09,SEN_11,temperature,94.57,C,2025-02-02 07:04:00
E003730,RIG_10,SEN_16,vibration,6.35,mm/s,2025-02-02 07:04:30
E003731,RIG_03,SEN_18,temperature,97.05,C,2025-02-02 07:05:00
E003732,RIG_02,SEN_04,flow,115.28,l/min,2025-02-02 07:05:30
E003733,RIG_01,SEN_12,pressure,3246.33,psi,2025-02-02 07:06:00
E003734,RIG_07,SEN_20,vibration,5.72,mm/s,2025-02-02 07:06:30
E003735,RIG_01,SEN_12,vibration,6.26,mm/s,2025-02-02 07:07:00
E003736,RIG_05,SEN_04,temperature,92.31,C,2025-02-02 07:07:30
E003737,RIG_05,SEN_14,pressure,2376.93,psi,2025-02-02 07:08:00
E003738,RIG_05,SEN_16,flow,307.71,l/min,2025-02-02 07:08:30
E003739,RIG_01,SEN_01,vibration,4.01,mm/s,2025-02-02 07:09:00
E003740,RIG_10,SEN_19,vibration,5.03,mm/s,2025-02-02 07:09:30
E003741,RIG_02,SEN_04,pressure,3125.55,psi,2025-02-02 07:10:00
E003742,RIG_09,SEN_10,temperature,96.19,C,2025-02-02 07:10:30
E003743,RIG_09,SEN_19,flow,106.04,l/min,2025-02-02 07:11:00
E003744,RIG_06,SEN_10,flow,128.82,l/min,2025-02-02 07:11:30
E003745,RIG_08,SEN_08,flow,127.33,l/min,2025-02-02 07:12:00
E003746,RIG_04,SEN_11,flow,111.59,l/min,2025-02-02 07:12:30
E003747,RIG_04,SEN_06,flow,128.62,l/min,2025-02-02 07:13:00
E003748,RIG_05,SEN_04,flow,136.28,l/min,2025-02-02 07:13:30
E003749,RIG_02,SEN_19,vibration,3.93,mm/s,2025-02-02 07:14:00
E003750,RIG_05,SEN_06,flow,121.72,l/min,2025-02-02 07:14:30
E003751,RIG_10,SEN_07,pressure,2975.07,psi,2025-02-02 07:15:00
E003752,RIG_01,SEN_04,vibration,5.14,mm/s,2025-02-02 07:15:30
E003753,RIG_04,SEN_08,pressure,2777.82,psi,2025-02-02 07:16:00
E003754,RIG_02,SEN_06,vibration,2.84,mm/s,2025-02-02 07:16:30
E003755,RIG_03,SEN_06,temperature,92.74,C,2025-02-02 07:17:00
E003756,RIG_08,SEN_15,flow,127.53,l/min,2025-02-02 07:17:30
E003757,RIG_06,SEN_20,flow,112.52,l/min,2025-02-02 07:18:00
E003758,RIG_04,SEN_10,temperature,79.32,C,2025-02-02 07:18:30
E003759,RIG_04,SEN_13,vibration,5.27,mm/s,2025-02-02 07:19:00
E003760,RIG_03,SEN_14,temperature,96.05,C,2025-02-02 07:19:30
E003761,RIG_10,SEN_03,vibration,2.63,mm/s,2025-02-02 07:20:00
E003762,RIG_05,SEN_20,flow,144.05,l/min,2025-02-02 07:20:30
E003763,RIG_07,SEN_13,temperature,87.12,C,2025-02-02 07:21:00
E003764,RIG_01,SEN_13,temperature,82.4,C,2025-02-02 07:21:30
E003765,RIG_06,SEN_16,temperature,92.3,C,2025-02-02 07:22:00
E003766,RIG_10,SEN_20,temperature,96.05,C,2025-02-02 07:22:30
E003767,RIG_03,SEN_03,vibration,3.84,mm/s,2025-02-02 07:23:00
E003768,RIG_01,SEN_07,pressure,3029.42,psi,2025-02-02 07:23:30
E003769,RIG_05,SEN_06,pressure,2898.31,psi,2025-02-02 07:24:00
E003770,RIG_01,SEN_11,temperature,81.43,C,2025-02-02 07:24:30
E003771,RIG_04,SEN_01,pressure,3077.48,psi,2025-02-02 07:25:00
E003772,RIG_07,SEN_19,flow,138.99,l/min,2025-02-02 07:25:30
E003773,RIG_05,SEN_15,flow,107.36,l/min,2025-02-02 07:26:00
E003774,RIG_07,SEN_10,temperature,95.3,C,2025-02-02 07:26:30
E003775,RIG_02,SEN_11,flow,144.51,l/min,2025-02-02 07:27:00
E003776,RIG_06,SEN_06,flow,292.51,l/min,2025-02-02 07:27:30
E003777,RIG_04,SEN_15,flow,141.88,l/min,2025-02-02 07:28:00
E003778,RIG_01,SEN_20,pressure,2942.32,psi,2025-02-02 07:28:30
E003779,RIG_03,SEN_12,flow,119.81,l/min,2025-02-02 07:29:00
E003780,RIG_02,SEN_12,vibration,5.73,mm/s,2025-02-02 07:29:30
E003781,RIG_08,SEN_07,flow,123.24,l/min,2025-02-02 07:30:00
E003782,RIG_06,SEN_13,pressure,2826.88,psi,2025-02-02 07:30:30
E003783,RIG_06,SEN_11,vibration,13.37,mm/s,2025-02-02 07:31:00
E003784,RIG_05,SEN_09,flow,140.89,l/min,2025-02-02 07:31:30
E003785,RIG_03,SEN_11,temperature,92.96,C,2025-02-02 07:32:00
E003786,RIG_05,SEN_15,flow,131.37,l/min,2025-02-02 07:32:30
E003787,RIG_02,SEN_01,temperature,84.89,C,2025-02-02 07:33:00
E003788,RIG_08,SEN_13,pressure,2424.85,psi,2025-02-02 07:33:30
E003789,RIG_02,SEN_04,temperature,84.59,C,2025-02-02 07:34:00
E003790,RIG_01,SEN_06,pressure,2501.1,psi,2025-02-02 07:34:30
E003791,RIG_10,SEN_15,flow,132.11,l/min,2025-02-02 07:35:00
E003792,RIG_07,SEN_11,temperature,91.42,C,2025-02-02 07:35:30
E003793,RIG_04,SEN_19,flow,118.11,l/min,2025-02-02 07:36:00
E003794,RIG_04,SEN_01,vibration,6.5,mm/s,2025-02-02 07:36:30
E003795,RIG_08,SEN_10,flow,121.88,l/min,2025-02-02 07:37:00
E003796,RIG_09,SEN_04,vibration,5.3,mm/s,2025-02-02 07:37:30
E003797,RIG_04,SEN_12,vibration,5.13,mm/s,2025-02-02 07:38:00
E003798,RIG_03,SEN_03,pressure,3244.23,psi,2025-02-02 07:38:30
E003799,RIG_05,SEN_20,pressure,2684.01,psi,2025-02-02 07:39:00
E003800,RIG_05,SEN_13,temperature,86.83,C,2025-02-02 07:39:30
E003801,RIG_07,SEN_06,temperature,81.95,C,2025-02-02 07:40:00
E003802,RIG_08,SEN_13,pressure,2824.57,psi,2025-02-02 07:40:30
E003803,RIG_04,SEN_15,vibration,3.59,mm/s,2025-02-02 07:41:00
E003804,RIG_10,SEN_12,pressure,2923.76,psi,2025-02-02 07:41:30
E003805,RIG_09,SEN_17,vibration,3.04,mm/s,2025-02-02 07:42:00
E003806,RIG_09,SEN_16,vibration,5.36,mm/s,2025-02-02 07:42:30
E003807,RIG_08,SEN_10,flow,143.41,l/min,2025-02-02 07:43:00
E003808,RIG_01,SEN_02,temperature,94.9,C,2025-02-02 07:43:30
E003809,RIG_08,SEN_01,pressure,3348.18,psi,2025-02-02 07:44:00
E003810,RIG_05,SEN_10,pressure,3183.58,psi,2025-02-02 07:44:30
E003811,RIG_04,SEN_17,pressure,2442.91,psi,2025-02-02 07:45:00
E003812,RIG_05,SEN_08,flow,134.0,l/min,2025-02-02 07:45:30
E003813,RIG_09,SEN_06,flow,107.11,l/min,2025-02-02 07:46:00
E003814,RIG_07,SEN_16,pressure,2605.04,psi,2025-02-02 07:46:30
E003815,RIG_05,SEN_10,pressure,2971.14,psi,2025-02-02 07:47:00
E003816,RIG_02,SEN_11,flow,105.28,l/min,2025-02-02 07:47:30
E003817,RIG_07,SEN_07,temperature,79.0,C,2025-02-02 07:48:00
E003818,RIG_01,SEN_04,temperature,215.67,C,2025-02-02 07:48:30
E003819,RIG_04,SEN_14,pressure,3274.29,psi,2025-02-02 07:49:00
E003820,RIG_02,SEN_06,flow,112.01,l/min,2025-02-02 07:49:30
E003821,RIG_08,SEN_16,vibration,3.82,mm/s,2025-02-02 07:50:00
E003822,RIG_05,SEN_14,temperature,94.54,C,2025-02-02 07:50:30
E003823,RIG_10,SEN_19,pressure,3232.94,psi,2025-02-02 07:51:00
E003824,RIG_03,SEN_12,temperature,94.87,C,2025-02-02 07:51:30
E003825,RIG_09,SEN_14,temperature,96.98,C,2025-02-02 07:52:00
E003826,RIG_06,SEN_02,pressure,3161.71,psi,2025-02-02 07:52:30
E003827,RIG_10,SEN_18,pressure,3321.03,psi,2025-02-02 07:53:00
E003828,RIG_09,SEN_13,flow,134.13,l/min,2025-02-02 07:53:30
E003829,RIG_05,SEN_11,pressure,2394.63,psi,2025-02-02 07:54:00
E003830,RIG_05,SEN_11,flow,140.16,l/min,2025-02-02 07:54:30
E003831,RIG_03,SEN_02,vibration,3.59,mm/s,2025-02-02 07:55:00
E003832,RIG_06,SEN_16,pressure,2589.92,psi,2025-02-02 07:55:30
E003833,RIG_05,SEN_10,pressure,2735.58,psi,2025-02-02 07:56:00
E003834,RIG_03,SEN_08,flow,138.55,l/min,2025-02-02 07:56:30
E003835,RIG_02,SEN_07,pressure,3254.41,psi,2025-02-02 07:57:00
E003836,RIG_07,SEN_18,pressure,3254.61,psi,2025-02-02 07:57:30
E003837,RIG_08,SEN_02,pressure,4209.72,psi,2025-02-02 07:58:00
E003838,RIG_06,SEN_13,flow,139.58,l/min,2025-02-02 07:58:30
E003839,RIG_05,SEN_07,temperature,84.3,C,2025-02-02 07:59:00
E003840,RIG_10,SEN_08,temperature,95.1,C,2025-02-02 07:59:30
E003841,RIG_09,SEN_16,pressure,2687.59,psi,2025-02-02 08:00:00
E003842,RIG_03,SEN_08,temperature,83.07,C,2025-02-02 08:00:30
E003843,RIG_01,SEN_17,temperature,88.3,C,2025-02-02 08:01:00
E003844,RIG_02,SEN_15,flow,115.79,l/min,2025-02-02 08:01:30
E003845,RIG_06,SEN_06,flow,120.81,l/min,2025-02-02 08:02:00
E003846,RIG_05,SEN_18,pressure,3298.56,psi,2025-02-02 08:02:30
E003847,RIG_09,SEN_01,flow,122.45,l/min,2025-02-02 08:03:00
E003848,RIG_04,SEN_18,flow,122.81,l/min,2025-02-02 08:03:30
E003849,RIG_07,SEN_01,temperature,96.23,C,2025-02-02 08:04:00
E003850,RIG_05,SEN_15,pressure,2426.2,psi,2025-02-02 08:04:30
E003851,RIG_03,SEN_13,temperature,94.19,C,2025-02-02 08:05:00
E003852,RIG_07,SEN_16,flow,115.98,l/min,2025-02-02 08:05:30
E003853,RIG_04,SEN_03,flow,142.94,l/min,2025-02-02 08:06:00
E003854,RIG_07,SEN_03,vibration,10.85,mm/s,2025-02-02 08:06:30
E003855,RIG_07,SEN_11,flow,129.43,l/min,2025-02-02 08:07:00
E003856,RIG_09,SEN_11,pressure,5759.03,psi,2025-02-02 08:07:30
E003857,RIG_07,SEN_06,vibration,3.74,mm/s,2025-02-02 08:08:00
E003858,RIG_01,SEN_18,flow,135.67,l/min,2025-02-02 08:08:30
E003859,RIG_02,SEN_14,flow,136.17,l/min,2025-02-02 08:09:00
E003860,RIG_09,SEN_01,temperature,85.98,C,2025-02-02 08:09:30
E003861,RIG_04,SEN_05,pressure,3097.94,psi,2025-02-02 08:10:00
E003862,RIG_05,SEN_03,pressure,5151.78,psi,2025-02-02 08:10:30
E003863,RIG_08,SEN_13,vibration,4.8,mm/s,2025-02-02 08:11:00
E003864,RIG_08,SEN_05,pressure,2647.28,psi,2025-02-02 08:11:30
E003865,RIG_06,SEN_10,vibration,4.14,mm/s,2025-02-02 08:12:00
E003866,RIG_08,SEN_09,vibration,6.33,mm/s,2025-02-02 08:12:30
E003867,RIG_09,SEN_07,pressure,3201.64,psi,2025-02-02 08:13:00
E003868,RIG_03,SEN_14,flow,108.36,l/min,2025-02-02 08:13:30
E003869,RIG_08,SEN_01,flow,139.95,l/min,2025-02-02 08:14:00
E003870,RIG_01,SEN_12,vibration,2.61,mm/s,2025-02-02 08:14:30
E003871,RIG_06,SEN_19,vibration,4.01,mm/s,2025-02-02 08:15:00
E003872,RIG_09,SEN_10,pressure,2453.28,psi,2025-02-02 08:15:30
E003873,RIG_07,SEN_02,temperature,86.73,C,2025-02-02 08:16:00
E003874,RIG_09,SEN_02,flow,127.01,l/min,2025-02-02 08:16:30
E003875,RIG_10,SEN_09,temperature,91.1,C,2025-02-02 08:17:00
E003876,RIG_09,SEN_03,temperature,83.55,C,2025-02-02 08:17:30
E003877,RIG_10,SEN_19,vibration,3.83,mm/s,2025-02-02 08:18:00
E003878,RIG_04,SEN_03,flow,125.67,l/min,2025-02-02 08:18:30
E003879,RIG_10,SEN_16,vibration,2.61,mm/s,2025-02-02 08:19:00
E003880,RIG_04,SEN_19,vibration,2.56,mm/s,2025-02-02 08:19:30
E003881,RIG_03,SEN_17,temperature,85.92,C,2025-02-02 08:20:00
E003882,RIG_10,SEN_03,flow,121.53,l/min,2025-02-02 08:20:30
E003883,RIG_03,SEN_09,vibration,3.09,mm/s,2025-02-02 08:21:00
E003884,RIG_06,SEN_19,vibration,4.07,mm/s,2025-02-02 08:21:30
E003885,RIG_02,SEN_20,temperature,84.42,C,2025-02-02 08:22:00
E003886,RIG_06,SEN_09,temperature,92.24,C,2025-02-02 08:22:30
E003887,RIG_04,SEN_16,flow,124.51,l/min,2025-02-02 08:23:00
E003888,RIG_09,SEN_14,flow,133.29,l/min,2025-02-02 08:23:30
E003889,RIG_05,SEN_11,flow,109.52,l/min,2025-02-02 08:24:00
E003890,RIG_06,SEN_14,vibration,5.7,mm/s,2025-02-02 08:24:30
E003891,RIG_04,SEN_17,vibration,3.39,mm/s,2025-02-02 08:25:00
E003892,RIG_04,SEN_04,temperature,88.21,C,2025-02-02 08:25:30
E003893,RIG_10,SEN_07,flow,119.45,l/min,2025-02-02 08:26:00
E003894,RIG_10,SEN_06,vibration,4.28,mm/s,2025-02-02 08:26:30
E003895,RIG_08,SEN_13,temperature,88.73,C,2025-02-02 08:27:00
E003896,RIG_02,SEN_10,vibration,2.91,mm/s,2025-02-02 08:27:30
E003897,RIG_06,SEN_14,temperature,85.38,C,2025-02-02 08:28:00
E003898,RIG_08,SEN_08,vibration,4.13,mm/s,2025-02-02 08:28:30
E003899,RIG_03,SEN_10,temperature,94.25,C,2025-02-02 08:29:00
E003900,RIG_09,SEN_08,pressure,3182.66,psi,2025-02-02 08:29:30
E003901,RIG_06,SEN_02,temperature,84.35,C,2025-02-02 08:30:00
E003902,RIG_01,SEN_20,vibration,4.81,mm/s,2025-02-02 08:30:30
E003903,RIG_05,SEN_20,pressure,3130.99,psi,2025-02-02 08:31:00
E003904,RIG_07,SEN_19,flow,137.74,l/min,2025-02-02 08:31:30
E003905,RIG_02,SEN_19,temperature,82.45,C,2025-02-02 08:32:00
E003906,RIG_10,SEN_16,flow,120.34,l/min,2025-02-02 08:32:30
E003907,RIG_07,SEN_01,temperature,85.12,C,2025-02-02 08:33:00
E003908,RIG_08,SEN_18,temperature,90.79,C,2025-02-02 08:33:30
E003909,RIG_09,SEN_09,flow,107.13,l/min,2025-02-02 08:34:00
E003910,RIG_06,SEN_13,vibration,3.35,mm/s,2025-02-02 08:34:30
E003911,RIG_07,SEN_11,pressure,4230.96,psi,2025-02-02 08:35:00
E003912,RIG_03,SEN_18,pressure,2638.26,psi,2025-02-02 08:35:30
E003913,RIG_10,SEN_11,vibration,4.92,mm/s,2025-02-02 08:36:00
E003914,RIG_06,SEN_16,pressure,2555.03,psi,2025-02-02 08:36:30
E003915,RIG_04,SEN_13,temperature,83.01,C,2025-02-02 08:37:00
E003916,RIG_04,SEN_19,vibration,4.69,mm/s,2025-02-02 08:37:30
E003917,RIG_06,SEN_06,vibration,5.68,mm/s,2025-02-02 08:38:00
E003918,RIG_05,SEN_20,flow,120.47,l/min,2025-02-02 08:38:30
E003919,RIG_09,SEN_18,temperature,89.03,C,2025-02-02 08:39:00
E003920,RIG_03,SEN_20,pressure,2462.36,psi,2025-02-02 08:39:30
E003921,RIG_10,SEN_17,temperature,83.9,C,2025-02-02 08:40:00
E003922,RIG_03,SEN_20,flow,143.06,l/min,2025-02-02 08:40:30
E003923,RIG_09,SEN_20,vibration,6.36,mm/s,2025-02-02 08:41:00
E003924,RIG_09,SEN_06,vibration,6.11,mm/s,2025-02-02 08:41:30
E003925,RIG_03,SEN_05,temperature,223.91,C,2025-02-02 08:42:00
E003926,RIG_07,SEN_12,temperature,93.85,C,2025-02-02 08:42:30
E003927,RIG_08,SEN_16,pressure,2869.22,psi,2025-02-02 08:43:00
E003928,RIG_01,SEN_20,flow,111.51,l/min,2025-02-02 08:43:30
E003929,RIG_06,SEN_18,vibration,4.08,mm/s,2025-02-02 08:44:00
E003930,RIG_01,SEN_14,temperature,91.03,C,2025-02-02 08:44:30
E003931,RIG_03,SEN_14,pressure,3047.12,psi,2025-02-02 08:45:00
E003932,RIG_05,SEN_08,flow,106.8,l/min,2025-02-02 08:45:30
E003933,RIG_09,SEN_13,flow,105.88,l/min,2025-02-02 08:46:00
E003934,RIG_08,SEN_05,pressure,2851.64,psi,2025-02-02 08:46:30
E003935,RIG_03,SEN_05,vibration,3.68,mm/s,2025-02-02 08:47:00
E003936,RIG_06,SEN_18,flow,124.69,l/min,2025-02-02 08:47:30
E003937,RIG_08,SEN_20,flow,137.78,l/min,2025-02-02 08:48:00
E003938,RIG_03,SEN_07,vibration,5.13,mm/s,2025-02-02 08:48:30
E003939,RIG_01,SEN_11,pressure,2798.0,psi,2025-02-02 08:49:00
E003940,RIG_08,SEN_11,flow,108.71,l/min,2025-02-02 08:49:30
E003941,RIG_07,SEN_04,vibration,6.33,mm/s,2025-02-02 08:50:00
E003942,RIG_09,SEN_10,temperature,94.04,C,2025-02-02 08:50:30
E003943,RIG_03,SEN_07,flow,141.35,l/min,2025-02-02 08:51:00
E003944,RIG_09,SEN_11,pressure,5925.59,psi,2025-02-02 08:51:30
E003945,RIG_08,SEN_09,temperature,87.86,C,2025-02-02 08:52:00
E003946,RIG_05,SEN_11,flow,120.41,l/min,2025-02-02 08:52:30
E003947,RIG_03,SEN_14,vibration,6.13,mm/s,2025-02-02 08:53:00
E003948,RIG_01,SEN_20,temperature,94.96,C,2025-02-02 08:53:30
E003949,RIG_03,SEN_15,flow,122.56,l/min,2025-02-02 08:54:00
E003950,RIG_04,SEN_19,temperature,85.23,C,2025-02-02 08:54:30
E003951,RIG_01,SEN_01,flow,117.91,l/min,2025-02-02 08:55:00
E003952,RIG_04,SEN_09,temperature,91.1,C,2025-02-02 08:55:30
E003953,RIG_01,SEN_08,pressure,3092.99,psi,2025-02-02 08:56:00
E003954,RIG_01,SEN_06,vibration,5.77,mm/s,2025-02-02 08:56:30
E003955,RIG_08,SEN_11,pressure,2927.92,psi,2025-02-02 08:57:00
E003956,RIG_08,SEN_18,pressure,2468.85,psi,2025-02-02 08:57:30
E003957,RIG_08,SEN_14,pressure,3318.55,psi,2025-02-02 08:58:00
E003958,RIG_02,SEN_03,temperature,90.26,C,2025-02-02 08:58:30
E003959,RIG_04,SEN_05,temperature,86.16,C,2025-02-02 08:59:00
E003960,RIG_01,SEN_18,temperature,92.89,C,2025-02-02 08:59:30
E003961,RIG_01,SEN_13,flow,139.89,l/min,2025-02-02 09:00:00
E003962,RIG_09,SEN_07,vibration,3.78,mm/s,2025-02-02 09:00:30
E003963,RIG_07,SEN_13,temperature,81.39,C,2025-02-02 09:01:00
E003964,RIG_02,SEN_20,flow,144.82,l/min,2025-02-02 09:01:30
E003965,RIG_06,SEN_14,pressure,2814.89,psi,2025-02-02 09:02:00
E003966,RIG_03,SEN_08,vibration,3.17,mm/s,2025-02-02 09:02:30
E003967,RIG_04,SEN_06,temperature,96.67,C,2025-02-02 09:03:00
E003968,RIG_05,SEN_08,vibration,5.85,mm/s,2025-02-02 09:03:30
E003969,RIG_10,SEN_11,vibration,6.49,mm/s,2025-02-02 09:04:00
E003970,RIG_10,SEN_20,temperature,81.06,C,2025-02-02 09:04:30
E003971,RIG_09,SEN_08,vibration,3.85,mm/s,2025-02-02 09:05:00
E003972,RIG_01,SEN_10,vibration,5.96,mm/s,2025-02-02 09:05:30
E003973,RIG_06,SEN_12,vibration,4.84,mm/s,2025-02-02 09:06:00
E003974,RIG_05,SEN_11,vibration,4.15,mm/s,2025-02-02 09:06:30
E003975,RIG_07,SEN_14,flow,140.96,l/min,2025-02-02 09:07:00
E003976,RIG_10,SEN_03,temperature,83.79,C,2025-02-02 09:07:30
E003977,RIG_04,SEN_15,pressure,3131.7,psi,2025-02-02 09:08:00
E003978,RIG_07,SEN_19,flow,110.35,l/min,2025-02-02 09:08:30
E003979,RIG_07,SEN_08,flow,115.31,l/min,2025-02-02 09:09:00
E003980,RIG_10,SEN_17,temperature,79.39,C,2025-02-02 09:09:30
E003981,RIG_08,SEN_16,flow,129.67,l/min,2025-02-02 09:10:00
E003982,RIG_06,SEN_04,pressure,2845.56,psi,2025-02-02 09:10:30
E003983,RIG_01,SEN_08,vibration,3.56,mm/s,2025-02-02 09:11:00
E003984,RIG_09,SEN_15,pressure,3115.53,psi,2025-02-02 09:11:30
E003985,RIG_08,SEN_02,flow,115.59,l/min,2025-02-02 09:12:00
E003986,RIG_09,SEN_06,pressure,3240.57,psi,2025-02-02 09:12:30
E003987,RIG_07,SEN_08,pressure,3076.26,psi,2025-02-02 09:13:00
E003988,RIG_07,SEN_17,vibration,4.97,mm/s,2025-02-02 09:13:30
E003989,RIG_02,SEN_12,vibration,6.37,mm/s,2025-02-02 09:14:00
E003990,RIG_09,SEN_15,flow,125.82,l/min,2025-02-02 09:14:30
E003991,RIG_06,SEN_20,pressure,3221.82,psi,2025-02-02 09:15:00
E003992,RIG_01,SEN_10,pressure,2981.9,psi,2025-02-02 09:15:30
E003993,RIG_09,SEN_05,temperature,95.49,C,2025-02-02 09:16:00
E003994,RIG_03,SEN_19,vibration,3.17,mm/s,2025-02-02 09:16:30
E003995,RIG_05,SEN_02,pressure,2524.23,psi,2025-02-02 09:17:00
E003996,RIG_03,SEN_14,pressure,2994.72,psi,2025-02-02 09:17:30
E003997,RIG_08,SEN_17,temperature,82.89,C,2025-02-02 09:18:00
E003998,RIG_09,SEN_17,flow,132.5,l/min,2025-02-02 09:18:30
E003999,RIG_10,SEN_15,flow,124.08,l/min,2025-02-02 09:19:00
E004000,RIG_03,SEN_07,temperature,80.56,C,2025-02-02 09:19:30
E004001,RIG_05,SEN_11,temperature,97.12,C,2025-02-02 09:20:00
E004002,RIG_04,SEN_08,temperature,82.74,C,2025-02-02 09:20:30
E004003,RIG_10,SEN_14,vibration,3.45,mm/s,2025-02-02 09:21:00
E004004,RIG_07,SEN_15,flow,112.58,l/min,2025-02-02 09:21:30
E004005,RIG_09,SEN_19,flow,121.41,l/min,2025-02-02 09:22:00
E004006,RIG_04,SEN_04,temperature,91.09,C,2025-02-02 09:22:30
E004007,RIG_02,SEN_04,vibration,6.03,mm/s,2025-02-02 09:23:00
E004008,RIG_06,SEN_06,vibration,5.43,mm/s,2025-02-02 09:23:30
E004009,RIG_02,SEN_01,temperature,90.56,C,2025-02-02 09:24:00
E004010,RIG_08,SEN_13,flow,109.52,l/min,2025-02-02 09:24:30
E004011,RIG_06,SEN_01,vibration,6.32,mm/s,2025-02-02 09:25:00
E004012,RIG_04,SEN_19,vibration,2.91,mm/s,2025-02-02 09:25:30
E004013,RIG_07,SEN_05,pressure,2841.04,psi,2025-02-02 09:26:00
E004014,RIG_01,SEN_01,vibration,5.97,mm/s,2025-02-02 09:26:30
E004015,RIG_06,SEN_15,flow,126.81,l/min,2025-02-02 09:27:00
E004016,RIG_05,SEN_05,temperature,85.82,C,2025-02-02 09:27:30
E004017,RIG_06,SEN_15,vibration,3.38,mm/s,2025-02-02 09:28:00
E004018,RIG_06,SEN_16,temperature,85.45,C,2025-02-02 09:28:30
E004019,RIG_04,SEN_17,vibration,3.25,mm/s,2025-02-02 09:29:00
E004020,RIG_09,SEN_01,vibration,4.81,mm/s,2025-02-02 09:29:30
E004021,RIG_04,SEN_20,temperature,86.21,C,2025-02-02 09:30:00
E004022,RIG_04,SEN_09,pressure,3240.31,psi,2025-02-02 09:30:30
E004023,RIG_01,SEN_01,pressure,2421.06,psi,2025-02-02 09:31:00
E004024,RIG_03,SEN_15,temperature,94.03,C,2025-02-02 09:31:30
E004025,RIG_04,SEN_12,flow,133.61,l/min,2025-02-02 09:32:00
E004026,RIG_02,SEN_19,pressure,2508.42,psi,2025-02-02 09:32:30
E004027,RIG_04,SEN_04,temperature,86.1,C,2025-02-02 09:33:00
E004028,RIG_09,SEN_08,vibration,4.27,mm/s,2025-02-02 09:33:30
E004029,RIG_02,SEN_08,pressure,2922.21,psi,2025-02-02 09:34:00
E004030,RIG_01,SEN_12,vibration,3.81,mm/s,2025-02-02 09:34:30
E004031,RIG_02,SEN_20,temperature,80.51,C,2025-02-02 09:35:00
E004032,RIG_10,SEN_15,temperature,80.04,C,2025-02-02 09:35:30
E004033,RIG_09,SEN_08,flow,122.87,l/min,2025-02-02 09:36:00
E004034,RIG_08,SEN_10,temperature,94.09,C,2025-02-02 09:36:30
E004035,RIG_05,SEN_20,temperature,169.26,C,2025-02-02 09:37:00
E004036,RIG_02,SEN_18,vibration,5.43,mm/s,2025-02-02 09:37:30
E004037,RIG_09,SEN_02,temperature,89.7,C,2025-02-02 09:38:00
E004038,RIG_07,SEN_13,flow,110.14,l/min,2025-02-02 09:38:30
E004039,RIG_10,SEN_08,temperature,78.25,C,2025-02-02 09:39:00
E004040,RIG_04,SEN_20,temperature,97.93,C,2025-02-02 09:39:30
E004041,RIG_04,SEN_05,flow,115.43,l/min,2025-02-02 09:40:00
E004042,RIG_09,SEN_20,pressure,2652.36,psi,2025-02-02 09:40:30
E004043,RIG_01,SEN_10,temperature,90.8,C,2025-02-02 09:41:00
E004044,RIG_02,SEN_18,temperature,84.52,C,2025-02-02 09:41:30
E004045,RIG_05,SEN_17,temperature,89.55,C,2025-02-02 09:42:00
E004046,RIG_06,SEN_13,vibration,6.36,mm/s,2025-02-02 09:42:30
E004047,RIG_07,SEN_16,vibration,5.41,mm/s,2025-02-02 09:43:00
E004048,RIG_10,SEN_07,pressure,3041.37,psi,2025-02-02 09:43:30
E004049,RIG_09,SEN_14,pressure,3017.45,psi,2025-02-02 09:44:00
E004050,RIG_10,SEN_07,flow,145.53,l/min,2025-02-02 09:44:30
E004051,RIG_05,SEN_18,flow,111.3,l/min,2025-02-02 09:45:00
E004052,RIG_08,SEN_03,vibration,5.08,mm/s,2025-02-02 09:45:30
E004053,RIG_04,SEN_09,flow,145.87,l/min,2025-02-02 09:46:00
E004054,RIG_01,SEN_11,temperature,83.78,C,2025-02-02 09:46:30
E004055,RIG_10,SEN_08,temperature,85.34,C,2025-02-02 09:47:00
E004056,RIG_06,SEN_04,vibration,6.91,mm/s,2025-02-02 09:47:30
E004057,RIG_09,SEN_09,pressure,2540.59,psi,2025-02-02 09:48:00
E004058,RIG_09,SEN_15,flow,135.45,l/min,2025-02-02 09:48:30
E004059,RIG_06,SEN_06,temperature,87.35,C,2025-02-02 09:49:00
E004060,RIG_03,SEN_04,flow,126.46,l/min,2025-02-02 09:49:30
E004061,RIG_02,SEN_05,pressure,6568.66,psi,2025-02-02 09:50:00
E004062,RIG_09,SEN_18,flow,108.02,l/min,2025-02-02 09:50:30
E004063,RIG_03,SEN_13,pressure,2535.4,psi,2025-02-02 09:51:00
E004064,RIG_01,SEN_04,vibration,6.02,mm/s,2025-02-02 09:51:30
E004065,RIG_04,SEN_17,flow,116.88,l/min,2025-02-02 09:52:00
E004066,RIG_01,SEN_07,temperature,87.97,C,2025-02-02 09:52:30
E004067,RIG_06,SEN_10,pressure,3179.46,psi,2025-02-02 09:53:00
E004068,RIG_06,SEN_18,flow,111.79,l/min,2025-02-02 09:53:30
E004069,RIG_02,SEN_20,vibration,5.43,mm/s,2025-02-02 09:54:00
E004070,RIG_05,SEN_14,vibration,3.42,mm/s,2025-02-02 09:54:30
E004071,RIG_04,SEN_18,temperature,80.68,C,2025-02-02 09:55:00
E004072,RIG_09,SEN_04,temperature,88.47,C,2025-02-02 09:55:30
E004073,RIG_02,SEN_19,vibration,4.49,mm/s,2025-02-02 09:56:00
E004074,RIG_07,SEN_05,pressure,3232.12,psi,2025-02-02 09:56:30
E004075,RIG_01,SEN_11,pressure,2456.21,psi,2025-02-02 09:57:00
E004076,RIG_03,SEN_07,pressure,3236.64,psi,2025-02-02 09:57:30
E004077,RIG_07,SEN_03,vibration,4.24,mm/s,2025-02-02 09:58:00
E004078,RIG_06,SEN_02,temperature,88.43,C,2025-02-02 09:58:30
E004079,RIG_08,SEN_07,flow,136.74,l/min,2025-02-02 09:59:00
E004080,RIG_02,SEN_15,flow,136.44,l/min,2025-02-02 09:59:30
E004081,RIG_01,SEN_07,flow,126.03,l/min,2025-02-02 10:00:00
E004082,RIG_02,SEN_14,vibration,3.44,mm/s,2025-02-02 10:00:30
E004083,RIG_01,SEN_10,temperature,88.9,C,2025-02-02 10:01:00
E004084,RIG_10,SEN_12,vibration,4.59,mm/s,2025-02-02 10:01:30
E004085,RIG_08,SEN_04,vibration,6.36,mm/s,2025-02-02 10:02:00
E004086,RIG_05,SEN_08,vibration,5.89,mm/s,2025-02-02 10:02:30
E004087,RIG_02,SEN_11,temperature,96.75,C,2025-02-02 10:03:00
E004088,RIG_01,SEN_03,pressure,3033.77,psi,2025-02-02 10:03:30
E004089,RIG_08,SEN_06,temperature,79.07,C,2025-02-02 10:04:00
E004090,RIG_02,SEN_11,temperature,85.95,C,2025-02-02 10:04:30
E004091,RIG_08,SEN_10,pressure,2993.27,psi,2025-02-02 10:05:00
E004092,RIG_09,SEN_16,pressure,3043.83,psi,2025-02-02 10:05:30
E004093,RIG_09,SEN_06,pressure,3355.23,psi,2025-02-02 10:06:00
E004094,RIG_02,SEN_04,vibration,5.48,mm/s,2025-02-02 10:06:30
E004095,RIG_03,SEN_09,temperature,82.6,C,2025-02-02 10:07:00
E004096,RIG_09,SEN_20,flow,118.49,l/min,2025-02-02 10:07:30
E004097,RIG_03,SEN_08,pressure,3038.49,psi,2025-02-02 10:08:00
E004098,RIG_09,SEN_19,temperature,81.15,C,2025-02-02 10:08:30
E004099,RIG_04,SEN_16,vibration,3.01,mm/s,2025-02-02 10:09:00
E004100,RIG_10,SEN_10,flow,111.03,l/min,2025-02-02 10:09:30
E004101,RIG_04,SEN_10,temperature,80.69,C,2025-02-02 10:10:00
E004102,RIG_02,SEN_06,temperature,91.85,C,2025-02-02 10:10:30
E004103,RIG_07,SEN_01,vibration,5.09,mm/s,2025-02-02 10:11:00
E004104,RIG_07,SEN_05,vibration,6.56,mm/s,2025-02-02 10:11:30
E004105,RIG_08,SEN_05,pressure,2658.09,psi,2025-02-02 10:12:00
E004106,RIG_05,SEN_03,pressure,5275.81,psi,2025-02-02 10:12:30
E004107,RIG_01,SEN_14,vibration,4.27,mm/s,2025-02-02 10:13:00
E004108,RIG_10,SEN_13,pressure,3246.32,psi,2025-02-02 10:13:30
E004109,RIG_05,SEN_09,temperature,79.34,C,2025-02-02 10:14:00
E004110,RIG_09,SEN_12,temperature,88.26,C,2025-02-02 10:14:30
E004111,RIG_02,SEN_12,flow,144.71,l/min,2025-02-02 10:15:00
E004112,RIG_03,SEN_09,temperature,162.6,C,2025-02-02 10:15:30
E004113,RIG_06,SEN_04,vibration,2.84,mm/s,2025-02-02 10:16:00
E004114,RIG_02,SEN_02,flow,140.05,l/min,2025-02-02 10:16:30
E004115,RIG_08,SEN_19,temperature,86.34,C,2025-02-02 10:17:00
E004116,RIG_10,SEN_20,temperature,95.38,C,2025-02-02 10:17:30
E004117,RIG_06,SEN_03,vibration,5.81,mm/s,2025-02-02 10:18:00
E004118,RIG_07,SEN_15,vibration,2.78,mm/s,2025-02-02 10:18:30
E004119,RIG_08,SEN_02,vibration,3.83,mm/s,2025-02-02 10:19:00
E004120,RIG_10,SEN_01,temperature,81.01,C,2025-02-02 10:19:30
E004121,RIG_05,SEN_19,flow,108.18,l/min,2025-02-02 10:20:00
E004122,RIG_09,SEN_10,flow,123.73,l/min,2025-02-02 10:20:30
E004123,RIG_02,SEN_08,pressure,2648.76,psi,2025-02-02 10:21:00
E004124,RIG_02,SEN_17,pressure,2468.91,psi,2025-02-02 10:21:30
E004125,RIG_09,SEN_03,vibration,3.02,mm/s,2025-02-02 10:22:00
E004126,RIG_04,SEN_01,vibration,3.45,mm/s,2025-02-02 10:22:30
E004127,RIG_01,SEN_11,flow,137.88,l/min,2025-02-02 10:23:00
E004128,RIG_10,SEN_04,vibration,6.5,mm/s,2025-02-02 10:23:30
E004129,RIG_08,SEN_13,vibration,4.53,mm/s,2025-02-02 10:24:00
E004130,RIG_04,SEN_14,pressure,3086.41,psi,2025-02-02 10:24:30
E004131,RIG_02,SEN_01,temperature,91.3,C,2025-02-02 10:25:00
E004132,RIG_08,SEN_14,temperature,79.94,C,2025-02-02 10:25:30
E004133,RIG_03,SEN_03,pressure,2860.17,psi,2025-02-02 10:26:00
E004134,RIG_08,SEN_07,temperature,87.67,C,2025-02-02 10:26:30
E004135,RIG_09,SEN_18,flow,145.6,l/min,2025-02-02 10:27:00
E004136,RIG_05,SEN_10,flow,134.27,l/min,2025-02-02 10:27:30
E004137,RIG_05,SEN_18,pressure,3315.82,psi,2025-02-02 10:28:00
E004138,RIG_08,SEN_20,pressure,3126.24,psi,2025-02-02 10:28:30
E004139,RIG_10,SEN_03,flow,142.33,l/min,2025-02-02 10:29:00
E004140,RIG_02,SEN_07,pressure,3305.92,psi,2025-02-02 10:29:30
E004141,RIG_03,SEN_01,vibration,4.34,mm/s,2025-02-02 10:30:00
E004142,RIG_05,SEN_10,temperature,89.87,C,2025-02-02 10:30:30
E004143,RIG_06,SEN_12,pressure,3175.17,psi,2025-02-02 10:31:00
E004144,RIG_07,SEN_08,temperature,95.4,C,2025-02-02 10:31:30
E004145,RIG_06,SEN_16,vibration,3.26,mm/s,2025-02-02 10:32:00
E004146,RIG_09,SEN_17,pressure,2776.82,psi,2025-02-02 10:32:30
E004147,RIG_01,SEN_10,flow,145.13,l/min,2025-02-02 10:33:00
E004148,RIG_03,SEN_09,temperature,94.04,C,2025-02-02 10:33:30
E004149,RIG_02,SEN_07,vibration,4.22,mm/s,2025-02-02 10:34:00
E004150,RIG_10,SEN_12,temperature,162.83,C,2025-02-02 10:34:30
E004151,RIG_04,SEN_13,flow,121.6,l/min,2025-02-02 10:35:00
E004152,RIG_06,SEN_14,vibration,4.2,mm/s,2025-02-02 10:35:30
E004153,RIG_03,SEN_13,pressure,2786.31,psi,2025-02-02 10:36:00
E004154,RIG_02,SEN_07,pressure,3320.65,psi,2025-02-02 10:36:30
E004155,RIG_02,SEN_19,flow,145.8,l/min,2025-02-02 10:37:00
E004156,RIG_06,SEN_12,vibration,3.16,mm/s,2025-02-02 10:37:30
E004157,RIG_04,SEN_14,temperature,88.62,C,2025-02-02 10:38:00
E004158,RIG_04,SEN_17,vibration,6.0,mm/s,2025-02-02 10:38:30
E004159,RIG_02,SEN_15,vibration,5.82,mm/s,2025-02-02 10:39:00
E004160,RIG_06,SEN_02,flow,259.68,l/min,2025-02-02 10:39:30
E004161,RIG_04,SEN_20,pressure,3198.16,psi,2025-02-02 10:40:00
E004162,RIG_04,SEN_19,pressure,2555.42,psi,2025-02-02 10:40:30
E004163,RIG_02,SEN_12,pressure,3362.47,psi,2025-02-02 10:41:00
E004164,RIG_07,SEN_18,vibration,2.8,mm/s,2025-02-02 10:41:30
E004165,RIG_10,SEN_02,temperature,87.0,C,2025-02-02 10:42:00
E004166,RIG_06,SEN_04,vibration,5.58,mm/s,2025-02-02 10:42:30
E004167,RIG_01,SEN_06,pressure,2865.81,psi,2025-02-02 10:43:00
E004168,RIG_07,SEN_01,temperature,80.24,C,2025-02-02 10:43:30
E004169,RIG_01,SEN_18,temperature,90.32,C,2025-02-02 10:44:00
E004170,RIG_01,SEN_08,pressure,3416.43,psi,2025-02-02 10:44:30
E004171,RIG_08,SEN_07,pressure,7789.03,psi,2025-02-02 10:45:00
E004172,RIG_10,SEN_16,temperature,80.1,C,2025-02-02 10:45:30
E004173,RIG_02,SEN_14,vibration,4.7,mm/s,2025-02-02 10:46:00
E004174,RIG_03,SEN_18,vibration,2.81,mm/s,2025-02-02 10:46:30
E004175,RIG_04,SEN_15,pressure,2911.78,psi,2025-02-02 10:47:00
E004176,RIG_09,SEN_14,flow,110.91,l/min,2025-02-02 10:47:30
E004177,RIG_01,SEN_14,vibration,5.33,mm/s,2025-02-02 10:48:00
E004178,RIG_08,SEN_06,flow,212.88,l/min,2025-02-02 10:48:30
E004179,RIG_10,SEN_12,vibration,4.56,mm/s,2025-02-02 10:49:00
E004180,RIG_03,SEN_07,flow,111.41,l/min,2025-02-02 10:49:30
E004181,RIG_03,SEN_07,vibration,3.84,mm/s,2025-02-02 10:50:00
E004182,RIG_05,SEN_18,flow,126.76,l/min,2025-02-02 10:50:30
E004183,RIG_03,SEN_12,vibration,5.14,mm/s,2025-02-02 10:51:00
E004184,RIG_09,SEN_11,temperature,94.22,C,2025-02-02 10:51:30
E004185,RIG_09,SEN_18,flow,113.39,l/min,2025-02-02 10:52:00
E004186,RIG_07,SEN_06,pressure,3249.49,psi,2025-02-02 10:52:30
E004187,RIG_04,SEN_13,temperature,84.68,C,2025-02-02 10:53:00
E004188,RIG_02,SEN_01,temperature,78.57,C,2025-02-02 10:53:30
E004189,RIG_04,SEN_05,vibration,3.76,mm/s,2025-02-02 10:54:00
E004190,RIG_07,SEN_04,vibration,4.47,mm/s,2025-02-02 10:54:30
E004191,RIG_07,SEN_08,vibration,4.46,mm/s,2025-02-02 10:55:00
E004192,RIG_05,SEN_14,pressure,2556.6,psi,2025-02-02 10:55:30
E004193,RIG_05,SEN_05,pressure,3253.74,psi,2025-02-02 10:56:00
E004194,RIG_06,SEN_10,pressure,2994.44,psi,2025-02-02 10:56:30
E004195,RIG_02,SEN_15,flow,138.26,l/min,2025-02-02 10:57:00
E004196,RIG_10,SEN_07,flow,107.83,l/min,2025-02-02 10:57:30
E004197,RIG_08,SEN_04,vibration,6.5,mm/s,2025-02-02 10:58:00
E004198,RIG_10,SEN_11,pressure,2617.01,psi,2025-02-02 10:58:30
E004199,RIG_02,SEN_13,vibration,3.23,mm/s,2025-02-02 10:59:00
E004200,RIG_05,SEN_11,flow,132.9,l/min,2025-02-02 10:59:30
E004201,RIG_08,SEN_08,temperature,93.49,C,2025-02-02 11:00:00
E004202,RIG_05,SEN_14,vibration,4.88,mm/s,2025-02-02 11:00:30
E004203,RIG_04,SEN_13,pressure,2772.81,psi,2025-02-02 11:01:00
E004204,RIG_02,SEN_11,vibration,4.84,mm/s,2025-02-02 11:01:30
E004205,RIG_01,SEN_07,vibration,4.6,mm/s,2025-02-02 11:02:00
E004206,RIG_05,SEN_18,pressure,2730.55,psi,2025-02-02 11:02:30
E004207,RIG_02,SEN_11,temperature,89.27,C,2025-02-02 11:03:00
E004208,RIG_07,SEN_19,vibration,3.99,mm/s,2025-02-02 11:03:30
E004209,RIG_01,SEN_02,flow,130.66,l/min,2025-02-02 11:04:00
E004210,RIG_09,SEN_13,flow,119.86,l/min,2025-02-02 11:04:30
E004211,RIG_01,SEN_04,flow,127.88,l/min,2025-02-02 11:05:00
E004212,RIG_03,SEN_03,temperature,86.16,C,2025-02-02 11:05:30
E004213,RIG_07,SEN_14,temperature,84.71,C,2025-02-02 11:06:00
E004214,RIG_09,SEN_11,vibration,6.31,mm/s,2025-02-02 11:06:30
E004215,RIG_02,SEN_10,flow,115.1,l/min,2025-02-02 11:07:00
E004216,RIG_10,SEN_13,flow,140.48,l/min,2025-02-02 11:07:30
E004217,RIG_09,SEN_01,pressure,3115.51,psi,2025-02-02 11:08:00
E004218,RIG_07,SEN_14,temperature,95.72,C,2025-02-02 11:08:30
E004219,RIG_03,SEN_11,vibration,3.79,mm/s,2025-02-02 11:09:00
E004220,RIG_02,SEN_08,vibration,5.93,mm/s,2025-02-02 11:09:30
E004221,RIG_01,SEN_05,flow,146.37,l/min,2025-02-02 11:10:00
E004222,RIG_07,SEN_02,temperature,87.24,C,2025-02-02 11:10:30
E004223,RIG_02,SEN_15,pressure,3319.56,psi,2025-02-02 11:11:00
E004224,RIG_04,SEN_12,vibration,5.63,mm/s,2025-02-02 11:11:30
E004225,RIG_09,SEN_15,temperature,94.56,C,2025-02-02 11:12:00
E004226,RIG_05,SEN_12,vibration,4.02,mm/s,2025-02-02 11:12:30
E004227,RIG_04,SEN_18,temperature,95.96,C,2025-02-02 11:13:00
E004228,RIG_09,SEN_09,flow,131.76,l/min,2025-02-02 11:13:30
E004229,RIG_03,SEN_20,flow,130.05,l/min,2025-02-02 11:14:00
E004230,RIG_08,SEN_10,flow,115.36,l/min,2025-02-02 11:14:30
E004231,RIG_05,SEN_08,pressure,6957.64,psi,2025-02-02 11:15:00
E004232,RIG_07,SEN_07,vibration,4.14,mm/s,2025-02-02 11:15:30
E004233,RIG_09,SEN_09,vibration,4.14,mm/s,2025-02-02 11:16:00
E004234,RIG_09,SEN_11,temperature,83.46,C,2025-02-02 11:16:30
E004235,RIG_07,SEN_09,flow,113.01,l/min,2025-02-02 11:17:00
E004236,RIG_07,SEN_01,flow,117.56,l/min,2025-02-02 11:17:30
E004237,RIG_03,SEN_08,temperature,88.47,C,2025-02-02 11:18:00
E004238,RIG_02,SEN_03,temperature,79.12,C,2025-02-02 11:18:30
E004239,RIG_08,SEN_15,temperature,83.44,C,2025-02-02 11:19:00
E004240,RIG_07,SEN_02,temperature,81.07,C,2025-02-02 11:19:30
E004241,RIG_05,SEN_02,vibration,3.25,mm/s,2025-02-02 11:20:00
E004242,RIG_10,SEN_03,pressure,3090.6,psi,2025-02-02 11:20:30
E004243,RIG_07,SEN_02,pressure,3269.41,psi,2025-02-02 11:21:00
E004244,RIG_04,SEN_01,vibration,4.71,mm/s,2025-02-02 11:21:30
E004245,RIG_10,SEN_16,pressure,3063.81,psi,2025-02-02 11:22:00
E004246,RIG_03,SEN_02,flow,130.98,l/min,2025-02-02 11:22:30
E004247,RIG_02,SEN_02,temperature,94.27,C,2025-02-02 11:23:00
E004248,RIG_08,SEN_20,temperature,213.4,C,2025-02-02 11:23:30
E004249,RIG_01,SEN_13,vibration,3.31,mm/s,2025-02-02 11:24:00
E004250,RIG_09,SEN_17,vibration,11.4,mm/s,2025-02-02 11:24:30
E004251,RIG_01,SEN_09,temperature,89.28,C,2025-02-02 11:25:00
E004252,RIG_02,SEN_10,vibration,3.28,mm/s,2025-02-02 11:25:30
E004253,RIG_01,SEN_16,pressure,4154.56,psi,2025-02-02 11:26:00
E004254,RIG_05,SEN_13,flow,124.28,l/min,2025-02-02 11:26:30
E004255,RIG_05,SEN_14,vibration,4.51,mm/s,2025-02-02 11:27:00
E004256,RIG_10,SEN_04,flow,146.81,l/min,2025-02-02 11:27:30
E004257,RIG_09,SEN_03,vibration,4.0,mm/s,2025-02-02 11:28:00
E004258,RIG_07,SEN_03,pressure,2430.94,psi,2025-02-02 11:28:30
E004259,RIG_03,SEN_13,temperature,90.91,C,2025-02-02 11:29:00
E004260,RIG_03,SEN_16,vibration,3.27,mm/s,2025-02-02 11:29:30
E004261,RIG_08,SEN_10,vibration,4.38,mm/s,2025-02-02 11:30:00
E004262,RIG_08,SEN_04,flow,122.17,l/min,2025-02-02 11:30:30
E004263,RIG_10,SEN_15,flow,278.69,l/min,2025-02-02 11:31:00
E004264,RIG_05,SEN_19,pressure,3095.9,psi,2025-02-02 11:31:30
E004265,RIG_04,SEN_02,pressure,3398.71,psi,2025-02-02 11:32:00
E004266,RIG_03,SEN_18,vibration,5.6,mm/s,2025-02-02 11:32:30
E004267,RIG_09,SEN_13,vibration,6.53,mm/s,2025-02-02 11:33:00
E004268,RIG_01,SEN_02,pressure,2529.03,psi,2025-02-02 11:33:30
E004269,RIG_10,SEN_02,vibration,6.59,mm/s,2025-02-02 11:34:00
E004270,RIG_06,SEN_14,pressure,2994.5,psi,2025-02-02 11:34:30
E004271,RIG_10,SEN_05,pressure,3322.49,psi,2025-02-02 11:35:00
E004272,RIG_10,SEN_06,pressure,2820.3,psi,2025-02-02 11:35:30
E004273,RIG_07,SEN_15,flow,121.04,l/min,2025-02-02 11:36:00
E004274,RIG_08,SEN_19,temperature,96.85,C,2025-02-02 11:36:30
E004275,RIG_08,SEN_12,vibration,6.0,mm/s,2025-02-02 11:37:00
E004276,RIG_05,SEN_02,flow,126.86,l/min,2025-02-02 11:37:30
E004277,RIG_08,SEN_20,vibration,5.97,mm/s,2025-02-02 11:38:00
E004278,RIG_03,SEN_14,flow,121.31,l/min,2025-02-02 11:38:30
E004279,RIG_03,SEN_19,flow,145.16,l/min,2025-02-02 11:39:00
E004280,RIG_09,SEN_06,pressure,2640.66,psi,2025-02-02 11:39:30
E004281,RIG_08,SEN_19,pressure,2665.38,psi,2025-02-02 11:40:00
E004282,RIG_01,SEN_05,temperature,80.91,C,2025-02-02 11:40:30
E004283,RIG_09,SEN_02,pressure,2733.01,psi,2025-02-02 11:41:00
E004284,RIG_08,SEN_10,pressure,2736.85,psi,2025-02-02 11:41:30
E004285,RIG_01,SEN_17,flow,111.84,l/min,2025-02-02 11:42:00
E004286,RIG_06,SEN_06,flow,147.01,l/min,2025-02-02 11:42:30
E004287,RIG_08,SEN_15,temperature,87.17,C,2025-02-02 11:43:00
E004288,RIG_05,SEN_17,pressure,2854.61,psi,2025-02-02 11:43:30
E004289,RIG_06,SEN_16,flow,115.06,l/min,2025-02-02 11:44:00
E004290,RIG_01,SEN_09,temperature,82.14,C,2025-02-02 11:44:30
E004291,RIG_10,SEN_07,vibration,5.16,mm/s,2025-02-02 11:45:00
E004292,RIG_03,SEN_08,vibration,4.38,mm/s,2025-02-02 11:45:30
E004293,RIG_03,SEN_15,temperature,83.37,C,2025-02-02 11:46:00
E004294,RIG_08,SEN_20,flow,116.8,l/min,2025-02-02 11:46:30
E004295,RIG_04,SEN_05,vibration,5.77,mm/s,2025-02-02 11:47:00
E004296,RIG_07,SEN_08,flow,124.03,l/min,2025-02-02 11:47:30
E004297,RIG_01,SEN_12,pressure,2874.86,psi,2025-02-02 11:48:00
E004298,RIG_04,SEN_02,flow,112.17,l/min,2025-02-02 11:48:30
E004299,RIG_10,SEN_05,pressure,3412.02,psi,2025-02-02 11:49:00
E004300,RIG_08,SEN_07,vibration,5.95,mm/s,2025-02-02 11:49:30
E004301,RIG_05,SEN_02,flow,146.88,l/min,2025-02-02 11:50:00
E004302,RIG_05,SEN_01,vibration,4.78,mm/s,2025-02-02 11:50:30
E004303,RIG_06,SEN_18,vibration,5.46,mm/s,2025-02-02 11:51:00
E004304,RIG_04,SEN_14,vibration,6.11,mm/s,2025-02-02 11:51:30
E004305,RIG_03,SEN_05,vibration,5.11,mm/s,2025-02-02 11:52:00
E004306,RIG_10,SEN_04,pressure,2504.63,psi,2025-02-02 11:52:30
E004307,RIG_06,SEN_17,temperature,91.53,C,2025-02-02 11:53:00
E004308,RIG_08,SEN_18,flow,126.63,l/min,2025-02-02 11:53:30
E004309,RIG_06,SEN_02,flow,111.7,l/min,2025-02-02 11:54:00
E004310,RIG_08,SEN_16,temperature,94.07,C,2025-02-02 11:54:30
E004311,RIG_03,SEN_20,temperature,95.64,C,2025-02-02 11:55:00
E004312,RIG_10,SEN_16,temperature,86.15,C,2025-02-02 11:55:30
E004313,RIG_02,SEN_03,vibration,4.34,mm/s,2025-02-02 11:56:00
E004314,RIG_05,SEN_10,pressure,3085.79,psi,2025-02-02 11:56:30
E004315,RIG_10,SEN_14,vibration,5.74,mm/s,2025-02-02 11:57:00
E004316,RIG_03,SEN_11,vibration,3.53,mm/s,2025-02-02 11:57:30
E004317,RIG_02,SEN_06,pressure,3162.94,psi,2025-02-02 11:58:00
E004318,RIG_07,SEN_16,pressure,2597.81,psi,2025-02-02 11:58:30
E004319,RIG_03,SEN_06,flow,124.67,l/min,2025-02-02 11:59:00
E004320,RIG_09,SEN_20,temperature,97.92,C,2025-02-02 11:59:30
E004321,RIG_03,SEN_02,temperature,79.95,C,2025-02-02 12:00:00
E004322,RIG_06,SEN_11,pressure,2904.4,psi,2025-02-02 12:00:30
E004323,RIG_09,SEN_02,vibration,12.01,mm/s,2025-02-02 12:01:00
E004324,RIG_06,SEN_01,pressure,2819.41,psi,2025-02-02 12:01:30
E004325,RIG_03,SEN_03,flow,138.6,l/min,2025-02-02 12:02:00
E004326,RIG_09,SEN_07,pressure,3170.5,psi,2025-02-02 12:02:30
E004327,RIG_09,SEN_17,temperature,90.04,C,2025-02-02 12:03:00
E004328,RIG_06,SEN_01,pressure,6197.96,psi,2025-02-02 12:03:30
E004329,RIG_10,SEN_03,flow,114.41,l/min,2025-02-02 12:04:00
E004330,RIG_01,SEN_15,vibration,4.89,mm/s,2025-02-02 12:04:30
E004331,RIG_07,SEN_12,pressure,2600.6,psi,2025-02-02 12:05:00
E004332,RIG_06,SEN_12,pressure,2862.52,psi,2025-02-02 12:05:30
E004333,RIG_05,SEN_16,temperature,84.29,C,2025-02-02 12:06:00
E004334,RIG_07,SEN_08,temperature,88.9,C,2025-02-02 12:06:30
E004335,RIG_08,SEN_13,temperature,92.28,C,2025-02-02 12:07:00
E004336,RIG_05,SEN_02,flow,126.06,l/min,2025-02-02 12:07:30
E004337,RIG_02,SEN_15,flow,134.49,l/min,2025-02-02 12:08:00
E004338,RIG_09,SEN_18,flow,277.17,l/min,2025-02-02 12:08:30
E004339,RIG_07,SEN_09,vibration,6.59,mm/s,2025-02-02 12:09:00
E004340,RIG_07,SEN_01,flow,129.82,l/min,2025-02-02 12:09:30
E004341,RIG_10,SEN_01,temperature,231.28,C,2025-02-02 12:10:00
E004342,RIG_09,SEN_03,pressure,2927.32,psi,2025-02-02 12:10:30
E004343,RIG_08,SEN_05,vibration,4.85,mm/s,2025-02-02 12:11:00
E004344,RIG_01,SEN_01,temperature,96.41,C,2025-02-02 12:11:30
E004345,RIG_08,SEN_16,flow,110.69,l/min,2025-02-02 12:12:00
E004346,RIG_07,SEN_10,pressure,2663.57,psi,2025-02-02 12:12:30
E004347,RIG_08,SEN_01,pressure,2532.88,psi,2025-02-02 12:13:00
E004348,RIG_06,SEN_09,flow,127.31,l/min,2025-02-02 12:13:30
E004349,RIG_06,SEN_04,flow,111.25,l/min,2025-02-02 12:14:00
E004350,RIG_03,SEN_16,flow,121.77,l/min,2025-02-02 12:14:30
E004351,RIG_06,SEN_20,temperature,92.2,C,2025-02-02 12:15:00
E004352,RIG_06,SEN_09,temperature,89.08,C,2025-02-02 12:15:30
E004353,RIG_01,SEN_19,temperature,97.93,C,2025-02-02 12:16:00
E004354,RIG_02,SEN_05,pressure,3101.84,psi,2025-02-02 12:16:30
E004355,RIG_05,SEN_15,temperature,90.75,C,2025-02-02 12:17:00
E004356,RIG_05,SEN_14,pressure,3039.53,psi,2025-02-02 12:17:30
E004357,RIG_03,SEN_06,pressure,2960.49,psi,2025-02-02 12:18:00
E004358,RIG_04,SEN_05,temperature,84.24,C,2025-02-02 12:18:30
E004359,RIG_07,SEN_17,pressure,2747.95,psi,2025-02-02 12:19:00
E004360,RIG_05,SEN_19,temperature,95.03,C,2025-02-02 12:19:30
E004361,RIG_07,SEN_07,pressure,2451.29,psi,2025-02-02 12:20:00
E004362,RIG_09,SEN_17,flow,125.35,l/min,2025-02-02 12:20:30
E004363,RIG_06,SEN_10,flow,112.82,l/min,2025-02-02 12:21:00
E004364,RIG_09,SEN_13,flow,144.74,l/min,2025-02-02 12:21:30
E004365,RIG_10,SEN_06,pressure,2517.02,psi,2025-02-02 12:22:00
E004366,RIG_05,SEN_02,flow,131.06,l/min,2025-02-02 12:22:30
E004367,RIG_03,SEN_08,flow,137.48,l/min,2025-02-02 12:23:00
E004368,RIG_10,SEN_20,pressure,3251.49,psi,2025-02-02 12:23:30
E004369,RIG_09,SEN_13,flow,124.73,l/min,2025-02-02 12:24:00
E004370,RIG_07,SEN_04,temperature,88.86,C,2025-02-02 12:24:30
E004371,RIG_09,SEN_09,vibration,6.65,mm/s,2025-02-02 12:25:00
E004372,RIG_10,SEN_11,pressure,3001.19,psi,2025-02-02 12:25:30
E004373,RIG_01,SEN_03,vibration,2.93,mm/s,2025-02-02 12:26:00
E004374,RIG_08,SEN_19,temperature,97.38,C,2025-02-02 12:26:30
E004375,RIG_03,SEN_05,flow,140.74,l/min,2025-02-02 12:27:00
E004376,RIG_02,SEN_17,vibration,5.41,mm/s,2025-02-02 12:27:30
E004377,RIG_10,SEN_18,flow,142.11,l/min,2025-02-02 12:28:00
E004378,RIG_06,SEN_02,temperature,94.13,C,2025-02-02 12:28:30
E004379,RIG_06,SEN_20,pressure,3340.51,psi,2025-02-02 12:29:00
E004380,RIG_08,SEN_07,temperature,80.35,C,2025-02-02 12:29:30
E004381,RIG_06,SEN_10,flow,110.13,l/min,2025-02-02 12:30:00
E004382,RIG_10,SEN_17,flow,140.65,l/min,2025-02-02 12:30:30
E004383,RIG_06,SEN_19,temperature,80.06,C,2025-02-02 12:31:00
E004384,RIG_01,SEN_01,vibration,3.32,mm/s,2025-02-02 12:31:30
E004385,RIG_06,SEN_08,temperature,79.77,C,2025-02-02 12:32:00
E004386,RIG_01,SEN_11,flow,137.82,l/min,2025-02-02 12:32:30
E004387,RIG_09,SEN_13,vibration,6.41,mm/s,2025-02-02 12:33:00
E004388,RIG_05,SEN_17,temperature,86.87,C,2025-02-02 12:33:30
E004389,RIG_05,SEN_14,temperature,92.29,C,2025-02-02 12:34:00
E004390,RIG_06,SEN_18,temperature,98.62,C,2025-02-02 12:34:30
E004391,RIG_09,SEN_18,temperature,86.11,C,2025-02-02 12:35:00
E004392,RIG_01,SEN_05,temperature,79.4,C,2025-02-02 12:35:30
E004393,RIG_05,SEN_09,flow,127.39,l/min,2025-02-02 12:36:00
E004394,RIG_02,SEN_05,pressure,2569.24,psi,2025-02-02 12:36:30
E004395,RIG_01,SEN_13,flow,125.43,l/min,2025-02-02 12:37:00
E004396,RIG_03,SEN_16,temperature,87.5,C,2025-02-02 12:37:30
E004397,RIG_01,SEN_08,pressure,3272.23,psi,2025-02-02 12:38:00
E004398,RIG_10,SEN_17,pressure,3284.43,psi,2025-02-02 12:38:30
E004399,RIG_02,SEN_15,vibration,4.48,mm/s,2025-02-02 12:39:00
E004400,RIG_01,SEN_10,temperature,98.34,C,2025-02-02 12:39:30
E004401,RIG_06,SEN_08,vibration,5.21,mm/s,2025-02-02 12:40:00
E004402,RIG_09,SEN_20,temperature,96.62,C,2025-02-02 12:40:30
E004403,RIG_06,SEN_01,temperature,79.47,C,2025-02-02 12:41:00
E004404,RIG_02,SEN_09,flow,118.24,l/min,2025-02-02 12:41:30
E004405,RIG_03,SEN_11,vibration,6.21,mm/s,2025-02-02 12:42:00
E004406,RIG_10,SEN_13,flow,129.82,l/min,2025-02-02 12:42:30
E004407,RIG_01,SEN_20,flow,121.11,l/min,2025-02-02 12:43:00
E004408,RIG_09,SEN_19,vibration,6.51,mm/s,2025-02-02 12:43:30
E004409,RIG_05,SEN_04,temperature,82.59,C,2025-02-02 12:44:00
E004410,RIG_06,SEN_03,vibration,5.54,mm/s,2025-02-02 12:44:30
E004411,RIG_05,SEN_05,vibration,4.57,mm/s,2025-02-02 12:45:00
E004412,RIG_10,SEN_06,vibration,3.37,mm/s,2025-02-02 12:45:30
E004413,RIG_09,SEN_20,pressure,2564.51,psi,2025-02-02 12:46:00
E004414,RIG_08,SEN_17,vibration,4.48,mm/s,2025-02-02 12:46:30
E004415,RIG_09,SEN_11,temperature,84.7,C,2025-02-02 12:47:00
E004416,RIG_04,SEN_15,vibration,5.46,mm/s,2025-02-02 12:47:30
E004417,RIG_09,SEN_18,pressure,3398.33,psi,2025-02-02 12:48:00
E004418,RIG_01,SEN_04,temperature,83.19,C,2025-02-02 12:48:30
E004419,RIG_09,SEN_05,pressure,3012.23,psi,2025-02-02 12:49:00
E004420,RIG_09,SEN_02,temperature,90.12,C,2025-02-02 12:49:30
E004421,RIG_01,SEN_19,vibration,5.16,mm/s,2025-02-02 12:50:00
E004422,RIG_07,SEN_04,temperature,92.19,C,2025-02-02 12:50:30
E004423,RIG_08,SEN_13,pressure,2989.1,psi,2025-02-02 12:51:00
E004424,RIG_03,SEN_08,pressure,2725.75,psi,2025-02-02 12:51:30
E004425,RIG_05,SEN_19,vibration,3.33,mm/s,2025-02-02 12:52:00
E004426,RIG_06,SEN_14,pressure,3123.61,psi,2025-02-02 12:52:30
E004427,RIG_04,SEN_17,vibration,6.11,mm/s,2025-02-02 12:53:00
E004428,RIG_09,SEN_15,vibration,3.2,mm/s,2025-02-02 12:53:30
E004429,RIG_01,SEN_20,flow,229.44,l/min,2025-02-02 12:54:00
E004430,RIG_06,SEN_17,flow,118.52,l/min,2025-02-02 12:54:30
E004431,RIG_01,SEN_04,pressure,3151.3,psi,2025-02-02 12:55:00
E004432,RIG_08,SEN_14,temperature,94.54,C,2025-02-02 12:55:30
E004433,RIG_10,SEN_09,temperature,86.45,C,2025-02-02 12:56:00
E004434,RIG_04,SEN_03,vibration,6.11,mm/s,2025-02-02 12:56:30
E004435,RIG_08,SEN_08,pressure,2843.68,psi,2025-02-02 12:57:00
E004436,RIG_07,SEN_01,pressure,2887.02,psi,2025-02-02 12:57:30
E004437,RIG_06,SEN_14,vibration,4.68,mm/s,2025-02-02 12:58:00
E004438,RIG_02,SEN_08,temperature,88.38,C,2025-02-02 12:58:30
E004439,RIG_08,SEN_09,vibration,3.37,mm/s,2025-02-02 12:59:00
E004440,RIG_05,SEN_12,temperature,83.13,C,2025-02-02 12:59:30
E004441,RIG_10,SEN_12,flow,111.72,l/min,2025-02-02 13:00:00
E004442,RIG_07,SEN_05,temperature,97.18,C,2025-02-02 13:00:30
E004443,RIG_09,SEN_04,pressure,2839.78,psi,2025-02-02 13:01:00
E004444,RIG_09,SEN_09,temperature,98.34,C,2025-02-02 13:01:30
E004445,RIG_06,SEN_10,vibration,3.85,mm/s,2025-02-02 13:02:00
E004446,RIG_08,SEN_16,vibration,4.74,mm/s,2025-02-02 13:02:30
E004447,RIG_03,SEN_02,pressure,2697.42,psi,2025-02-02 13:03:00
E004448,RIG_03,SEN_18,temperature,79.99,C,2025-02-02 13:03:30
E004449,RIG_03,SEN_19,pressure,3368.89,psi,2025-02-02 13:04:00
E004450,RIG_02,SEN_14,vibration,4.89,mm/s,2025-02-02 13:04:30
E004451,RIG_01,SEN_01,pressure,2523.43,psi,2025-02-02 13:05:00
E004452,RIG_08,SEN_03,temperature,94.49,C,2025-02-02 13:05:30
E004453,RIG_08,SEN_11,pressure,3350.61,psi,2025-02-02 13:06:00
E004454,RIG_05,SEN_12,pressure,2668.83,psi,2025-02-02 13:06:30
E004455,RIG_03,SEN_12,vibration,6.4,mm/s,2025-02-02 13:07:00
E004456,RIG_06,SEN_07,pressure,2647.76,psi,2025-02-02 13:07:30
E004457,RIG_09,SEN_06,temperature,97.66,C,2025-02-02 13:08:00
E004458,RIG_09,SEN_12,temperature,83.75,C,2025-02-02 13:08:30
E004459,RIG_03,SEN_18,vibration,3.71,mm/s,2025-02-02 13:09:00
E004460,RIG_10,SEN_15,flow,112.48,l/min,2025-02-02 13:09:30
E004461,RIG_06,SEN_07,temperature,97.83,C,2025-02-02 13:10:00
E004462,RIG_05,SEN_08,vibration,6.65,mm/s,2025-02-02 13:10:30
E004463,RIG_01,SEN_19,flow,127.53,l/min,2025-02-02 13:11:00
E004464,RIG_07,SEN_08,temperature,96.46,C,2025-02-02 13:11:30
E004465,RIG_02,SEN_20,temperature,97.46,C,2025-02-02 13:12:00
E004466,RIG_06,SEN_07,flow,145.52,l/min,2025-02-02 13:12:30
E004467,RIG_01,SEN_03,vibration,5.77,mm/s,2025-02-02 13:13:00
E004468,RIG_07,SEN_16,pressure,2711.49,psi,2025-02-02 13:13:30
E004469,RIG_01,SEN_15,vibration,3.09,mm/s,2025-02-02 13:14:00
E004470,RIG_07,SEN_14,vibration,6.1,mm/s,2025-02-02 13:14:30
E004471,RIG_06,SEN_13,pressure,2480.87,psi,2025-02-02 13:15:00
E004472,RIG_08,SEN_14,flow,143.46,l/min,2025-02-02 13:15:30
E004473,RIG_04,SEN_06,vibration,3.08,mm/s,2025-02-02 13:16:00
E004474,RIG_07,SEN_01,temperature,87.52,C,2025-02-02 13:16:30
E004475,RIG_04,SEN_06,temperature,87.23,C,2025-02-02 13:17:00
E004476,RIG_04,SEN_01,temperature,88.13,C,2025-02-02 13:17:30
E004477,RIG_06,SEN_20,temperature,96.25,C,2025-02-02 13:18:00
E004478,RIG_01,SEN_16,pressure,3146.96,psi,2025-02-02 13:18:30
E004479,RIG_10,SEN_12,flow,115.36,l/min,2025-02-02 13:19:00
E004480,RIG_01,SEN_19,flow,131.79,l/min,2025-02-02 13:19:30
E004481,RIG_09,SEN_08,temperature,91.13,C,2025-02-02 13:20:00
E004482,RIG_05,SEN_02,flow,146.5,l/min,2025-02-02 13:20:30
E004483,RIG_05,SEN_09,pressure,2454.09,psi,2025-02-02 13:21:00
E004484,RIG_06,SEN_13,vibration,4.32,mm/s,2025-02-02 13:21:30
E004485,RIG_10,SEN_10,vibration,6.56,mm/s,2025-02-02 13:22:00
E004486,RIG_08,SEN_03,temperature,83.72,C,2025-02-02 13:22:30
E004487,RIG_03,SEN_09,temperature,92.51,C,2025-02-02 13:23:00
E004488,RIG_08,SEN_12,pressure,3176.58,psi,2025-02-02 13:23:30
E004489,RIG_10,SEN_07,vibration,3.09,mm/s,2025-02-02 13:24:00
E004490,RIG_10,SEN_06,vibration,4.65,mm/s,2025-02-02 13:24:30
E004491,RIG_03,SEN_20,flow,124.18,l/min,2025-02-02 13:25:00
E004492,RIG_04,SEN_12,temperature,88.52,C,2025-02-02 13:25:30
E004493,RIG_03,SEN_18,pressure,3051.24,psi,2025-02-02 13:26:00
E004494,RIG_08,SEN_13,temperature,91.84,C,2025-02-02 13:26:30
E004495,RIG_04,SEN_10,flow,133.0,l/min,2025-02-02 13:27:00
E004496,RIG_09,SEN_11,vibration,3.31,mm/s,2025-02-02 13:27:30
E004497,RIG_02,SEN_03,temperature,89.91,C,2025-02-02 13:28:00
E004498,RIG_09,SEN_01,pressure,2516.3,psi,2025-02-02 13:28:30
E004499,RIG_09,SEN_01,flow,134.33,l/min,2025-02-02 13:29:00
E004500,RIG_02,SEN_04,flow,139.32,l/min,2025-02-02 13:29:30
E004501,RIG_10,SEN_07,vibration,2.94,mm/s,2025-02-02 13:30:00
E004502,RIG_07,SEN_19,pressure,2518.93,psi,2025-02-02 13:30:30
E004503,RIG_06,SEN_04,flow,134.23,l/min,2025-02-02 13:31:00
E004504,RIG_01,SEN_11,pressure,2991.23,psi,2025-02-02 13:31:30
E004505,RIG_07,SEN_02,temperature,88.24,C,2025-02-02 13:32:00
E004506,RIG_09,SEN_14,pressure,2896.46,psi,2025-02-02 13:32:30
E004507,RIG_06,SEN_18,flow,130.56,l/min,2025-02-02 13:33:00
E004508,RIG_08,SEN_02,pressure,2839.41,psi,2025-02-02 13:33:30
E004509,RIG_10,SEN_02,temperature,97.52,C,2025-02-02 13:34:00
E004510,RIG_10,SEN_19,temperature,93.81,C,2025-02-02 13:34:30
E004511,RIG_04,SEN_02,flow,115.3,l/min,2025-02-02 13:35:00
E004512,RIG_01,SEN_13,vibration,4.94,mm/s,2025-02-02 13:35:30
E004513,RIG_10,SEN_12,temperature,98.07,C,2025-02-02 13:36:00
E004514,RIG_07,SEN_17,flow,133.02,l/min,2025-02-02 13:36:30
E004515,RIG_01,SEN_19,pressure,3404.64,psi,2025-02-02 13:37:00
E004516,RIG_04,SEN_18,vibration,3.11,mm/s,2025-02-02 13:37:30
E004517,RIG_07,SEN_04,pressure,3370.9,psi,2025-02-02 13:38:00
E004518,RIG_01,SEN_05,pressure,2743.16,psi,2025-02-02 13:38:30
E004519,RIG_06,SEN_05,temperature,92.3,C,2025-02-02 13:39:00
E004520,RIG_08,SEN_20,flow,135.1,l/min,2025-02-02 13:39:30
E004521,RIG_05,SEN_03,pressure,2782.25,psi,2025-02-02 13:40:00
E004522,RIG_03,SEN_05,temperature,94.43,C,2025-02-02 13:40:30
E004523,RIG_04,SEN_01,flow,142.45,l/min,2025-02-02 13:41:00
E004524,RIG_05,SEN_11,flow,124.41,l/min,2025-02-02 13:41:30
E004525,RIG_03,SEN_17,temperature,91.56,C,2025-02-02 13:42:00
E004526,RIG_08,SEN_19,flow,125.0,l/min,2025-02-02 13:42:30
E004527,RIG_05,SEN_17,temperature,83.8,C,2025-02-02 13:43:00
E004528,RIG_06,SEN_07,flow,125.55,l/min,2025-02-02 13:43:30
E004529,RIG_05,SEN_16,pressure,2846.41,psi,2025-02-02 13:44:00
E004530,RIG_02,SEN_08,flow,111.52,l/min,2025-02-02 13:44:30
E004531,RIG_10,SEN_05,pressure,2844.63,psi,2025-02-02 13:45:00
E004532,RIG_04,SEN_11,vibration,3.31,mm/s,2025-02-02 13:45:30
E004533,RIG_07,SEN_15,pressure,3062.61,psi,2025-02-02 13:46:00
E004534,RIG_02,SEN_18,flow,112.49,l/min,2025-02-02 13:46:30
E004535,RIG_02,SEN_08,flow,132.11,l/min,2025-02-02 13:47:00
E004536,RIG_07,SEN_18,pressure,3262.42,psi,2025-02-02 13:47:30
E004537,RIG_04,SEN_02,pressure,2582.09,psi,2025-02-02 13:48:00
E004538,RIG_01,SEN_07,temperature,79.39,C,2025-02-02 13:48:30
E004539,RIG_06,SEN_06,pressure,2889.55,psi,2025-02-02 13:49:00
E004540,RIG_06,SEN_02,pressure,3347.03,psi,2025-02-02 13:49:30
E004541,RIG_08,SEN_15,temperature,88.79,C,2025-02-02 13:50:00
E004542,RIG_04,SEN_12,flow,114.05,l/min,2025-02-02 13:50:30
E004543,RIG_10,SEN_09,pressure,2680.83,psi,2025-02-02 13:51:00
E004544,RIG_04,SEN_09,flow,108.36,l/min,2025-02-02 13:51:30
E004545,RIG_05,SEN_16,pressure,2541.66,psi,2025-02-02 13:52:00
E004546,RIG_08,SEN_06,vibration,3.27,mm/s,2025-02-02 13:52:30
E004547,RIG_08,SEN_19,pressure,2898.72,psi,2025-02-02 13:53:00
E004548,RIG_06,SEN_04,temperature,80.46,C,2025-02-02 13:53:30
E004549,RIG_05,SEN_20,pressure,2652.41,psi,2025-02-02 13:54:00
E004550,RIG_08,SEN_08,flow,112.7,l/min,2025-02-02 13:54:30
E004551,RIG_02,SEN_10,flow,123.88,l/min,2025-02-02 13:55:00
E004552,RIG_02,SEN_16,flow,127.8,l/min,2025-02-02 13:55:30
E004553,RIG_03,SEN_12,temperature,81.84,C,2025-02-02 13:56:00
E004554,RIG_03,SEN_07,pressure,2984.02,psi,2025-02-02 13:56:30
E004555,RIG_03,SEN_04,flow,142.67,l/min,2025-02-02 13:57:00
E004556,RIG_07,SEN_02,temperature,97.83,C,2025-02-02 13:57:30
E004557,RIG_02,SEN_05,flow,122.51,l/min,2025-02-02 13:58:00
E004558,RIG_03,SEN_14,pressure,3362.88,psi,2025-02-02 13:58:30
E004559,RIG_09,SEN_15,vibration,4.42,mm/s,2025-02-02 13:59:00
E004560,RIG_04,SEN_11,vibration,6.0,mm/s,2025-02-02 13:59:30
E004561,RIG_09,SEN_17,vibration,5.0,mm/s,2025-02-02 14:00:00
E004562,RIG_09,SEN_04,temperature,98.16,C,2025-02-02 14:00:30
E004563,RIG_08,SEN_16,pressure,3052.83,psi,2025-02-02 14:01:00
E004564,RIG_03,SEN_06,vibration,3.86,mm/s,2025-02-02 14:01:30
E004565,RIG_01,SEN_18,pressure,2547.68,psi,2025-02-02 14:02:00
E004566,RIG_10,SEN_12,temperature,87.92,C,2025-02-02 14:02:30
E004567,RIG_07,SEN_09,temperature,80.68,C,2025-02-02 14:03:00
E004568,RIG_06,SEN_19,pressure,2793.65,psi,2025-02-02 14:03:30
E004569,RIG_09,SEN_18,pressure,2845.0,psi,2025-02-02 14:04:00
E004570,RIG_09,SEN_14,temperature,95.19,C,2025-02-02 14:04:30
E004571,RIG_03,SEN_17,pressure,2625.12,psi,2025-02-02 14:05:00
E004572,RIG_04,SEN_20,pressure,2558.65,psi,2025-02-02 14:05:30
E004573,RIG_08,SEN_19,temperature,90.94,C,2025-02-02 14:06:00
E004574,RIG_03,SEN_11,pressure,2621.65,psi,2025-02-02 14:06:30
E004575,RIG_08,SEN_18,pressure,3328.95,psi,2025-02-02 14:07:00
E004576,RIG_08,SEN_07,temperature,93.3,C,2025-02-02 14:07:30
E004577,RIG_04,SEN_07,temperature,87.02,C,2025-02-02 14:08:00
E004578,RIG_07,SEN_02,pressure,2849.02,psi,2025-02-02 14:08:30
E004579,RIG_06,SEN_15,pressure,3149.32,psi,2025-02-02 14:09:00
E004580,RIG_08,SEN_04,temperature,89.48,C,2025-02-02 14:09:30
E004581,RIG_06,SEN_12,flow,124.36,l/min,2025-02-02 14:10:00
E004582,RIG_02,SEN_01,temperature,89.15,C,2025-02-02 14:10:30
E004583,RIG_07,SEN_12,flow,124.05,l/min,2025-02-02 14:11:00
E004584,RIG_04,SEN_11,flow,135.48,l/min,2025-02-02 14:11:30
E004585,RIG_08,SEN_12,pressure,2992.18,psi,2025-02-02 14:12:00
E004586,RIG_10,SEN_15,vibration,3.17,mm/s,2025-02-02 14:12:30
E004587,RIG_02,SEN_16,pressure,3055.86,psi,2025-02-02 14:13:00
E004588,RIG_01,SEN_01,pressure,3431.48,psi,2025-02-02 14:13:30
E004589,RIG_01,SEN_19,pressure,2885.57,psi,2025-02-02 14:14:00
E004590,RIG_02,SEN_03,temperature,79.9,C,2025-02-02 14:14:30
E004591,RIG_01,SEN_09,pressure,3245.11,psi,2025-02-02 14:15:00
E004592,RIG_04,SEN_12,temperature,84.75,C,2025-02-02 14:15:30
E004593,RIG_07,SEN_09,flow,147.91,l/min,2025-02-02 14:16:00
E004594,RIG_10,SEN_14,pressure,2731.7,psi,2025-02-02 14:16:30
E004595,RIG_07,SEN_17,temperature,90.64,C,2025-02-02 14:17:00
E004596,RIG_07,SEN_10,pressure,3046.34,psi,2025-02-02 14:17:30
E004597,RIG_04,SEN_16,flow,144.45,l/min,2025-02-02 14:18:00
E004598,RIG_09,SEN_13,temperature,88.22,C,2025-02-02 14:18:30
E004599,RIG_02,SEN_10,flow,112.83,l/min,2025-02-02 14:19:00
E004600,RIG_04,SEN_07,flow,130.68,l/min,2025-02-02 14:19:30
E004601,RIG_08,SEN_12,pressure,3292.27,psi,2025-02-02 14:20:00
E004602,RIG_04,SEN_12,temperature,83.18,C,2025-02-02 14:20:30
E004603,RIG_07,SEN_08,flow,118.38,l/min,2025-02-02 14:21:00
E004604,RIG_04,SEN_02,pressure,3369.89,psi,2025-02-02 14:21:30
E004605,RIG_09,SEN_15,flow,146.88,l/min,2025-02-02 14:22:00
E004606,RIG_10,SEN_16,flow,139.01,l/min,2025-02-02 14:22:30
E004607,RIG_06,SEN_13,pressure,2461.15,psi,2025-02-02 14:23:00
E004608,RIG_07,SEN_08,pressure,2886.64,psi,2025-02-02 14:23:30
E004609,RIG_02,SEN_11,pressure,2948.0,psi,2025-02-02 14:24:00
E004610,RIG_10,SEN_19,temperature,83.02,C,2025-02-02 14:24:30
E004611,RIG_02,SEN_02,pressure,2896.06,psi,2025-02-02 14:25:00
E004612,RIG_02,SEN_07,temperature,91.22,C,2025-02-02 14:25:30
E004613,RIG_03,SEN_13,flow,144.5,l/min,2025-02-02 14:26:00
E004614,RIG_09,SEN_17,pressure,3249.0,psi,2025-02-02 14:26:30
E004615,RIG_05,SEN_17,vibration,3.44,mm/s,2025-02-02 14:27:00
E004616,RIG_04,SEN_15,temperature,90.9,C,2025-02-02 14:27:30
E004617,RIG_03,SEN_14,pressure,3136.72,psi,2025-02-02 14:28:00
E004618,RIG_04,SEN_08,temperature,97.63,C,2025-02-02 14:28:30
E004619,RIG_06,SEN_14,pressure,2802.63,psi,2025-02-02 14:29:00
E004620,RIG_04,SEN_19,vibration,4.19,mm/s,2025-02-02 14:29:30
E004621,RIG_02,SEN_17,temperature,97.24,C,2025-02-02 14:30:00
E004622,RIG_10,SEN_11,pressure,3080.75,psi,2025-02-02 14:30:30
E004623,RIG_07,SEN_05,flow,148.11,l/min,2025-02-02 14:31:00
E004624,RIG_02,SEN_18,pressure,3358.73,psi,2025-02-02 14:31:30
E004625,RIG_07,SEN_04,vibration,5.2,mm/s,2025-02-02 14:32:00
E004626,RIG_05,SEN_08,temperature,81.74,C,2025-02-02 14:32:30
E004627,RIG_09,SEN_14,flow,118.06,l/min,2025-02-02 14:33:00
E004628,RIG_04,SEN_05,flow,136.66,l/min,2025-02-02 14:33:30
E004629,RIG_02,SEN_13,pressure,2749.12,psi,2025-02-02 14:34:00
E004630,RIG_05,SEN_04,vibration,5.2,mm/s,2025-02-02 14:34:30
E004631,RIG_02,SEN_11,vibration,3.49,mm/s,2025-02-02 14:35:00
E004632,RIG_01,SEN_04,temperature,86.34,C,2025-02-02 14:35:30
E004633,RIG_09,SEN_11,temperature,84.44,C,2025-02-02 14:36:00
E004634,RIG_04,SEN_09,pressure,6829.8,psi,2025-02-02 14:36:30
E004635,RIG_08,SEN_07,pressure,2821.84,psi,2025-02-02 14:37:00
E004636,RIG_07,SEN_17,vibration,3.6,mm/s,2025-02-02 14:37:30
E004637,RIG_07,SEN_16,pressure,2751.84,psi,2025-02-02 14:38:00
E004638,RIG_08,SEN_10,flow,133.1,l/min,2025-02-02 14:38:30
E004639,RIG_10,SEN_04,temperature,81.41,C,2025-02-02 14:39:00
E004640,RIG_08,SEN_02,temperature,90.81,C,2025-02-02 14:39:30
E004641,RIG_10,SEN_10,pressure,3000.74,psi,2025-02-02 14:40:00
E004642,RIG_02,SEN_08,flow,130.15,l/min,2025-02-02 14:40:30
E004643,RIG_08,SEN_20,pressure,3021.89,psi,2025-02-02 14:41:00
E004644,RIG_02,SEN_12,pressure,3123.11,psi,2025-02-02 14:41:30
E004645,RIG_09,SEN_02,pressure,3313.86,psi,2025-02-02 14:42:00
E004646,RIG_07,SEN_13,pressure,3364.95,psi,2025-02-02 14:42:30
E004647,RIG_02,SEN_11,vibration,4.39,mm/s,2025-02-02 14:43:00
E004648,RIG_06,SEN_09,temperature,97.04,C,2025-02-02 14:43:30
E004649,RIG_05,SEN_07,vibration,5.98,mm/s,2025-02-02 14:44:00
E004650,RIG_04,SEN_08,vibration,6.61,mm/s,2025-02-02 14:44:30
E004651,RIG_08,SEN_14,flow,120.93,l/min,2025-02-02 14:45:00
E004652,RIG_05,SEN_20,flow,206.23,l/min,2025-02-02 14:45:30
E004653,RIG_06,SEN_11,pressure,3183.6,psi,2025-02-02 14:46:00
E004654,RIG_01,SEN_01,flow,146.17,l/min,2025-02-02 14:46:30
E004655,RIG_06,SEN_10,flow,143.89,l/min,2025-02-02 14:47:00
E004656,RIG_08,SEN_07,flow,120.15,l/min,2025-02-02 14:47:30
E004657,RIG_02,SEN_10,pressure,2549.65,psi,2025-02-02 14:48:00
E004658,RIG_01,SEN_13,vibration,4.16,mm/s,2025-02-02 14:48:30
E004659,RIG_09,SEN_09,temperature,93.69,C,2025-02-02 14:49:00
E004660,RIG_04,SEN_07,pressure,3291.41,psi,2025-02-02 14:49:30
E004661,RIG_08,SEN_19,temperature,82.8,C,2025-02-02 14:50:00
E004662,RIG_02,SEN_11,pressure,2664.13,psi,2025-02-02 14:50:30
E004663,RIG_08,SEN_17,pressure,3061.33,psi,2025-02-02 14:51:00
E004664,RIG_04,SEN_12,flow,131.78,l/min,2025-02-02 14:51:30
E004665,RIG_02,SEN_02,temperature,139.23,C,2025-02-02 14:52:00
E004666,RIG_01,SEN_09,flow,129.13,l/min,2025-02-02 14:52:30
E004667,RIG_03,SEN_13,temperature,80.65,C,2025-02-02 14:53:00
E004668,RIG_10,SEN_16,pressure,2868.32,psi,2025-02-02 14:53:30
E004669,RIG_03,SEN_15,vibration,4.13,mm/s,2025-02-02 14:54:00
E004670,RIG_08,SEN_13,pressure,2865.76,psi,2025-02-02 14:54:30
E004671,RIG_01,SEN_11,temperature,88.52,C,2025-02-02 14:55:00
E004672,RIG_08,SEN_17,pressure,2660.83,psi,2025-02-02 14:55:30
E004673,RIG_02,SEN_12,flow,136.53,l/min,2025-02-02 14:56:00
E004674,RIG_02,SEN_13,vibration,6.23,mm/s,2025-02-02 14:56:30
E004675,RIG_10,SEN_04,vibration,2.99,mm/s,2025-02-02 14:57:00
E004676,RIG_06,SEN_15,flow,133.63,l/min,2025-02-02 14:57:30
E004677,RIG_08,SEN_07,temperature,95.81,C,2025-02-02 14:58:00
E004678,RIG_03,SEN_04,vibration,6.19,mm/s,2025-02-02 14:58:30
E004679,RIG_07,SEN_14,vibration,4.65,mm/s,2025-02-02 14:59:00
E004680,RIG_02,SEN_02,flow,145.92,l/min,2025-02-02 14:59:30
E004681,RIG_09,SEN_16,pressure,3088.98,psi,2025-02-02 15:00:00
E004682,RIG_03,SEN_09,pressure,8049.93,psi,2025-02-02 15:00:30
E004683,RIG_06,SEN_16,flow,117.55,l/min,2025-02-02 15:01:00
E004684,RIG_01,SEN_11,vibration,3.5,mm/s,2025-02-02 15:01:30
E004685,RIG_10,SEN_03,temperature,80.89,C,2025-02-02 15:02:00
E004686,RIG_06,SEN_20,temperature,87.03,C,2025-02-02 15:02:30
E004687,RIG_03,SEN_15,vibration,6.52,mm/s,2025-02-02 15:03:00
E004688,RIG_06,SEN_02,vibration,4.91,mm/s,2025-02-02 15:03:30
E004689,RIG_08,SEN_12,temperature,94.88,C,2025-02-02 15:04:00
E004690,RIG_08,SEN_13,temperature,93.05,C,2025-02-02 15:04:30
E004691,RIG_03,SEN_20,temperature,87.44,C,2025-02-02 15:05:00
E004692,RIG_07,SEN_05,pressure,3283.93,psi,2025-02-02 15:05:30
E004693,RIG_04,SEN_15,flow,131.63,l/min,2025-02-02 15:06:00
E004694,RIG_07,SEN_15,vibration,6.03,mm/s,2025-02-02 15:06:30
E004695,RIG_03,SEN_13,pressure,3353.42,psi,2025-02-02 15:07:00
E004696,RIG_07,SEN_10,flow,119.59,l/min,2025-02-02 15:07:30
E004697,RIG_02,SEN_14,flow,114.59,l/min,2025-02-02 15:08:00
E004698,RIG_06,SEN_16,temperature,80.71,C,2025-02-02 15:08:30
E004699,RIG_04,SEN_06,vibration,4.17,mm/s,2025-02-02 15:09:00
E004700,RIG_03,SEN_02,pressure,2887.53,psi,2025-02-02 15:09:30
E004701,RIG_09,SEN_14,vibration,4.84,mm/s,2025-02-02 15:10:00
E004702,RIG_06,SEN_18,pressure,2494.98,psi,2025-02-02 15:10:30
E004703,RIG_08,SEN_11,vibration,4.39,mm/s,2025-02-02 15:11:00
E004704,RIG_08,SEN_03,flow,116.77,l/min,2025-02-02 15:11:30
E004705,RIG_01,SEN_20,temperature,84.92,C,2025-02-02 15:12:00
E004706,RIG_01,SEN_15,vibration,4.2,mm/s,2025-02-02 15:12:30
E004707,RIG_03,SEN_07,flow,146.43,l/min,2025-02-02 15:13:00
E004708,RIG_03,SEN_12,temperature,94.62,C,2025-02-02 15:13:30
E004709,RIG_01,SEN_18,vibration,4.48,mm/s,2025-02-02 15:14:00
E004710,RIG_02,SEN_04,vibration,4.24,mm/s,2025-02-02 15:14:30
E004711,RIG_03,SEN_10,vibration,6.68,mm/s,2025-02-02 15:15:00
E004712,RIG_01,SEN_02,flow,116.8,l/min,2025-02-02 15:15:30
E004713,RIG_03,SEN_09,flow,128.75,l/min,2025-02-02 15:16:00
E004714,RIG_04,SEN_20,temperature,87.96,C,2025-02-02 15:16:30
E004715,RIG_05,SEN_18,temperature,88.79,C,2025-02-02 15:17:00
E004716,RIG_10,SEN_01,temperature,98.83,C,2025-02-02 15:17:30
E004717,RIG_01,SEN_11,flow,123.4,l/min,2025-02-02 15:18:00
E004718,RIG_05,SEN_10,vibration,5.29,mm/s,2025-02-02 15:18:30
E004719,RIG_06,SEN_08,pressure,3185.26,psi,2025-02-02 15:19:00
E004720,RIG_09,SEN_02,temperature,99.17,C,2025-02-02 15:19:30
E004721,RIG_01,SEN_09,vibration,4.16,mm/s,2025-02-02 15:20:00
E004722,RIG_05,SEN_19,pressure,2576.09,psi,2025-02-02 15:20:30
E004723,RIG_08,SEN_07,temperature,91.25,C,2025-02-02 15:21:00
E004724,RIG_10,SEN_14,flow,135.85,l/min,2025-02-02 15:21:30
E004725,RIG_02,SEN_09,vibration,6.11,mm/s,2025-02-02 15:22:00
E004726,RIG_09,SEN_08,flow,114.26,l/min,2025-02-02 15:22:30
E004727,RIG_07,SEN_03,vibration,5.28,mm/s,2025-02-02 15:23:00
E004728,RIG_02,SEN_06,temperature,92.19,C,2025-02-02 15:23:30
E004729,RIG_06,SEN_18,vibration,6.44,mm/s,2025-02-02 15:24:00
E004730,RIG_01,SEN_08,temperature,92.44,C,2025-02-02 15:24:30
E004731,RIG_06,SEN_10,vibration,3.22,mm/s,2025-02-02 15:25:00
E004732,RIG_04,SEN_17,flow,132.74,l/min,2025-02-02 15:25:30
E004733,RIG_10,SEN_01,flow,121.38,l/min,2025-02-02 15:26:00
E004734,RIG_07,SEN_08,flow,130.93,l/min,2025-02-02 15:26:30
E004735,RIG_10,SEN_01,pressure,2697.86,psi,2025-02-02 15:27:00
E004736,RIG_10,SEN_11,temperature,85.23,C,2025-02-02 15:27:30
E004737,RIG_01,SEN_14,temperature,83.36,C,2025-02-02 15:28:00
E004738,RIG_02,SEN_07,flow,206.64,l/min,2025-02-02 15:28:30
E004739,RIG_03,SEN_18,pressure,3174.69,psi,2025-02-02 15:29:00
E004740,RIG_04,SEN_11,flow,134.55,l/min,2025-02-02 15:29:30
E004741,RIG_10,SEN_19,flow,118.67,l/min,2025-02-02 15:30:00
E004742,RIG_04,SEN_03,pressure,3324.57,psi,2025-02-02 15:30:30
E004743,RIG_05,SEN_02,temperature,80.48,C,2025-02-02 15:31:00
E004744,RIG_01,SEN_04,pressure,2860.85,psi,2025-02-02 15:31:30
E004745,RIG_10,SEN_13,vibration,5.46,mm/s,2025-02-02 15:32:00
E004746,RIG_08,SEN_09,flow,113.37,l/min,2025-02-02 15:32:30
E004747,RIG_06,SEN_07,flow,123.14,l/min,2025-02-02 15:33:00
E004748,RIG_03,SEN_07,temperature,93.93,C,2025-02-02 15:33:30
E004749,RIG_04,SEN_13,temperature,87.28,C,2025-02-02 15:34:00
E004750,RIG_01,SEN_19,temperature,84.06,C,2025-02-02 15:34:30
E004751,RIG_05,SEN_17,flow,119.22,l/min,2025-02-02 15:35:00
E004752,RIG_05,SEN_05,temperature,143.74,C,2025-02-02 15:35:30
E004753,RIG_04,SEN_12,temperature,89.96,C,2025-02-02 15:36:00
E004754,RIG_02,SEN_17,temperature,92.62,C,2025-02-02 15:36:30
E004755,RIG_02,SEN_13,temperature,88.31,C,2025-02-02 15:37:00
E004756,RIG_05,SEN_09,flow,113.63,l/min,2025-02-02 15:37:30
E004757,RIG_08,SEN_19,flow,145.77,l/min,2025-02-02 15:38:00
E004758,RIG_07,SEN_04,pressure,3235.12,psi,2025-02-02 15:38:30
E004759,RIG_01,SEN_01,flow,110.13,l/min,2025-02-02 15:39:00
E004760,RIG_06,SEN_17,temperature,97.87,C,2025-02-02 15:39:30
E004761,RIG_07,SEN_15,pressure,2622.53,psi,2025-02-02 15:40:00
E004762,RIG_06,SEN_02,temperature,88.7,C,2025-02-02 15:40:30
E004763,RIG_05,SEN_06,pressure,2723.72,psi,2025-02-02 15:41:00
E004764,RIG_02,SEN_06,flow,139.49,l/min,2025-02-02 15:41:30
E004765,RIG_05,SEN_18,pressure,2597.94,psi,2025-02-02 15:42:00
E004766,RIG_10,SEN_17,pressure,2533.35,psi,2025-02-02 15:42:30
E004767,RIG_01,SEN_17,temperature,87.07,C,2025-02-02 15:43:00
E004768,RIG_10,SEN_18,flow,124.04,l/min,2025-02-02 15:43:30
E004769,RIG_05,SEN_16,vibration,6.1,mm/s,2025-02-02 15:44:00
E004770,RIG_01,SEN_14,vibration,4.2,mm/s,2025-02-02 15:44:30
E004771,RIG_03,SEN_04,vibration,6.78,mm/s,2025-02-02 15:45:00
E004772,RIG_09,SEN_12,flow,134.83,l/min,2025-02-02 15:45:30
E004773,RIG_03,SEN_14,vibration,4.49,mm/s,2025-02-02 15:46:00
E004774,RIG_06,SEN_08,pressure,2903.91,psi,2025-02-02 15:46:30
E004775,RIG_02,SEN_03,pressure,2843.6,psi,2025-02-02 15:47:00
E004776,RIG_09,SEN_18,vibration,3.71,mm/s,2025-02-02 15:47:30
E004777,RIG_09,SEN_20,temperature,91.21,C,2025-02-02 15:48:00
E004778,RIG_08,SEN_02,pressure,2828.29,psi,2025-02-02 15:48:30
E004779,RIG_08,SEN_03,vibration,6.45,mm/s,2025-02-02 15:49:00
E004780,RIG_05,SEN_08,flow,137.22,l/min,2025-02-02 15:49:30
E004781,RIG_10,SEN_18,temperature,87.23,C,2025-02-02 15:50:00
E004782,RIG_07,SEN_20,vibration,3.25,mm/s,2025-02-02 15:50:30
E004783,RIG_09,SEN_12,temperature,94.69,C,2025-02-02 15:51:00
E004784,RIG_09,SEN_13,vibration,6.87,mm/s,2025-02-02 15:51:30
E004785,RIG_02,SEN_13,vibration,6.82,mm/s,2025-02-02 15:52:00
E004786,RIG_04,SEN_06,flow,147.1,l/min,2025-02-02 15:52:30
E004787,RIG_05,SEN_08,vibration,5.26,mm/s,2025-02-02 15:53:00
E004788,RIG_04,SEN_15,temperature,79.77,C,2025-02-02 15:53:30
E004789,RIG_01,SEN_06,temperature,91.91,C,2025-02-02 15:54:00
E004790,RIG_02,SEN_06,vibration,5.65,mm/s,2025-02-02 15:54:30
E004791,RIG_10,SEN_10,pressure,3383.31,psi,2025-02-02 15:55:00
E004792,RIG_09,SEN_14,temperature,80.71,C,2025-02-02 15:55:30
E004793,RIG_03,SEN_15,temperature,89.62,C,2025-02-02 15:56:00
E004794,RIG_01,SEN_03,flow,127.59,l/min,2025-02-02 15:56:30
E004795,RIG_10,SEN_05,flow,114.62,l/min,2025-02-02 15:57:00
E004796,RIG_01,SEN_15,flow,146.4,l/min,2025-02-02 15:57:30
E004797,RIG_07,SEN_09,flow,137.22,l/min,2025-02-02 15:58:00
E004798,RIG_02,SEN_05,temperature,81.7,C,2025-02-02 15:58:30
E004799,RIG_03,SEN_04,pressure,3062.32,psi,2025-02-02 15:59:00
E004800,RIG_04,SEN_20,flow,279.45,l/min,2025-02-02 15:59:30
E004801,RIG_06,SEN_20,pressure,3406.69,psi,2025-02-02 16:00:00
E004802,RIG_08,SEN_14,flow,138.88,l/min,2025-02-02 16:00:30
E004803,RIG_01,SEN_12,pressure,2561.26,psi,2025-02-02 16:01:00
E004804,RIG_05,SEN_14,temperature,82.27,C,2025-02-02 16:01:30
E004805,RIG_08,SEN_04,temperature,95.62,C,2025-02-02 16:02:00
E004806,RIG_03,SEN_10,vibration,5.95,mm/s,2025-02-02 16:02:30
E004807,RIG_01,SEN_16,temperature,85.1,C,2025-02-02 16:03:00
E004808,RIG_02,SEN_08,pressure,2985.56,psi,2025-02-02 16:03:30
E004809,RIG_09,SEN_17,flow,135.47,l/min,2025-02-02 16:04:00
E004810,RIG_03,SEN_20,pressure,2901.43,psi,2025-02-02 16:04:30
E004811,RIG_04,SEN_01,pressure,3342.23,psi,2025-02-02 16:05:00
E004812,RIG_06,SEN_17,flow,139.65,l/min,2025-02-02 16:05:30
E004813,RIG_10,SEN_10,vibration,3.34,mm/s,2025-02-02 16:06:00
E004814,RIG_08,SEN_16,vibration,4.96,mm/s,2025-02-02 16:06:30
E004815,RIG_06,SEN_02,flow,112.23,l/min,2025-02-02 16:07:00
E004816,RIG_02,SEN_12,flow,136.54,l/min,2025-02-02 16:07:30
E004817,RIG_02,SEN_12,vibration,5.11,mm/s,2025-02-02 16:08:00
E004818,RIG_09,SEN_09,flow,137.43,l/min,2025-02-02 16:08:30
E004819,RIG_08,SEN_20,vibration,2.99,mm/s,2025-02-02 16:09:00
E004820,RIG_10,SEN_03,vibration,6.62,mm/s,2025-02-02 16:09:30
E004821,RIG_06,SEN_17,flow,141.56,l/min,2025-02-02 16:10:00
E004822,RIG_08,SEN_16,pressure,2925.88,psi,2025-02-02 16:10:30
E004823,RIG_06,SEN_01,temperature,92.15,C,2025-02-02 16:11:00
E004824,RIG_02,SEN_03,temperature,86.69,C,2025-02-02 16:11:30
E004825,RIG_08,SEN_02,vibration,6.21,mm/s,2025-02-02 16:12:00
E004826,RIG_01,SEN_17,flow,124.19,l/min,2025-02-02 16:12:30
E004827,RIG_10,SEN_13,temperature,95.28,C,2025-02-02 16:13:00
E004828,RIG_05,SEN_11,pressure,2866.56,psi,2025-02-02 16:13:30
E004829,RIG_07,SEN_17,pressure,3230.44,psi,2025-02-02 16:14:00
E004830,RIG_07,SEN_10,pressure,2776.46,psi,2025-02-02 16:14:30
E004831,RIG_08,SEN_12,vibration,3.81,mm/s,2025-02-02 16:15:00
E004832,RIG_10,SEN_20,pressure,6451.02,psi,2025-02-02 16:15:30
E004833,RIG_09,SEN_18,vibration,4.54,mm/s,2025-02-02 16:16:00
E004834,RIG_05,SEN_07,vibration,5.96,mm/s,2025-02-02 16:16:30
E004835,RIG_04,SEN_04,flow,112.78,l/min,2025-02-02 16:17:00
E004836,RIG_07,SEN_20,pressure,2701.43,psi,2025-02-02 16:17:30
E004837,RIG_05,SEN_12,temperature,97.64,C,2025-02-02 16:18:00
E004838,RIG_01,SEN_02,flow,135.38,l/min,2025-02-02 16:18:30
E004839,RIG_07,SEN_09,vibration,6.37,mm/s,2025-02-02 16:19:00
E004840,RIG_08,SEN_07,flow,115.44,l/min,2025-02-02 16:19:30
E004841,RIG_09,SEN_03,flow,128.88,l/min,2025-02-02 16:20:00
E004842,RIG_09,SEN_06,temperature,82.22,C,2025-02-02 16:20:30
E004843,RIG_06,SEN_02,temperature,82.16,C,2025-02-02 16:21:00
E004844,RIG_02,SEN_16,temperature,93.49,C,2025-02-02 16:21:30
E004845,RIG_09,SEN_16,flow,130.27,l/min,2025-02-02 16:22:00
E004846,RIG_04,SEN_06,pressure,3053.13,psi,2025-02-02 16:22:30
E004847,RIG_08,SEN_01,temperature,87.17,C,2025-02-02 16:23:00
E004848,RIG_07,SEN_05,flow,118.5,l/min,2025-02-02 16:23:30
E004849,RIG_03,SEN_05,flow,109.84,l/min,2025-02-02 16:24:00
E004850,RIG_09,SEN_08,flow,128.98,l/min,2025-02-02 16:24:30
E004851,RIG_02,SEN_03,pressure,3108.86,psi,2025-02-02 16:25:00
E004852,RIG_03,SEN_13,pressure,2561.35,psi,2025-02-02 16:25:30
E004853,RIG_04,SEN_16,temperature,95.03,C,2025-02-02 16:26:00
E004854,RIG_04,SEN_02,temperature,90.93,C,2025-02-02 16:26:30
E004855,RIG_08,SEN_04,flow,117.05,l/min,2025-02-02 16:27:00
E004856,RIG_03,SEN_14,temperature,95.4,C,2025-02-02 16:27:30
E004857,RIG_09,SEN_01,vibration,7.26,mm/s,2025-02-02 16:28:00
E004858,RIG_06,SEN_19,flow,134.35,l/min,2025-02-02 16:28:30
E004859,RIG_04,SEN_07,temperature,98.43,C,2025-02-02 16:29:00
E004860,RIG_03,SEN_13,pressure,2978.65,psi,2025-02-02 16:29:30
E004861,RIG_10,SEN_04,temperature,95.86,C,2025-02-02 16:30:00
E004862,RIG_05,SEN_02,temperature,95.71,C,2025-02-02 16:30:30
E004863,RIG_03,SEN_01,pressure,3279.56,psi,2025-02-02 16:31:00
E004864,RIG_07,SEN_12,flow,293.25,l/min,2025-02-02 16:31:30
E004865,RIG_01,SEN_15,vibration,3.1,mm/s,2025-02-02 16:32:00
E004866,RIG_09,SEN_10,flow,129.73,l/min,2025-02-02 16:32:30
E004867,RIG_04,SEN_16,pressure,2865.18,psi,2025-02-02 16:33:00
E004868,RIG_03,SEN_07,vibration,4.94,mm/s,2025-02-02 16:33:30
E004869,RIG_04,SEN_20,vibration,3.35,mm/s,2025-02-02 16:34:00
E004870,RIG_09,SEN_05,pressure,3460.92,psi,2025-02-02 16:34:30
E004871,RIG_04,SEN_02,temperature,86.59,C,2025-02-02 16:35:00
E004872,RIG_04,SEN_11,flow,127.1,l/min,2025-02-02 16:35:30
E004873,RIG_01,SEN_12,pressure,2833.22,psi,2025-02-02 16:36:00
E004874,RIG_02,SEN_01,flow,140.85,l/min,2025-02-02 16:36:30
E004875,RIG_03,SEN_04,temperature,81.82,C,2025-02-02 16:37:00
E004876,RIG_10,SEN_20,vibration,4.59,mm/s,2025-02-02 16:37:30
E004877,RIG_01,SEN_10,flow,122.18,l/min,2025-02-02 16:38:00
E004878,RIG_03,SEN_01,vibration,3.85,mm/s,2025-02-02 16:38:30
E004879,RIG_09,SEN_03,pressure,2801.31,psi,2025-02-02 16:39:00
E004880,RIG_03,SEN_17,vibration,4.0,mm/s,2025-02-02 16:39:30
E004881,RIG_04,SEN_04,flow,133.34,l/min,2025-02-02 16:40:00
E004882,RIG_04,SEN_18,vibration,5.56,mm/s,2025-02-02 16:40:30
E004883,RIG_05,SEN_12,flow,111.52,l/min,2025-02-02 16:41:00
E004884,RIG_10,SEN_20,flow,122.45,l/min,2025-02-02 16:41:30
E004885,RIG_09,SEN_14,flow,127.38,l/min,2025-02-02 16:42:00
E004886,RIG_09,SEN_06,temperature,96.57,C,2025-02-02 16:42:30
E004887,RIG_02,SEN_12,vibration,6.59,mm/s,2025-02-02 16:43:00
E004888,RIG_02,SEN_08,temperature,85.34,C,2025-02-02 16:43:30
E004889,RIG_03,SEN_12,pressure,2627.48,psi,2025-02-02 16:44:00
E004890,RIG_10,SEN_11,temperature,83.91,C,2025-02-02 16:44:30
E004891,RIG_01,SEN_06,flow,114.67,l/min,2025-02-02 16:45:00
E004892,RIG_07,SEN_16,flow,142.59,l/min,2025-02-02 16:45:30
E004893,RIG_05,SEN_05,vibration,6.78,mm/s,2025-02-02 16:46:00
E004894,RIG_08,SEN_06,vibration,5.55,mm/s,2025-02-02 16:46:30
E004895,RIG_01,SEN_17,pressure,2520.55,psi,2025-02-02 16:47:00
E004896,RIG_08,SEN_03,temperature,86.74,C,2025-02-02 16:47:30
E004897,RIG_05,SEN_05,temperature,81.95,C,2025-02-02 16:48:00
E004898,RIG_01,SEN_13,pressure,2801.25,psi,2025-02-02 16:48:30
E004899,RIG_05,SEN_15,flow,123.45,l/min,2025-02-02 16:49:00
E004900,RIG_03,SEN_08,vibration,4.37,mm/s,2025-02-02 16:49:30
E004901,RIG_10,SEN_18,temperature,95.58,C,2025-02-02 16:50:00
E004902,RIG_04,SEN_12,pressure,3419.58,psi,2025-02-02 16:50:30
E004903,RIG_04,SEN_18,vibration,3.57,mm/s,2025-02-02 16:51:00
E004904,RIG_02,SEN_10,vibration,5.22,mm/s,2025-02-02 16:51:30
E004905,RIG_03,SEN_17,pressure,3134.01,psi,2025-02-02 16:52:00
E004906,RIG_04,SEN_09,pressure,3202.94,psi,2025-02-02 16:52:30
E004907,RIG_02,SEN_18,temperature,97.84,C,2025-02-02 16:53:00
E004908,RIG_09,SEN_12,temperature,88.1,C,2025-02-02 16:53:30
E004909,RIG_04,SEN_17,vibration,6.7,mm/s,2025-02-02 16:54:00
E004910,RIG_04,SEN_14,pressure,2946.48,psi,2025-02-02 16:54:30
E004911,RIG_07,SEN_17,pressure,2797.82,psi,2025-02-02 16:55:00
E004912,RIG_08,SEN_17,vibration,5.3,mm/s,2025-02-02 16:55:30
E004913,RIG_10,SEN_16,temperature,80.06,C,2025-02-02 16:56:00
E004914,RIG_10,SEN_16,vibration,5.13,mm/s,2025-02-02 16:56:30
E004915,RIG_04,SEN_01,flow,117.24,l/min,2025-02-02 16:57:00
E004916,RIG_09,SEN_08,pressure,3270.64,psi,2025-02-02 16:57:30
E004917,RIG_05,SEN_17,pressure,2673.25,psi,2025-02-02 16:58:00
E004918,RIG_08,SEN_04,vibration,4.64,mm/s,2025-02-02 16:58:30
E004919,RIG_10,SEN_10,flow,126.79,l/min,2025-02-02 16:59:00
E004920,RIG_05,SEN_19,pressure,2690.49,psi,2025-02-02 16:59:30
E004921,RIG_03,SEN_20,flow,129.58,l/min,2025-02-02 17:00:00
E004922,RIG_06,SEN_03,flow,126.83,l/min,2025-02-02 17:00:30
E004923,RIG_07,SEN_15,temperature,82.69,C,2025-02-02 17:01:00
E004924,RIG_09,SEN_16,vibration,6.52,mm/s,2025-02-02 17:01:30
E004925,RIG_06,SEN_07,vibration,4.11,mm/s,2025-02-02 17:02:00
E004926,RIG_08,SEN_01,pressure,3066.68,psi,2025-02-02 17:02:30
E004927,RIG_05,SEN_16,flow,147.52,l/min,2025-02-02 17:03:00
E004928,RIG_08,SEN_03,temperature,85.07,C,2025-02-02 17:03:30
E004929,RIG_03,SEN_20,pressure,3270.07,psi,2025-02-02 17:04:00
E004930,RIG_09,SEN_04,vibration,9.57,mm/s,2025-02-02 17:04:30
E004931,RIG_06,SEN_11,pressure,2545.07,psi,2025-02-02 17:05:00
E004932,RIG_01,SEN_04,temperature,85.7,C,2025-02-02 17:05:30
E004933,RIG_05,SEN_04,temperature,87.51,C,2025-02-02 17:06:00
E004934,RIG_02,SEN_14,flow,129.84,l/min,2025-02-02 17:06:30
E004935,RIG_04,SEN_03,pressure,2599.08,psi,2025-02-02 17:07:00
E004936,RIG_05,SEN_07,flow,143.18,l/min,2025-02-02 17:07:30
E004937,RIG_08,SEN_14,temperature,99.6,C,2025-02-02 17:08:00
E004938,RIG_06,SEN_08,pressure,3274.72,psi,2025-02-02 17:08:30
E004939,RIG_07,SEN_03,vibration,3.53,mm/s,2025-02-02 17:09:00
E004940,RIG_05,SEN_19,temperature,88.87,C,2025-02-02 17:09:30
E004941,RIG_04,SEN_08,vibration,4.73,mm/s,2025-02-02 17:10:00
E004942,RIG_03,SEN_17,vibration,6.53,mm/s,2025-02-02 17:10:30
E004943,RIG_05,SEN_11,vibration,7.57,mm/s,2025-02-02 17:11:00
E004944,RIG_09,SEN_20,pressure,2717.57,psi,2025-02-02 17:11:30
E004945,RIG_03,SEN_01,temperature,93.79,C,2025-02-02 17:12:00
E004946,RIG_07,SEN_03,vibration,3.0,mm/s,2025-02-02 17:12:30
E004947,RIG_09,SEN_09,pressure,3254.78,psi,2025-02-02 17:13:00
E004948,RIG_01,SEN_13,vibration,5.33,mm/s,2025-02-02 17:13:30
E004949,RIG_01,SEN_12,pressure,3098.7,psi,2025-02-02 17:14:00
E004950,RIG_06,SEN_11,vibration,9.39,mm/s,2025-02-02 17:14:30
E004951,RIG_06,SEN_01,flow,116.41,l/min,2025-02-02 17:15:00
E004952,RIG_08,SEN_12,pressure,2763.2,psi,2025-02-02 17:15:30
E004953,RIG_02,SEN_06,temperature,81.85,C,2025-02-02 17:16:00
E004954,RIG_01,SEN_06,temperature,89.71,C,2025-02-02 17:16:30
E004955,RIG_09,SEN_04,flow,116.68,l/min,2025-02-02 17:17:00
E004956,RIG_03,SEN_20,temperature,97.52,C,2025-02-02 17:17:30
E004957,RIG_07,SEN_12,temperature,93.95,C,2025-02-02 17:18:00
E004958,RIG_03,SEN_04,vibration,5.58,mm/s,2025-02-02 17:18:30
E004959,RIG_05,SEN_11,vibration,6.94,mm/s,2025-02-02 17:19:00
E004960,RIG_10,SEN_13,pressure,3356.31,psi,2025-02-02 17:19:30
E004961,RIG_05,SEN_15,vibration,4.76,mm/s,2025-02-02 17:20:00
E004962,RIG_02,SEN_15,vibration,3.03,mm/s,2025-02-02 17:20:30
E004963,RIG_04,SEN_04,flow,131.76,l/min,2025-02-02 17:21:00
E004964,RIG_07,SEN_19,vibration,3.61,mm/s,2025-02-02 17:21:30
E004965,RIG_09,SEN_14,pressure,2604.38,psi,2025-02-02 17:22:00
E004966,RIG_01,SEN_19,flow,135.04,l/min,2025-02-02 17:22:30
E004967,RIG_08,SEN_19,flow,126.12,l/min,2025-02-02 17:23:00
E004968,RIG_07,SEN_18,pressure,3358.45,psi,2025-02-02 17:23:30
E004969,RIG_06,SEN_12,vibration,5.1,mm/s,2025-02-02 17:24:00
E004970,RIG_02,SEN_17,flow,119.22,l/min,2025-02-02 17:24:30
E004971,RIG_04,SEN_07,temperature,95.62,C,2025-02-02 17:25:00
E004972,RIG_02,SEN_09,pressure,3407.54,psi,2025-02-02 17:25:30
E004973,RIG_04,SEN_18,pressure,3440.36,psi,2025-02-02 17:26:00
E004974,RIG_10,SEN_04,pressure,3124.9,psi,2025-02-02 17:26:30
E004975,RIG_06,SEN_04,temperature,89.87,C,2025-02-02 17:27:00
E004976,RIG_05,SEN_02,pressure,3297.05,psi,2025-02-02 17:27:30
E004977,RIG_01,SEN_03,flow,134.47,l/min,2025-02-02 17:28:00
E004978,RIG_08,SEN_10,vibration,6.95,mm/s,2025-02-02 17:28:30
E004979,RIG_05,SEN_05,pressure,2744.23,psi,2025-02-02 17:29:00
E004980,RIG_01,SEN_14,temperature,89.31,C,2025-02-02 17:29:30
E004981,RIG_10,SEN_15,vibration,6.44,mm/s,2025-02-02 17:30:00
E004982,RIG_05,SEN_05,temperature,99.62,C,2025-02-02 17:30:30
E004983,RIG_10,SEN_06,vibration,4.35,mm/s,2025-02-02 17:31:00
E004984,RIG_04,SEN_04,pressure,2672.44,psi,2025-02-02 17:31:30
E004985,RIG_04,SEN_13,vibration,6.52,mm/s,2025-02-02 17:32:00
E004986,RIG_09,SEN_07,flow,115.25,l/min,2025-02-02 17:32:30
E004987,RIG_05,SEN_13,pressure,3325.08,psi,2025-02-02 17:33:00
E004988,RIG_05,SEN_08,temperature,80.14,C,2025-02-02 17:33:30
E004989,RIG_09,SEN_05,vibration,3.97,mm/s,2025-02-02 17:34:00
E004990,RIG_01,SEN_03,pressure,3305.77,psi,2025-02-02 17:34:30
E004991,RIG_10,SEN_10,flow,141.26,l/min,2025-02-02 17:35:00
E004992,RIG_05,SEN_20,pressure,4659.63,psi,2025-02-02 17:35:30
E004993,RIG_07,SEN_15,temperature,98.22,C,2025-02-02 17:36:00
E004994,RIG_02,SEN_01,temperature,91.13,C,2025-02-02 17:36:30
E004995,RIG_05,SEN_13,vibration,4.46,mm/s,2025-02-02 17:37:00
E004996,RIG_03,SEN_11,vibration,4.23,mm/s,2025-02-02 17:37:30
E004997,RIG_04,SEN_02,temperature,174.29,C,2025-02-02 17:38:00
E004998,RIG_05,SEN_20,flow,142.21,l/min,2025-02-02 17:38:30
E004999,RIG_09,SEN_17,temperature,90.06,C,2025-02-02 17:39:00
E005000,RIG_03,SEN_08,vibration,3.28,mm/s,2025-02-02 17:39:30
